current_density,density_change,occupancy,capacity,average_speed_multiplier,scenario_crowd_size,arrival_rate,future_density_5step,is_critical_risk
3.14,0.0,449.0,143.0,0.2,18866,89.7015326034401,15.699,1
2.185,0.0,448.0,205.0,0.2,18866,89.7015326034401,13.112,1
0.0,0.0,0.0,66.0,1.0,18866,89.7015326034401,6.803,1
0.0,0.0,0.0,175.0,1.0,18866,89.7015326034401,0.0,0
0.0,0.0,0.0,270.0,1.0,18866,89.7015326034401,0.0,0
0.0,0.0,0.0,206.0,1.0,18866,89.7015326034401,0.0,0
0.0,0.0,0.0,1000.0,1.0,18866,89.7015326034401,0.0,0
6.28,3.14,898.0,143.0,0.2,18866,89.7015326034401,15.699,1
4.371,2.186,896.0,205.0,0.2,18866,89.7015326034401,13.834,1
0.0,0.0,0.0,66.0,1.0,18866,89.7015326034401,18.152,1
0.0,0.0,0.0,175.0,1.0,18866,89.7015326034401,0.0,0
0.0,0.0,0.0,270.0,1.0,18866,89.7015326034401,0.0,0
0.0,0.0,0.0,206.0,1.0,18866,89.7015326034401,0.0,0
0.0,0.0,0.0,1000.0,1.0,18866,89.7015326034401,0.0,0
9.42,3.14,1347.0,143.0,0.2,18866,89.7015326034401,15.699,1
6.556,2.185,1344.0,205.0,0.2,18866,89.7015326034401,14.556,1
0.0,0.0,0.0,66.0,1.0,18866,89.7015326034401,29.5,1
0.0,0.0,0.0,175.0,1.0,18866,89.7015326034401,0.0,0
0.0,0.0,0.0,270.0,1.0,18866,89.7015326034401,0.0,0
0.0,0.0,0.0,206.0,1.0,18866,89.7015326034401,0.0,0
0.0,0.0,0.0,1000.0,1.0,18866,89.7015326034401,0.0,0
12.559,3.139,1796.0,143.0,0.2,18866,89.7015326034401,15.699,1
8.741,2.185,1792.0,205.0,0.2,18866,89.7015326034401,15.278,1
0.0,0.0,0.0,66.0,1.0,18866,89.7015326034401,40.848,1
0.0,0.0,0.0,175.0,1.0,18866,89.7015326034401,0.0,0
0.0,0.0,0.0,270.0,1.0,18866,89.7015326034401,0.0,0
0.0,0.0,0.0,206.0,1.0,18866,89.7015326034401,0.0,0
0.0,0.0,0.0,1000.0,1.0,18866,89.7015326034401,0.0,0
15.699,3.14,2245.0,143.0,0.2,18866,89.7015326034401,15.699,1
10.927,2.186,2240.0,205.0,0.2,18866,89.7015326034401,16.0,1
0.0,0.0,0.0,66.0,1.0,18866,89.7015326034401,52.197,1
0.0,0.0,0.0,175.0,1.0,18866,89.7015326034401,0.0,0
0.0,0.0,0.0,270.0,1.0,18866,89.7015326034401,0.0,0
0.0,0.0,0.0,206.0,1.0,18866,89.7015326034401,0.0,0
0.0,0.0,0.0,1000.0,1.0,18866,89.7015326034401,0.0,0
15.699,0.0,2245.0,143.0,0.2,18866,89.7015326034401,15.699,1
13.112,2.185,2688.0,205.0,0.2,18866,89.7015326034401,16.722,1
6.803,6.803,449.0,66.0,0.2,18866,89.7015326034401,56.742,1
0.0,0.0,0.0,175.0,1.0,18866,89.7015326034401,2.566,1
0.0,0.0,0.0,270.0,1.0,18866,89.7015326034401,0.0,0
0.0,0.0,0.0,206.0,1.0,18866,89.7015326034401,0.0,0
0.0,0.0,0.0,1000.0,1.0,18866,89.7015326034401,0.0,0
15.699,0.0,2245.0,143.0,0.2,18866,89.7015326034401,15.699,1
13.834,0.722,2836.0,205.0,0.2,18866,89.7015326034401,17.444,1
18.152,11.349,1198.0,66.0,0.2,18866,89.7015326034401,57.788,1
0.0,0.0,0.0,175.0,1.0,18866,89.7015326034401,6.451,1
0.0,0.0,0.0,270.0,1.0,18866,89.7015326034401,0.0,0
0.0,0.0,0.0,206.0,1.0,18866,89.7015326034401,0.0,0
0.0,0.0,0.0,1000.0,1.0,18866,89.7015326034401,0.0,0
15.699,0.0,2245.0,143.0,0.2,18866,89.7015326034401,15.699,1
14.556,0.722,2984.0,205.0,0.2,18866,89.7015326034401,18.166,1
29.5,11.348,1947.0,66.0,0.2,18866,89.7015326034401,58.833,1
0.0,0.0,0.0,175.0,1.0,18866,89.7015326034401,10.337,1
0.0,0.0,0.0,270.0,1.0,18866,89.7015326034401,0.0,0
0.0,0.0,0.0,206.0,1.0,18866,89.7015326034401,0.0,0
0.0,0.0,0.0,1000.0,1.0,18866,89.7015326034401,0.0,0
15.699,0.0,2245.0,143.0,0.2,18866,89.7015326034401,15.699,1
15.278,0.722,3132.0,205.0,0.2,18866,89.7015326034401,18.888,1
40.848,11.348,2696.0,66.0,0.2,18866,89.7015326034401,59.879,1
0.0,0.0,0.0,175.0,1.0,18866,89.7015326034401,14.223,1
0.0,0.0,0.0,270.0,1.0,18866,89.7015326034401,0.0,0
0.0,0.0,0.0,206.0,1.0,18866,89.7015326034401,0.0,0
0.0,0.0,0.0,1000.0,1.0,18866,89.7015326034401,0.0,0
15.699,0.0,2245.0,143.0,0.2,18866,89.7015326034401,15.699,1
16.0,0.722,3280.0,205.0,0.2,18866,89.7015326034401,19.61,1
52.197,11.349,3445.0,66.0,0.2,18866,89.7015326034401,60.924,1
0.0,0.0,0.0,175.0,1.0,18866,89.7015326034401,18.109,1
0.0,0.0,0.0,270.0,1.0,18866,89.7015326034401,0.0,0
0.0,0.0,0.0,206.0,1.0,18866,89.7015326034401,0.0,0
0.0,0.0,0.0,1000.0,1.0,18866,89.7015326034401,0.0,0
15.699,0.0,2245.0,143.0,0.2,18866,89.7015326034401,15.699,1
16.722,0.722,3428.0,205.0,0.2,18866,89.7015326034401,20.332,1
56.742,4.545,3745.0,66.0,0.2,18866,89.7015326034401,61.97,1
2.566,2.566,449.0,175.0,0.2,18866,89.7015326034401,19.429,1
0.0,0.0,0.0,270.0,1.0,18866,89.7015326034401,1.663,1
0.0,0.0,0.0,206.0,1.0,18866,89.7015326034401,0.0,0
0.0,0.0,0.0,1000.0,1.0,18866,89.7015326034401,0.0,0
15.699,0.0,2245.0,143.0,0.2,18866,89.7015326034401,15.699,1
17.444,0.722,3576.0,205.0,0.2,18866,89.7015326034401,21.054,1
57.788,1.046,3814.0,66.0,0.2,18866,89.7015326034401,63.015,1
6.451,3.885,1129.0,175.0,0.2,18866,89.7015326034401,20.571,1
0.0,0.0,0.0,270.0,1.0,18866,89.7015326034401,3.441,1
0.0,0.0,0.0,206.0,1.0,18866,89.7015326034401,0.0,0
0.0,0.0,0.0,1000.0,1.0,18866,89.7015326034401,0.0,0
15.699,0.0,2245.0,143.0,0.2,18866,89.7015326034401,15.699,1
18.166,0.722,3724.0,205.0,0.2,18866,89.7015326034401,21.776,1
58.833,1.045,3883.0,66.0,0.2,18866,89.7015326034401,64.061,1
10.337,3.886,1809.0,175.0,0.2,18866,89.7015326034401,21.714,1
0.0,0.0,0.0,270.0,1.0,18866,89.7015326034401,5.219,1
0.0,0.0,0.0,206.0,1.0,18866,89.7015326034401,0.0,0
0.0,0.0,0.0,1000.0,1.0,18866,89.7015326034401,0.0,0
15.699,0.0,2245.0,143.0,0.2,18866,89.7015326034401,15.699,1
18.888,0.722,3872.0,205.0,0.2,18866,89.7015326034401,22.498,1
59.879,1.046,3952.0,66.0,0.2,18866,89.7015326034401,65.106,1
14.223,3.886,2489.0,175.0,0.2,18866,89.7015326034401,22.857,1
0.0,0.0,0.0,270.0,1.0,18866,89.7015326034401,6.996,1
0.0,0.0,0.0,206.0,1.0,18866,89.7015326034401,0.0,0
0.0,0.0,0.0,1000.0,1.0,18866,89.7015326034401,0.0,0
15.699,0.0,2245.0,143.0,0.2,18866,89.7015326034401,15.699,1
19.61,0.722,4020.0,205.0,0.2,18866,89.7015326034401,23.22,1
60.924,1.045,4021.0,66.0,0.2,18866,89.7015326034401,66.152,1
18.109,3.886,3169.0,175.0,0.2,18866,89.7015326034401,24.0,1
0.0,0.0,0.0,270.0,1.0,18866,89.7015326034401,8.774,1
0.0,0.0,0.0,206.0,1.0,18866,89.7015326034401,0.0,0
0.0,0.0,0.0,1000.0,1.0,18866,89.7015326034401,0.0,0
15.699,0.0,2245.0,143.0,0.2,18866,89.7015326034401,15.699,1
20.332,0.722,4168.0,205.0,0.2,18866,89.7015326034401,23.22,1
61.97,1.046,4090.0,66.0,0.2,18866,89.7015326034401,66.152,1
19.429,1.32,3400.0,175.0,0.2,18866,89.7015326034401,24.0,1
1.663,1.663,449.0,270.0,0.2,18866,89.7015326034401,8.774,1
0.0,0.0,0.0,206.0,1.0,18866,89.7015326034401,0.0,0
0.0,0.0,0.0,1000.0,1.0,18866,89.7015326034401,0.0,0
15.699,0.0,2245.0,143.0,0.2,18866,89.7015326034401,15.699,1
21.054,0.722,4316.0,205.0,0.2,18866,89.7015326034401,23.22,1
63.015,1.045,4159.0,66.0,0.2,18866,89.7015326034401,66.152,1
20.571,1.142,3600.0,175.0,0.2,18866,89.7015326034401,24.0,1
3.441,1.778,929.0,270.0,0.2,18866,89.7015326034401,8.774,1
0.0,0.0,0.0,206.0,1.0,18866,89.7015326034401,0.0,0
0.0,0.0,0.0,1000.0,1.0,18866,89.7015326034401,0.0,0
15.699,0.0,2245.0,143.0,0.2,18866,89.7015326034401,15.699,1
21.776,0.722,4464.0,205.0,0.2,18866,89.7015326034401,23.22,1
64.061,1.046,4228.0,66.0,0.2,18866,89.7015326034401,66.152,1
21.714,1.143,3800.0,175.0,0.2,18866,89.7015326034401,24.0,1
5.219,1.778,1409.0,270.0,0.2,18866,89.7015326034401,8.774,1
0.0,0.0,0.0,206.0,1.0,18866,89.7015326034401,0.0,0
0.0,0.0,0.0,1000.0,1.0,18866,89.7015326034401,0.0,0
15.699,0.0,2245.0,143.0,0.2,18866,89.7015326034401,15.699,1
22.498,0.722,4612.0,205.0,0.2,18866,89.7015326034401,23.22,1
65.106,1.045,4297.0,66.0,0.2,18866,89.7015326034401,66.152,1
22.857,1.143,4000.0,175.0,0.2,18866,89.7015326034401,24.0,1
6.996,1.777,1889.0,270.0,0.2,18866,89.7015326034401,8.774,1
0.0,0.0,0.0,206.0,1.0,18866,89.7015326034401,0.0,0
0.0,0.0,0.0,1000.0,1.0,18866,89.7015326034401,0.0,0
15.699,0.0,2245.0,143.0,0.2,18866,89.7015326034401,15.699,1
23.22,0.722,4760.0,205.0,0.2,18866,89.7015326034401,23.22,1
66.152,1.046,4366.0,66.0,0.2,18866,89.7015326034401,66.152,1
24.0,1.143,4200.0,175.0,0.2,18866,89.7015326034401,24.0,1
8.774,1.778,2369.0,270.0,0.2,18866,89.7015326034401,8.774,1
0.0,0.0,0.0,206.0,1.0,18866,89.7015326034401,0.0,0
0.0,0.0,0.0,1000.0,1.0,18866,89.7015326034401,0.0,0
0.747,0.0,189.0,253.0,0.5,10973,37.763350260575315,3.735,1
0.883,0.0,188.0,213.0,0.2,10973,37.763350260575315,5.296,1
0.0,0.0,0.0,254.0,1.0,10973,37.763350260575315,0.0,0
0.0,0.0,0.0,233.0,1.0,10973,37.763350260575315,0.811,0
0.0,0.0,0.0,196.0,1.0,10973,37.763350260575315,0.0,0
0.0,0.0,0.0,219.0,1.0,10973,37.763350260575315,0.0,0
0.0,0.0,0.0,1000.0,1.0,10973,37.763350260575315,0.0,0
1.494,0.747,378.0,253.0,0.2,10973,37.763350260575315,3.735,1
1.765,0.882,376.0,213.0,0.2,10973,37.763350260575315,5.296,1
0.0,0.0,0.0,254.0,1.0,10973,37.763350260575315,1.484,1
0.0,0.0,0.0,233.0,1.0,10973,37.763350260575315,0.811,0
0.0,0.0,0.0,196.0,1.0,10973,37.763350260575315,0.0,0
0.0,0.0,0.0,219.0,1.0,10973,37.763350260575315,0.0,0
0.0,0.0,0.0,1000.0,1.0,10973,37.763350260575315,0.0,0
2.241,0.747,567.0,253.0,0.2,10973,37.763350260575315,3.735,1
2.648,0.883,564.0,213.0,0.2,10973,37.763350260575315,5.296,1
0.0,0.0,0.0,254.0,1.0,10973,37.763350260575315,2.969,1
0.0,0.0,0.0,233.0,1.0,10973,37.763350260575315,0.0,0
0.0,0.0,0.0,196.0,1.0,10973,37.763350260575315,0.964,1
0.0,0.0,0.0,219.0,1.0,10973,37.763350260575315,0.0,0
0.0,0.0,0.0,1000.0,1.0,10973,37.763350260575315,0.0,0
2.241,0.0,567.0,253.0,0.2,10973,37.763350260575315,3.735,1
3.531,0.883,752.0,213.0,0.2,10973,37.763350260575315,5.296,1
0.744,0.744,189.0,254.0,0.5,10973,37.763350260575315,4.453,1
0.0,0.0,0.0,233.0,1.0,10973,37.763350260575315,0.0,0
0.0,0.0,0.0,196.0,1.0,10973,37.763350260575315,0.964,1
0.0,0.0,0.0,219.0,1.0,10973,37.763350260575315,0.0,0
0.0,0.0,0.0,1000.0,1.0,10973,37.763350260575315,0.0,0
2.988,0.747,756.0,253.0,0.2,10973,37.763350260575315,3.735,1
4.413,0.882,940.0,213.0,0.2,10973,37.763350260575315,5.296,1
0.744,0.0,189.0,254.0,0.5,10973,37.763350260575315,5.937,1
0.0,0.0,0.0,233.0,1.0,10973,37.763350260575315,0.0,0
0.0,0.0,0.0,196.0,1.0,10973,37.763350260575315,0.964,1
0.0,0.0,0.0,219.0,1.0,10973,37.763350260575315,0.0,0
0.0,0.0,0.0,1000.0,1.0,10973,37.763350260575315,0.0,0
3.735,0.747,945.0,253.0,0.2,10973,37.763350260575315,3.735,1
5.296,0.883,1128.0,213.0,0.2,10973,37.763350260575315,5.296,1
0.0,-0.744,0.0,254.0,1.0,10973,37.763350260575315,7.421,1
0.811,0.811,189.0,233.0,0.5,10973,37.763350260575315,0.0,0
0.0,0.0,0.0,196.0,1.0,10973,37.763350260575315,0.964,1
0.0,0.0,0.0,219.0,1.0,10973,37.763350260575315,0.0,0
0.0,0.0,0.0,1000.0,1.0,10973,37.763350260575315,0.0,0
3.735,0.0,945.0,253.0,0.2,10973,37.763350260575315,3.735,1
5.296,0.0,1128.0,213.0,0.2,10973,37.763350260575315,5.296,1
1.484,1.484,377.0,254.0,0.2,10973,37.763350260575315,7.421,1
0.811,0.0,189.0,233.0,0.5,10973,37.763350260575315,1.618,1
0.0,0.0,0.0,196.0,1.0,10973,37.763350260575315,0.964,1
0.0,0.0,0.0,219.0,1.0,10973,37.763350260575315,0.0,0
0.0,0.0,0.0,1000.0,1.0,10973,37.763350260575315,0.0,0
3.735,0.0,945.0,253.0,0.2,10973,37.763350260575315,3.735,1
5.296,0.0,1128.0,213.0,0.2,10973,37.763350260575315,5.296,1
2.969,1.485,754.0,254.0,0.2,10973,37.763350260575315,7.421,1
0.0,-0.811,0.0,233.0,1.0,10973,37.763350260575315,3.236,1
0.964,0.964,189.0,196.0,0.2,10973,37.763350260575315,0.0,0
0.0,0.0,0.0,219.0,1.0,10973,37.763350260575315,0.863,1
0.0,0.0,0.0,1000.0,1.0,10973,37.763350260575315,0.0,0
3.735,0.0,945.0,253.0,0.2,10973,37.763350260575315,3.735,1
5.296,0.0,1128.0,213.0,0.2,10973,37.763350260575315,5.296,1
4.453,1.484,1131.0,254.0,0.2,10973,37.763350260575315,7.421,1
0.0,0.0,0.0,233.0,1.0,10973,37.763350260575315,4.854,1
0.964,0.0,189.0,196.0,0.2,10973,37.763350260575315,0.0,0
0.0,0.0,0.0,219.0,1.0,10973,37.763350260575315,0.863,1
0.0,0.0,0.0,1000.0,1.0,10973,37.763350260575315,0.0,0
3.735,0.0,945.0,253.0,0.2,10973,37.763350260575315,3.735,1
5.296,0.0,1128.0,213.0,0.2,10973,37.763350260575315,5.296,1
5.937,1.484,1508.0,254.0,0.2,10973,37.763350260575315,7.421,1
0.0,0.0,0.0,233.0,1.0,10973,37.763350260575315,6.472,1
0.964,0.0,189.0,196.0,0.2,10973,37.763350260575315,0.0,0
0.0,0.0,0.0,219.0,1.0,10973,37.763350260575315,0.863,1
0.0,0.0,0.0,1000.0,1.0,10973,37.763350260575315,0.0,0
3.735,0.0,945.0,253.0,0.2,10973,37.763350260575315,3.735,1
5.296,0.0,1128.0,213.0,0.2,10973,37.763350260575315,5.296,1
7.421,1.484,1885.0,254.0,0.2,10973,37.763350260575315,7.421,1
0.0,0.0,0.0,233.0,1.0,10973,37.763350260575315,8.09,1
0.964,0.0,189.0,196.0,0.2,10973,37.763350260575315,0.0,0
0.0,0.0,0.0,219.0,1.0,10973,37.763350260575315,0.863,1
0.0,0.0,0.0,1000.0,1.0,10973,37.763350260575315,0.0,0
3.735,0.0,945.0,253.0,0.2,10973,37.763350260575315,3.735,1
5.296,0.0,1128.0,213.0,0.2,10973,37.763350260575315,5.296,1
7.421,0.0,1885.0,254.0,0.2,10973,37.763350260575315,7.421,1
1.618,1.618,377.0,233.0,0.2,10973,37.763350260575315,8.335,1
0.964,0.0,189.0,196.0,0.2,10973,37.763350260575315,1.633,1
0.0,0.0,0.0,219.0,1.0,10973,37.763350260575315,0.863,1
0.0,0.0,0.0,1000.0,1.0,10973,37.763350260575315,0.0,0
3.735,0.0,945.0,253.0,0.2,10973,37.763350260575315,3.735,1
5.296,0.0,1128.0,213.0,0.2,10973,37.763350260575315,5.296,1
7.421,0.0,1885.0,254.0,0.2,10973,37.763350260575315,7.421,1
3.236,1.618,754.0,233.0,0.2,10973,37.763350260575315,8.579,1
0.0,-0.964,0.0,196.0,1.0,10973,37.763350260575315,3.265,1
0.863,0.863,189.0,219.0,0.2,10973,37.763350260575315,0.863,1
0.0,0.0,0.0,1000.0,1.0,10973,37.763350260575315,0.0,0
3.735,0.0,945.0,253.0,0.2,10973,37.763350260575315,3.735,1
5.296,0.0,1128.0,213.0,0.2,10973,37.763350260575315,5.296,1
7.421,0.0,1885.0,254.0,0.2,10973,37.763350260575315,7.421,1
4.854,1.618,1131.0,233.0,0.2,10973,37.763350260575315,8.824,1
0.0,0.0,0.0,196.0,1.0,10973,37.763350260575315,4.898,1
0.863,0.0,189.0,219.0,0.2,10973,37.763350260575315,0.0,0
0.0,0.0,0.0,1000.0,1.0,10973,37.763350260575315,0.189,0
3.735,0.0,945.0,253.0,0.2,10973,37.763350260575315,3.735,1
5.296,0.0,1128.0,213.0,0.2,10973,37.763350260575315,5.296,1
7.421,0.0,1885.0,254.0,0.2,10973,37.763350260575315,7.421,1
6.472,1.618,1508.0,233.0,0.2,10973,37.763350260575315,9.069,1
0.0,0.0,0.0,196.0,1.0,10973,37.763350260575315,6.531,1
0.863,0.0,189.0,219.0,0.2,10973,37.763350260575315,0.0,0
0.0,0.0,0.0,1000.0,1.0,10973,37.763350260575315,0.0,0
3.735,0.0,945.0,253.0,0.2,10973,37.763350260575315,3.735,1
5.296,0.0,1128.0,213.0,0.2,10973,37.763350260575315,5.296,1
7.421,0.0,1885.0,254.0,0.2,10973,37.763350260575315,7.421,1
8.09,1.618,1885.0,233.0,0.2,10973,37.763350260575315,9.069,1
0.0,0.0,0.0,196.0,1.0,10973,37.763350260575315,6.531,1
0.863,0.0,189.0,219.0,0.2,10973,37.763350260575315,0.0,0
0.0,0.0,0.0,1000.0,1.0,10973,37.763350260575315,0.0,0
3.735,0.0,945.0,253.0,0.2,10973,37.763350260575315,3.735,1
5.296,0.0,1128.0,213.0,0.2,10973,37.763350260575315,5.296,1
7.421,0.0,1885.0,254.0,0.2,10973,37.763350260575315,7.421,1
8.335,0.245,1942.0,233.0,0.2,10973,37.763350260575315,9.069,1
1.633,1.633,320.0,196.0,0.2,10973,37.763350260575315,6.531,1
0.863,0.0,189.0,219.0,0.2,10973,37.763350260575315,0.0,0
0.0,0.0,0.0,1000.0,1.0,10973,37.763350260575315,0.0,0
3.735,0.0,945.0,253.0,0.2,10973,37.763350260575315,3.735,1
5.296,0.0,1128.0,213.0,0.2,10973,37.763350260575315,5.296,1
7.421,0.0,1885.0,254.0,0.2,10973,37.763350260575315,7.421,1
8.579,0.244,1999.0,233.0,0.2,10973,37.763350260575315,9.069,1
3.265,1.632,640.0,196.0,0.2,10973,37.763350260575315,6.531,1
0.863,0.0,189.0,219.0,0.2,10973,37.763350260575315,0.0,0
0.0,0.0,0.0,1000.0,1.0,10973,37.763350260575315,0.0,0
3.735,0.0,945.0,253.0,0.2,10973,37.763350260575315,3.735,1
5.296,0.0,1128.0,213.0,0.2,10973,37.763350260575315,5.296,1
7.421,0.0,1885.0,254.0,0.2,10973,37.763350260575315,7.421,1
8.824,0.245,2056.0,233.0,0.2,10973,37.763350260575315,9.069,1
4.898,1.633,960.0,196.0,0.2,10973,37.763350260575315,6.531,1
0.0,-0.863,0.0,219.0,1.0,10973,37.763350260575315,0.0,0
0.189,0.189,189.0,1000.0,1.0,10973,37.763350260575315,0.0,0
3.735,0.0,945.0,253.0,0.2,10973,37.763350260575315,3.735,1
5.296,0.0,1128.0,213.0,0.2,10973,37.763350260575315,5.296,1
7.421,0.0,1885.0,254.0,0.2,10973,37.763350260575315,7.421,1
9.069,0.245,2113.0,233.0,0.2,10973,37.763350260575315,9.069,1
6.531,1.633,1280.0,196.0,0.2,10973,37.763350260575315,6.531,1
0.0,0.0,0.0,219.0,1.0,10973,37.763350260575315,0.0,0
0.0,-0.189,0.0,1000.0,1.0,10973,37.763350260575315,0.0,0
0.671,0.0,106.0,158.0,0.8,17506,21.206315741323635,3.354,1
0.299,0.0,106.0,354.0,1.0,17506,21.206315741323635,0.599,0
0.0,0.0,0.0,218.0,1.0,17506,21.206315741323635,2.431,1
0.0,0.0,0.0,201.0,1.0,17506,21.206315741323635,0.0,0
0.0,0.0,0.0,293.0,1.0,17506,21.206315741323635,0.0,0
0.0,0.0,0.0,92.0,1.0,17506,21.206315741323635,0.0,0
0.0,0.0,0.0,1000.0,1.0,17506,21.206315741323635,0.0,0
1.342,0.671,212.0,158.0,0.2,17506,21.206315741323635,3.354,1
0.599,0.3,212.0,354.0,0.8,17506,21.206315741323635,0.599,0
0.0,0.0,0.0,218.0,1.0,17506,21.206315741323635,3.404,1
0.0,0.0,0.0,201.0,1.0,17506,21.206315741323635,0.0,0
0.0,0.0,0.0,293.0,1.0,17506,21.206315741323635,0.0,0
0.0,0.0,0.0,92.0,1.0,17506,21.206315741323635,0.0,0
0.0,0.0,0.0,1000.0,1.0,17506,21.206315741323635,0.0,0
1.342,0.0,212.0,158.0,0.2,17506,21.206315741323635,3.354,1
0.599,0.0,212.0,354.0,0.8,17506,21.206315741323635,0.599,0
0.972,0.972,212.0,218.0,0.2,17506,21.206315741323635,3.404,1
0.0,0.0,0.0,201.0,1.0,17506,21.206315741323635,1.055,1
0.0,0.0,0.0,293.0,1.0,17506,21.206315741323635,0.0,0
0.0,0.0,0.0,92.0,1.0,17506,21.206315741323635,0.0,0
0.0,0.0,0.0,1000.0,1.0,17506,21.206315741323635,0.0,0
2.013,0.671,318.0,158.0,0.2,17506,21.206315741323635,3.354,1
0.599,0.0,212.0,354.0,0.8,17506,21.206315741323635,0.599,0
1.459,0.487,318.0,218.0,0.2,17506,21.206315741323635,3.89,1
0.0,0.0,0.0,201.0,1.0,17506,21.206315741323635,1.582,1
0.0,0.0,0.0,293.0,1.0,17506,21.206315741323635,0.0,0
0.0,0.0,0.0,92.0,1.0,17506,21.206315741323635,0.0,0
0.0,0.0,0.0,1000.0,1.0,17506,21.206315741323635,0.0,0
2.684,0.671,424.0,158.0,0.2,17506,21.206315741323635,3.354,1
0.599,0.0,212.0,354.0,0.8,17506,21.206315741323635,0.599,0
1.945,0.486,424.0,218.0,0.2,17506,21.206315741323635,4.376,1
0.0,0.0,0.0,201.0,1.0,17506,21.206315741323635,2.109,1
0.0,0.0,0.0,293.0,1.0,17506,21.206315741323635,0.0,0
0.0,0.0,0.0,92.0,1.0,17506,21.206315741323635,0.0,0
0.0,0.0,0.0,1000.0,1.0,17506,21.206315741323635,0.0,0
3.354,0.67,530.0,158.0,0.2,17506,21.206315741323635,3.354,1
0.599,0.0,212.0,354.0,0.8,17506,21.206315741323635,0.599,0
2.431,0.486,530.0,218.0,0.2,17506,21.206315741323635,4.862,1
0.0,0.0,0.0,201.0,1.0,17506,21.206315741323635,2.637,1
0.0,0.0,0.0,293.0,1.0,17506,21.206315741323635,0.0,0
0.0,0.0,0.0,92.0,1.0,17506,21.206315741323635,0.0,0
0.0,0.0,0.0,1000.0,1.0,17506,21.206315741323635,0.0,0
3.354,0.0,530.0,158.0,0.2,17506,21.206315741323635,3.354,1
0.599,0.0,212.0,354.0,0.8,17506,21.206315741323635,0.599,0
3.404,0.973,742.0,218.0,0.2,17506,21.206315741323635,4.862,1
0.0,0.0,0.0,201.0,1.0,17506,21.206315741323635,3.692,1
0.0,0.0,0.0,293.0,1.0,17506,21.206315741323635,0.0,0
0.0,0.0,0.0,92.0,1.0,17506,21.206315741323635,0.0,0
0.0,0.0,0.0,1000.0,1.0,17506,21.206315741323635,0.0,0
3.354,0.0,530.0,158.0,0.2,17506,21.206315741323635,3.354,1
0.599,0.0,212.0,354.0,0.8,17506,21.206315741323635,0.599,0
3.404,0.0,742.0,218.0,0.2,17506,21.206315741323635,4.862,1
1.055,1.055,212.0,201.0,0.2,17506,21.206315741323635,3.692,1
0.0,0.0,0.0,293.0,1.0,17506,21.206315741323635,0.724,0
0.0,0.0,0.0,92.0,1.0,17506,21.206315741323635,0.0,0
0.0,0.0,0.0,1000.0,1.0,17506,21.206315741323635,0.0,0
3.354,0.0,530.0,158.0,0.2,17506,21.206315741323635,3.354,1
0.599,0.0,212.0,354.0,0.8,17506,21.206315741323635,0.599,0
3.89,0.486,848.0,218.0,0.2,17506,21.206315741323635,4.862,1
1.582,0.527,318.0,201.0,0.2,17506,21.206315741323635,4.219,1
0.0,0.0,0.0,293.0,1.0,17506,21.206315741323635,1.085,1
0.0,0.0,0.0,92.0,1.0,17506,21.206315741323635,0.0,0
0.0,0.0,0.0,1000.0,1.0,17506,21.206315741323635,0.0,0
3.354,0.0,530.0,158.0,0.2,17506,21.206315741323635,3.354,1
0.599,0.0,212.0,354.0,0.8,17506,21.206315741323635,0.599,0
4.376,0.486,954.0,218.0,0.2,17506,21.206315741323635,4.862,1
2.109,0.527,424.0,201.0,0.2,17506,21.206315741323635,4.746,1
0.0,0.0,0.0,293.0,1.0,17506,21.206315741323635,1.447,1
0.0,0.0,0.0,92.0,1.0,17506,21.206315741323635,0.0,0
0.0,0.0,0.0,1000.0,1.0,17506,21.206315741323635,0.0,0
3.354,0.0,530.0,158.0,0.2,17506,21.206315741323635,3.354,1
0.599,0.0,212.0,354.0,0.8,17506,21.206315741323635,0.599,0
4.862,0.486,1060.0,218.0,0.2,17506,21.206315741323635,4.862,1
2.637,0.528,530.0,201.0,0.2,17506,21.206315741323635,5.274,1
0.0,0.0,0.0,293.0,1.0,17506,21.206315741323635,1.085,1
0.0,0.0,0.0,92.0,1.0,17506,21.206315741323635,2.304,1
0.0,0.0,0.0,1000.0,1.0,17506,21.206315741323635,0.0,0
3.354,0.0,530.0,158.0,0.2,17506,21.206315741323635,3.354,1
0.599,0.0,212.0,354.0,0.8,17506,21.206315741323635,0.599,0
4.862,0.0,1060.0,218.0,0.2,17506,21.206315741323635,4.862,1
3.692,1.055,742.0,201.0,0.2,17506,21.206315741323635,5.274,1
0.0,0.0,0.0,293.0,1.0,17506,21.206315741323635,1.809,1
0.0,0.0,0.0,92.0,1.0,17506,21.206315741323635,2.304,1
0.0,0.0,0.0,1000.0,1.0,17506,21.206315741323635,0.0,0
3.354,0.0,530.0,158.0,0.2,17506,21.206315741323635,3.354,1
0.599,0.0,212.0,354.0,0.8,17506,21.206315741323635,0.599,0
4.862,0.0,1060.0,218.0,0.2,17506,21.206315741323635,4.862,1
3.692,0.0,742.0,201.0,0.2,17506,21.206315741323635,5.274,1
0.724,0.724,212.0,293.0,0.5,17506,21.206315741323635,2.532,1
0.0,0.0,0.0,92.0,1.0,17506,21.206315741323635,2.304,1
0.0,0.0,0.0,1000.0,1.0,17506,21.206315741323635,0.0,0
3.354,0.0,530.0,158.0,0.2,17506,21.206315741323635,3.354,1
0.599,0.0,212.0,354.0,0.8,17506,21.206315741323635,0.599,0
4.862,0.0,1060.0,218.0,0.2,17506,21.206315741323635,4.862,1
4.219,0.527,848.0,201.0,0.2,17506,21.206315741323635,5.274,1
1.085,0.361,318.0,293.0,0.2,17506,21.206315741323635,2.894,1
0.0,0.0,0.0,92.0,1.0,17506,21.206315741323635,3.457,1
0.0,0.0,0.0,1000.0,1.0,17506,21.206315741323635,0.0,0
3.354,0.0,530.0,158.0,0.2,17506,21.206315741323635,3.354,1
0.599,0.0,212.0,354.0,0.8,17506,21.206315741323635,0.599,0
4.862,0.0,1060.0,218.0,0.2,17506,21.206315741323635,4.862,1
4.746,0.527,954.0,201.0,0.2,17506,21.206315741323635,5.274,1
1.447,0.362,424.0,293.0,0.2,17506,21.206315741323635,3.256,1
0.0,0.0,0.0,92.0,1.0,17506,21.206315741323635,4.609,1
0.0,0.0,0.0,1000.0,1.0,17506,21.206315741323635,0.0,0
3.354,0.0,530.0,158.0,0.2,17506,21.206315741323635,3.354,1
0.599,0.0,212.0,354.0,0.8,17506,21.206315741323635,0.599,0
4.862,0.0,1060.0,218.0,0.2,17506,21.206315741323635,4.862,1
5.274,0.528,1060.0,201.0,0.2,17506,21.206315741323635,5.274,1
1.085,-0.362,318.0,293.0,0.2,17506,21.206315741323635,3.256,1
2.304,2.304,212.0,92.0,0.2,17506,21.206315741323635,4.609,1
0.0,0.0,0.0,1000.0,1.0,17506,21.206315741323635,0.0,0
3.354,0.0,530.0,158.0,0.2,17506,21.206315741323635,3.354,1
0.599,0.0,212.0,354.0,0.8,17506,21.206315741323635,0.599,0
4.862,0.0,1060.0,218.0,0.2,17506,21.206315741323635,4.862,1
5.274,0.0,1060.0,201.0,0.2,17506,21.206315741323635,5.274,1
1.809,0.724,530.0,293.0,0.2,17506,21.206315741323635,3.256,1
2.304,0.0,212.0,92.0,0.2,17506,21.206315741323635,4.609,1
0.0,0.0,0.0,1000.0,1.0,17506,21.206315741323635,0.0,0
3.354,0.0,530.0,158.0,0.2,17506,21.206315741323635,3.354,1
0.599,0.0,212.0,354.0,0.8,17506,21.206315741323635,0.599,0
4.862,0.0,1060.0,218.0,0.2,17506,21.206315741323635,4.862,1
5.274,0.0,1060.0,201.0,0.2,17506,21.206315741323635,5.274,1
2.532,0.723,742.0,293.0,0.2,17506,21.206315741323635,3.256,1
2.304,0.0,212.0,92.0,0.2,17506,21.206315741323635,4.609,1
0.0,0.0,0.0,1000.0,1.0,17506,21.206315741323635,0.0,0
3.354,0.0,530.0,158.0,0.2,17506,21.206315741323635,3.354,1
0.599,0.0,212.0,354.0,0.8,17506,21.206315741323635,0.599,0
4.862,0.0,1060.0,218.0,0.2,17506,21.206315741323635,4.862,1
5.274,0.0,1060.0,201.0,0.2,17506,21.206315741323635,5.274,1
2.894,0.362,848.0,293.0,0.2,17506,21.206315741323635,3.256,1
3.457,1.153,318.0,92.0,0.2,17506,21.206315741323635,4.609,1
0.0,0.0,0.0,1000.0,1.0,17506,21.206315741323635,0.0,0
3.354,0.0,530.0,158.0,0.2,17506,21.206315741323635,3.354,1
0.599,0.0,212.0,354.0,0.8,17506,21.206315741323635,0.599,0
4.862,0.0,1060.0,218.0,0.2,17506,21.206315741323635,4.862,1
5.274,0.0,1060.0,201.0,0.2,17506,21.206315741323635,5.274,1
3.256,0.362,954.0,293.0,0.2,17506,21.206315741323635,3.256,1
4.609,1.152,424.0,92.0,0.2,17506,21.206315741323635,4.609,1
0.0,0.0,0.0,1000.0,1.0,17506,21.206315741323635,0.0,0
1.162,0.0,409.0,352.0,0.2,8233,81.76082519565408,5.81,1
2.894,0.0,408.0,141.0,0.2,8233,81.76082519565408,17.362,1
0.0,0.0,0.0,295.0,1.0,8233,81.76082519565408,1.386,1
0.0,0.0,0.0,285.0,1.0,8233,81.76082519565408,0.0,0
0.0,0.0,0.0,109.0,1.0,8233,81.76082519565408,0.0,0
0.0,0.0,0.0,76.0,1.0,8233,81.76082519565408,0.0,0
0.0,0.0,0.0,1000.0,1.0,8233,81.76082519565408,0.0,0
2.324,1.162,818.0,352.0,0.2,8233,81.76082519565408,5.81,1
5.787,2.893,816.0,141.0,0.2,8233,81.76082519565408,17.362,1
0.0,0.0,0.0,295.0,1.0,8233,81.76082519565408,4.156,1
0.0,0.0,0.0,285.0,1.0,8233,81.76082519565408,0.0,0
0.0,0.0,0.0,109.0,1.0,8233,81.76082519565408,0.0,0
0.0,0.0,0.0,76.0,1.0,8233,81.76082519565408,0.0,0
0.0,0.0,0.0,1000.0,1.0,8233,81.76082519565408,0.0,0
3.486,1.162,1227.0,352.0,0.2,8233,81.76082519565408,5.81,1
8.681,2.894,1224.0,141.0,0.2,8233,81.76082519565408,17.362,1
0.0,0.0,0.0,295.0,1.0,8233,81.76082519565408,6.925,1
0.0,0.0,0.0,285.0,1.0,8233,81.76082519565408,0.0,0
0.0,0.0,0.0,109.0,1.0,8233,81.76082519565408,0.0,0
0.0,0.0,0.0,76.0,1.0,8233,81.76082519565408,0.0,0
0.0,0.0,0.0,1000.0,1.0,8233,81.76082519565408,0.0,0
4.648,1.162,1636.0,352.0,0.2,8233,81.76082519565408,5.81,1
11.574,2.893,1632.0,141.0,0.2,8233,81.76082519565408,17.362,1
0.0,0.0,0.0,295.0,1.0,8233,81.76082519565408,9.695,1
0.0,0.0,0.0,285.0,1.0,8233,81.76082519565408,0.0,0
0.0,0.0,0.0,109.0,1.0,8233,81.76082519565408,0.0,0
0.0,0.0,0.0,76.0,1.0,8233,81.76082519565408,0.0,0
0.0,0.0,0.0,1000.0,1.0,8233,81.76082519565408,0.0,0
5.81,1.162,2045.0,352.0,0.2,8233,81.76082519565408,5.81,1
14.468,2.894,2040.0,141.0,0.2,8233,81.76082519565408,17.362,1
0.0,0.0,0.0,295.0,1.0,8233,81.76082519565408,12.464,1
0.0,0.0,0.0,285.0,1.0,8233,81.76082519565408,0.0,0
0.0,0.0,0.0,109.0,1.0,8233,81.76082519565408,0.0,0
0.0,0.0,0.0,76.0,1.0,8233,81.76082519565408,0.0,0
0.0,0.0,0.0,1000.0,1.0,8233,81.76082519565408,0.0,0
5.81,0.0,2045.0,352.0,0.2,8233,81.76082519565408,4.739,1
17.362,2.894,2448.0,141.0,0.2,8233,81.76082519565408,14.688,1
1.386,1.386,409.0,295.0,0.2,8233,81.76082519565408,13.946,1
0.0,0.0,0.0,285.0,1.0,8233,81.76082519565408,1.333,1
0.0,0.0,0.0,109.0,1.0,8233,81.76082519565408,0.0,0
0.0,0.0,0.0,76.0,1.0,8233,81.76082519565408,0.0,0
0.0,0.0,0.0,1000.0,1.0,8233,81.76082519565408,0.0,0
5.81,0.0,2045.0,352.0,0.2,8233,81.76082519565408,3.577,1
17.362,0.0,2448.0,141.0,0.2,8233,81.76082519565408,11.794,1
4.156,2.77,1226.0,295.0,0.2,8233,81.76082519565408,15.427,1
0.0,0.0,0.0,285.0,1.0,8233,81.76082519565408,2.667,1
0.0,0.0,0.0,109.0,1.0,8233,81.76082519565408,0.0,0
0.0,0.0,0.0,76.0,1.0,8233,81.76082519565408,0.0,0
0.0,0.0,0.0,1000.0,1.0,8233,81.76082519565408,0.0,0
5.81,0.0,2045.0,352.0,0.2,8233,81.76082519565408,2.415,1
17.362,0.0,2448.0,141.0,0.2,8233,81.76082519565408,8.901,1
6.925,2.769,2043.0,295.0,0.2,8233,81.76082519565408,16.908,1
0.0,0.0,0.0,285.0,1.0,8233,81.76082519565408,4.0,1
0.0,0.0,0.0,109.0,1.0,8233,81.76082519565408,0.0,0
0.0,0.0,0.0,76.0,1.0,8233,81.76082519565408,0.0,0
0.0,0.0,0.0,1000.0,1.0,8233,81.76082519565408,0.0,0
5.81,0.0,2045.0,352.0,0.2,8233,81.76082519565408,1.253,1
17.362,0.0,2448.0,141.0,0.2,8233,81.76082519565408,6.007,1
9.695,2.77,2860.0,295.0,0.2,8233,81.76082519565408,18.39,1
0.0,0.0,0.0,285.0,1.0,8233,81.76082519565408,5.333,1
0.0,0.0,0.0,109.0,1.0,8233,81.76082519565408,0.0,0
0.0,0.0,0.0,76.0,1.0,8233,81.76082519565408,0.0,0
0.0,0.0,0.0,1000.0,1.0,8233,81.76082519565408,0.0,0
5.81,0.0,2045.0,352.0,0.2,8233,81.76082519565408,0.091,0
17.362,0.0,2448.0,141.0,0.2,8233,81.76082519565408,3.113,1
12.464,2.769,3677.0,295.0,0.2,8233,81.76082519565408,19.871,1
0.0,0.0,0.0,285.0,1.0,8233,81.76082519565408,6.667,1
0.0,0.0,0.0,109.0,1.0,8233,81.76082519565408,0.0,0
0.0,0.0,0.0,76.0,1.0,8233,81.76082519565408,0.0,0
0.0,0.0,0.0,1000.0,1.0,8233,81.76082519565408,0.0,0
4.739,-1.071,1668.0,352.0,0.2,8233,81.76082519565408,0.0,0
14.688,-2.674,2071.0,141.0,0.2,8233,81.76082519565408,0.22,0
13.946,1.482,4114.0,295.0,0.2,8233,81.76082519565408,20.075,1
1.333,1.333,380.0,285.0,0.2,8233,81.76082519565408,6.667,1
0.0,0.0,0.0,109.0,1.0,8233,81.76082519565408,3.486,1
0.0,0.0,0.0,76.0,1.0,8233,81.76082519565408,0.0,0
0.0,0.0,0.0,1000.0,1.0,8233,81.76082519565408,0.0,0
3.577,-1.162,1259.0,352.0,0.2,8233,81.76082519565408,0.0,0
11.794,-2.894,1663.0,141.0,0.2,8233,81.76082519565408,0.0,0
15.427,1.481,4551.0,295.0,0.2,8233,81.76082519565408,18.892,1
2.667,1.334,760.0,285.0,0.2,8233,81.76082519565408,6.667,1
0.0,0.0,0.0,109.0,1.0,8233,81.76082519565408,6.972,1
0.0,0.0,0.0,76.0,1.0,8233,81.76082519565408,0.0,0
0.0,0.0,0.0,1000.0,1.0,8233,81.76082519565408,0.0,0
2.415,-1.162,850.0,352.0,0.2,8233,81.76082519565408,0.0,0
8.901,-2.893,1255.0,141.0,0.2,8233,81.76082519565408,0.0,0
16.908,1.481,4988.0,295.0,0.2,8233,81.76082519565408,17.603,1
4.0,1.333,1140.0,285.0,0.2,8233,81.76082519565408,6.667,1
0.0,0.0,0.0,109.0,1.0,8233,81.76082519565408,10.459,1
0.0,0.0,0.0,76.0,1.0,8233,81.76082519565408,0.0,0
0.0,0.0,0.0,1000.0,1.0,8233,81.76082519565408,0.0,0
1.253,-1.162,441.0,352.0,0.2,8233,81.76082519565408,0.0,0
6.007,-2.894,847.0,141.0,0.2,8233,81.76082519565408,0.0,0
18.39,1.482,5425.0,295.0,0.2,8233,81.76082519565408,16.315,1
5.333,1.333,1520.0,285.0,0.2,8233,81.76082519565408,6.667,1
0.0,0.0,0.0,109.0,1.0,8233,81.76082519565408,13.945,1
0.0,0.0,0.0,76.0,1.0,8233,81.76082519565408,0.0,0
0.0,0.0,0.0,1000.0,1.0,8233,81.76082519565408,0.0,0
0.091,-1.162,32.0,352.0,1.0,8233,81.76082519565408,0.0,0
3.113,-2.894,439.0,141.0,0.2,8233,81.76082519565408,0.0,0
19.871,1.481,5862.0,295.0,0.2,8233,81.76082519565408,15.027,1
6.667,1.334,1900.0,285.0,0.2,8233,81.76082519565408,6.667,1
0.0,0.0,0.0,109.0,1.0,8233,81.76082519565408,17.431,1
0.0,0.0,0.0,76.0,1.0,8233,81.76082519565408,0.0,0
0.0,0.0,0.0,1000.0,1.0,8233,81.76082519565408,0.0,0
0.0,-0.091,0.0,352.0,1.0,8233,81.76082519565408,0.0,0
0.22,-2.893,31.0,141.0,1.0,8233,81.76082519565408,0.0,0
20.075,0.204,5922.0,295.0,0.2,8233,81.76082519565408,15.027,1
6.667,0.0,1900.0,285.0,0.2,8233,81.76082519565408,6.667,1
3.486,3.486,380.0,109.0,0.2,8233,81.76082519565408,17.431,1
0.0,0.0,0.0,76.0,1.0,8233,81.76082519565408,0.0,0
0.0,0.0,0.0,1000.0,1.0,8233,81.76082519565408,0.0,0
0.0,0.0,0.0,352.0,1.0,8233,81.76082519565408,0.0,0
0.0,-0.22,0.0,141.0,1.0,8233,81.76082519565408,0.0,0
18.892,-1.183,5573.0,295.0,0.2,8233,81.76082519565408,15.027,1
6.667,0.0,1900.0,285.0,0.2,8233,81.76082519565408,6.667,1
6.972,3.486,760.0,109.0,0.2,8233,81.76082519565408,17.431,1
0.0,0.0,0.0,76.0,1.0,8233,81.76082519565408,0.0,0
0.0,0.0,0.0,1000.0,1.0,8233,81.76082519565408,0.0,0
0.0,0.0,0.0,352.0,1.0,8233,81.76082519565408,0.0,0
0.0,0.0,0.0,141.0,1.0,8233,81.76082519565408,0.0,0
17.603,-1.289,5193.0,295.0,0.2,8233,81.76082519565408,15.027,1
6.667,0.0,1900.0,285.0,0.2,8233,81.76082519565408,6.667,1
10.459,3.487,1140.0,109.0,0.2,8233,81.76082519565408,17.431,1
0.0,0.0,0.0,76.0,1.0,8233,81.76082519565408,0.0,0
0.0,0.0,0.0,1000.0,1.0,8233,81.76082519565408,0.0,0
0.0,0.0,0.0,352.0,1.0,8233,81.76082519565408,0.0,0
0.0,0.0,0.0,141.0,1.0,8233,81.76082519565408,0.0,0
16.315,-1.288,4813.0,295.0,0.2,8233,81.76082519565408,15.027,1
6.667,0.0,1900.0,285.0,0.2,8233,81.76082519565408,6.667,1
13.945,3.486,1520.0,109.0,0.2,8233,81.76082519565408,17.431,1
0.0,0.0,0.0,76.0,1.0,8233,81.76082519565408,0.0,0
0.0,0.0,0.0,1000.0,1.0,8233,81.76082519565408,0.0,0
0.0,0.0,0.0,352.0,1.0,8233,81.76082519565408,0.0,0
0.0,0.0,0.0,141.0,1.0,8233,81.76082519565408,0.0,0
15.027,-1.288,4433.0,295.0,0.2,8233,81.76082519565408,15.027,1
6.667,0.0,1900.0,285.0,0.2,8233,81.76082519565408,6.667,1
17.431,3.486,1900.0,109.0,0.2,8233,81.76082519565408,17.431,1
0.0,0.0,0.0,76.0,1.0,8233,81.76082519565408,0.0,0
0.0,0.0,0.0,1000.0,1.0,8233,81.76082519565408,0.0,0
1.307,0.0,494.0,378.0,0.2,15098,98.81343146126886,6.534,1
1.165,0.0,494.0,424.0,0.2,15098,98.81343146126886,6.991,1
0.0,0.0,0.0,261.0,1.0,15098,98.81343146126886,1.893,1
0.0,0.0,0.0,270.0,1.0,15098,98.81343146126886,0.0,0
0.0,0.0,0.0,211.0,1.0,15098,98.81343146126886,0.0,0
0.0,0.0,0.0,288.0,1.0,15098,98.81343146126886,0.0,0
0.0,0.0,0.0,1000.0,1.0,15098,98.81343146126886,0.0,0
2.614,1.307,988.0,378.0,0.2,15098,98.81343146126886,6.534,1
2.33,1.165,988.0,424.0,0.2,15098,98.81343146126886,6.991,1
0.0,0.0,0.0,261.0,1.0,15098,98.81343146126886,5.678,1
0.0,0.0,0.0,270.0,1.0,15098,98.81343146126886,0.0,0
0.0,0.0,0.0,211.0,1.0,15098,98.81343146126886,0.0,0
0.0,0.0,0.0,288.0,1.0,15098,98.81343146126886,0.0,0
0.0,0.0,0.0,1000.0,1.0,15098,98.81343146126886,0.0,0
3.921,1.307,1482.0,378.0,0.2,15098,98.81343146126886,6.534,1
3.495,1.165,1482.0,424.0,0.2,15098,98.81343146126886,6.991,1
0.0,0.0,0.0,261.0,1.0,15098,98.81343146126886,9.464,1
0.0,0.0,0.0,270.0,1.0,15098,98.81343146126886,0.0,0
0.0,0.0,0.0,211.0,1.0,15098,98.81343146126886,0.0,0
0.0,0.0,0.0,288.0,1.0,15098,98.81343146126886,0.0,0
0.0,0.0,0.0,1000.0,1.0,15098,98.81343146126886,0.0,0
5.228,1.307,1976.0,378.0,0.2,15098,98.81343146126886,6.534,1
4.66,1.165,1976.0,424.0,0.2,15098,98.81343146126886,6.991,1
0.0,0.0,0.0,261.0,1.0,15098,98.81343146126886,13.249,1
0.0,0.0,0.0,270.0,1.0,15098,98.81343146126886,0.0,0
0.0,0.0,0.0,211.0,1.0,15098,98.81343146126886,0.0,0
0.0,0.0,0.0,288.0,1.0,15098,98.81343146126886,0.0,0
0.0,0.0,0.0,1000.0,1.0,15098,98.81343146126886,0.0,0
6.534,1.306,2470.0,378.0,0.2,15098,98.81343146126886,6.534,1
5.825,1.165,2470.0,424.0,0.2,15098,98.81343146126886,6.991,1
0.0,0.0,0.0,261.0,1.0,15098,98.81343146126886,17.034,1
0.0,0.0,0.0,270.0,1.0,15098,98.81343146126886,0.0,0
0.0,0.0,0.0,211.0,1.0,15098,98.81343146126886,0.0,0
0.0,0.0,0.0,288.0,1.0,15098,98.81343146126886,0.0,0
0.0,0.0,0.0,1000.0,1.0,15098,98.81343146126886,0.0,0
6.534,0.0,2470.0,378.0,0.2,15098,98.81343146126886,6.534,1
6.991,1.166,2964.0,424.0,0.2,15098,98.81343146126886,6.991,1
1.893,1.893,494.0,261.0,0.2,15098,98.81343146126886,18.927,1
0.0,0.0,0.0,270.0,1.0,15098,98.81343146126886,1.83,1
0.0,0.0,0.0,211.0,1.0,15098,98.81343146126886,0.0,0
0.0,0.0,0.0,288.0,1.0,15098,98.81343146126886,0.0,0
0.0,0.0,0.0,1000.0,1.0,15098,98.81343146126886,0.0,0
6.534,0.0,2470.0,378.0,0.2,15098,98.81343146126886,6.534,1
6.991,0.0,2964.0,424.0,0.2,15098,98.81343146126886,6.991,1
5.678,3.785,1482.0,261.0,0.2,15098,98.81343146126886,20.452,1
0.0,0.0,0.0,270.0,1.0,15098,98.81343146126886,4.015,1
0.0,0.0,0.0,211.0,1.0,15098,98.81343146126886,0.0,0
0.0,0.0,0.0,288.0,1.0,15098,98.81343146126886,0.0,0
0.0,0.0,0.0,1000.0,1.0,15098,98.81343146126886,0.0,0
6.534,0.0,2470.0,378.0,0.2,15098,98.81343146126886,6.534,1
6.991,0.0,2964.0,424.0,0.2,15098,98.81343146126886,6.991,1
9.464,3.786,2470.0,261.0,0.2,15098,98.81343146126886,21.977,1
0.0,0.0,0.0,270.0,1.0,15098,98.81343146126886,6.2,1
0.0,0.0,0.0,211.0,1.0,15098,98.81343146126886,0.0,0
0.0,0.0,0.0,288.0,1.0,15098,98.81343146126886,0.0,0
0.0,0.0,0.0,1000.0,1.0,15098,98.81343146126886,0.0,0
6.534,0.0,2470.0,378.0,0.2,15098,98.81343146126886,6.534,1
6.991,0.0,2964.0,424.0,0.2,15098,98.81343146126886,6.991,1
13.249,3.785,3458.0,261.0,0.2,15098,98.81343146126886,23.502,1
0.0,0.0,0.0,270.0,1.0,15098,98.81343146126886,8.385,1
0.0,0.0,0.0,211.0,1.0,15098,98.81343146126886,0.0,0
0.0,0.0,0.0,288.0,1.0,15098,98.81343146126886,0.0,0
0.0,0.0,0.0,1000.0,1.0,15098,98.81343146126886,0.0,0
6.534,0.0,2470.0,378.0,0.2,15098,98.81343146126886,6.534,1
6.991,0.0,2964.0,424.0,0.2,15098,98.81343146126886,6.991,1
17.034,3.785,4446.0,261.0,0.2,15098,98.81343146126886,25.027,1
0.0,0.0,0.0,270.0,1.0,15098,98.81343146126886,10.57,1
0.0,0.0,0.0,211.0,1.0,15098,98.81343146126886,0.0,0
0.0,0.0,0.0,288.0,1.0,15098,98.81343146126886,0.0,0
0.0,0.0,0.0,1000.0,1.0,15098,98.81343146126886,0.0,0
6.534,0.0,2470.0,378.0,0.2,15098,98.81343146126886,5.595,1
6.991,0.0,2964.0,424.0,0.2,15098,98.81343146126886,6.153,1
18.927,1.893,4940.0,261.0,0.2,15098,98.81343146126886,26.552,1
1.83,1.83,494.0,270.0,0.2,15098,98.81343146126886,10.926,1
0.0,0.0,0.0,211.0,1.0,15098,98.81343146126886,2.341,1
0.0,0.0,0.0,288.0,1.0,15098,98.81343146126886,0.0,0
0.0,0.0,0.0,1000.0,1.0,15098,98.81343146126886,0.0,0
6.534,0.0,2470.0,378.0,0.2,15098,98.81343146126886,4.288,1
6.991,0.0,2964.0,424.0,0.2,15098,98.81343146126886,4.988,1
20.452,1.525,5338.0,261.0,0.2,15098,98.81343146126886,28.077,1
4.015,2.185,1084.0,270.0,0.2,15098,98.81343146126886,10.926,1
0.0,0.0,0.0,211.0,1.0,15098,98.81343146126886,5.137,1
0.0,0.0,0.0,288.0,1.0,15098,98.81343146126886,0.0,0
0.0,0.0,0.0,1000.0,1.0,15098,98.81343146126886,0.0,0
6.534,0.0,2470.0,378.0,0.2,15098,98.81343146126886,2.981,1
6.991,0.0,2964.0,424.0,0.2,15098,98.81343146126886,3.823,1
21.977,1.525,5736.0,261.0,0.2,15098,98.81343146126886,29.602,1
6.2,2.185,1674.0,270.0,0.2,15098,98.81343146126886,10.926,1
0.0,0.0,0.0,211.0,1.0,15098,98.81343146126886,7.934,1
0.0,0.0,0.0,288.0,1.0,15098,98.81343146126886,0.0,0
0.0,0.0,0.0,1000.0,1.0,15098,98.81343146126886,0.0,0
6.534,0.0,2470.0,378.0,0.2,15098,98.81343146126886,1.675,1
6.991,0.0,2964.0,424.0,0.2,15098,98.81343146126886,2.658,1
23.502,1.525,6134.0,261.0,0.2,15098,98.81343146126886,31.126,1
8.385,2.185,2264.0,270.0,0.2,15098,98.81343146126886,10.926,1
0.0,0.0,0.0,211.0,1.0,15098,98.81343146126886,10.73,1
0.0,0.0,0.0,288.0,1.0,15098,98.81343146126886,0.0,0
0.0,0.0,0.0,1000.0,1.0,15098,98.81343146126886,0.0,0
6.534,0.0,2470.0,378.0,0.2,15098,98.81343146126886,0.368,0
6.991,0.0,2964.0,424.0,0.2,15098,98.81343146126886,1.493,1
25.027,1.525,6532.0,261.0,0.2,15098,98.81343146126886,32.651,1
10.57,2.185,2854.0,270.0,0.2,15098,98.81343146126886,10.926,1
0.0,0.0,0.0,211.0,1.0,15098,98.81343146126886,13.526,1
0.0,0.0,0.0,288.0,1.0,15098,98.81343146126886,0.0,0
0.0,0.0,0.0,1000.0,1.0,15098,98.81343146126886,0.0,0
5.595,-0.939,2115.0,378.0,0.2,15098,98.81343146126886,0.368,0
6.153,-0.838,2609.0,424.0,0.2,15098,98.81343146126886,1.493,1
26.552,1.525,6930.0,261.0,0.2,15098,98.81343146126886,32.651,1
10.926,0.356,2950.0,270.0,0.2,15098,98.81343146126886,10.926,1
2.341,2.341,494.0,211.0,0.2,15098,98.81343146126886,13.526,1
0.0,0.0,0.0,288.0,1.0,15098,98.81343146126886,0.0,0
0.0,0.0,0.0,1000.0,1.0,15098,98.81343146126886,0.0,0
4.288,-1.307,1621.0,378.0,0.2,15098,98.81343146126886,0.368,0
4.988,-1.165,2115.0,424.0,0.2,15098,98.81343146126886,1.493,1
28.077,1.525,7328.0,261.0,0.2,15098,98.81343146126886,32.651,1
10.926,0.0,2950.0,270.0,0.2,15098,98.81343146126886,10.926,1
5.137,2.796,1084.0,211.0,0.2,15098,98.81343146126886,13.526,1
0.0,0.0,0.0,288.0,1.0,15098,98.81343146126886,0.0,0
0.0,0.0,0.0,1000.0,1.0,15098,98.81343146126886,0.0,0
2.981,-1.307,1127.0,378.0,0.2,15098,98.81343146126886,0.368,0
3.823,-1.165,1621.0,424.0,0.2,15098,98.81343146126886,1.493,1
29.602,1.525,7726.0,261.0,0.2,15098,98.81343146126886,32.651,1
10.926,0.0,2950.0,270.0,0.2,15098,98.81343146126886,10.926,1
7.934,2.797,1674.0,211.0,0.2,15098,98.81343146126886,13.526,1
0.0,0.0,0.0,288.0,1.0,15098,98.81343146126886,0.0,0
0.0,0.0,0.0,1000.0,1.0,15098,98.81343146126886,0.0,0
1.675,-1.306,633.0,378.0,0.2,15098,98.81343146126886,0.368,0
2.658,-1.165,1127.0,424.0,0.2,15098,98.81343146126886,1.493,1
31.126,1.524,8124.0,261.0,0.2,15098,98.81343146126886,32.651,1
10.926,0.0,2950.0,270.0,0.2,15098,98.81343146126886,10.926,1
10.73,2.796,2264.0,211.0,0.2,15098,98.81343146126886,13.526,1
0.0,0.0,0.0,288.0,1.0,15098,98.81343146126886,0.0,0
0.0,0.0,0.0,1000.0,1.0,15098,98.81343146126886,0.0,0
0.368,-1.307,139.0,378.0,1.0,15098,98.81343146126886,0.368,0
1.493,-1.165,633.0,424.0,0.2,15098,98.81343146126886,1.493,1
32.651,1.525,8522.0,261.0,0.2,15098,98.81343146126886,32.651,1
10.926,0.0,2950.0,270.0,0.2,15098,98.81343146126886,10.926,1
13.526,2.796,2854.0,211.0,0.2,15098,98.81343146126886,13.526,1
0.0,0.0,0.0,288.0,1.0,15098,98.81343146126886,0.0,0
0.0,0.0,0.0,1000.0,1.0,15098,98.81343146126886,0.0,0
1.51,0.0,539.0,357.0,0.2,9946,107.81709857418068,7.549,1
3.369,0.0,539.0,160.0,0.2,9946,107.81709857418068,20.212,1
0.0,0.0,0.0,128.0,1.0,9946,107.81709857418068,4.211,1
0.0,0.0,0.0,192.0,1.0,9946,107.81709857418068,0.0,0
0.0,0.0,0.0,203.0,1.0,9946,107.81709857418068,0.0,0
0.0,0.0,0.0,269.0,1.0,9946,107.81709857418068,0.0,0
0.0,0.0,0.0,1000.0,1.0,9946,107.81709857418068,0.0,0
3.02,1.51,1078.0,357.0,0.2,9946,107.81709857418068,7.549,1
6.737,3.368,1078.0,160.0,0.2,9946,107.81709857418068,20.212,1
0.0,0.0,0.0,128.0,1.0,9946,107.81709857418068,12.633,1
0.0,0.0,0.0,192.0,1.0,9946,107.81709857418068,0.0,0
0.0,0.0,0.0,203.0,1.0,9946,107.81709857418068,0.0,0
0.0,0.0,0.0,269.0,1.0,9946,107.81709857418068,0.0,0
0.0,0.0,0.0,1000.0,1.0,9946,107.81709857418068,0.0,0
4.529,1.509,1617.0,357.0,0.2,9946,107.81709857418068,7.549,1
10.106,3.369,1617.0,160.0,0.2,9946,107.81709857418068,20.212,1
0.0,0.0,0.0,128.0,1.0,9946,107.81709857418068,21.055,1
0.0,0.0,0.0,192.0,1.0,9946,107.81709857418068,0.0,0
0.0,0.0,0.0,203.0,1.0,9946,107.81709857418068,0.0,0
0.0,0.0,0.0,269.0,1.0,9946,107.81709857418068,0.0,0
0.0,0.0,0.0,1000.0,1.0,9946,107.81709857418068,0.0,0
6.039,1.51,2156.0,357.0,0.2,9946,107.81709857418068,7.549,1
13.475,3.369,2156.0,160.0,0.2,9946,107.81709857418068,20.212,1
0.0,0.0,0.0,128.0,1.0,9946,107.81709857418068,29.477,1
0.0,0.0,0.0,192.0,1.0,9946,107.81709857418068,0.0,0
0.0,0.0,0.0,203.0,1.0,9946,107.81709857418068,0.0,0
0.0,0.0,0.0,269.0,1.0,9946,107.81709857418068,0.0,0
0.0,0.0,0.0,1000.0,1.0,9946,107.81709857418068,0.0,0
7.549,1.51,2695.0,357.0,0.2,9946,107.81709857418068,6.381,1
16.844,3.369,2695.0,160.0,0.2,9946,107.81709857418068,17.606,1
0.0,0.0,0.0,128.0,1.0,9946,107.81709857418068,37.898,1
0.0,0.0,0.0,192.0,1.0,9946,107.81709857418068,0.0,0
0.0,0.0,0.0,203.0,1.0,9946,107.81709857418068,0.0,0
0.0,0.0,0.0,269.0,1.0,9946,107.81709857418068,0.0,0
0.0,0.0,0.0,1000.0,1.0,9946,107.81709857418068,0.0,0
7.549,0.0,2695.0,357.0,0.2,9946,107.81709857418068,4.871,1
20.212,3.368,3234.0,160.0,0.2,9946,107.81709857418068,14.238,1
4.211,4.211,539.0,128.0,0.2,9946,107.81709857418068,44.133,1
0.0,0.0,0.0,192.0,1.0,9946,107.81709857418068,1.458,1
0.0,0.0,0.0,203.0,1.0,9946,107.81709857418068,0.0,0
0.0,0.0,0.0,269.0,1.0,9946,107.81709857418068,0.0,0
0.0,0.0,0.0,1000.0,1.0,9946,107.81709857418068,0.0,0
7.549,0.0,2695.0,357.0,0.2,9946,107.81709857418068,3.361,1
20.212,0.0,3234.0,160.0,0.2,9946,107.81709857418068,10.869,1
12.633,8.422,1617.0,128.0,0.2,9946,107.81709857418068,50.367,1
0.0,0.0,0.0,192.0,1.0,9946,107.81709857418068,2.917,1
0.0,0.0,0.0,203.0,1.0,9946,107.81709857418068,0.0,0
0.0,0.0,0.0,269.0,1.0,9946,107.81709857418068,0.0,0
0.0,0.0,0.0,1000.0,1.0,9946,107.81709857418068,0.0,0
7.549,0.0,2695.0,357.0,0.2,9946,107.81709857418068,1.852,1
20.212,0.0,3234.0,160.0,0.2,9946,107.81709857418068,7.5,1
21.055,8.422,2695.0,128.0,0.2,9946,107.81709857418068,56.602,1
0.0,0.0,0.0,192.0,1.0,9946,107.81709857418068,4.375,1
0.0,0.0,0.0,203.0,1.0,9946,107.81709857418068,0.0,0
0.0,0.0,0.0,269.0,1.0,9946,107.81709857418068,0.0,0
0.0,0.0,0.0,1000.0,1.0,9946,107.81709857418068,0.0,0
7.549,0.0,2695.0,357.0,0.2,9946,107.81709857418068,0.342,0
20.212,0.0,3234.0,160.0,0.2,9946,107.81709857418068,4.131,1
29.477,8.422,3773.0,128.0,0.2,9946,107.81709857418068,62.836,1
0.0,0.0,0.0,192.0,1.0,9946,107.81709857418068,5.833,1
0.0,0.0,0.0,203.0,1.0,9946,107.81709857418068,0.0,0
0.0,0.0,0.0,269.0,1.0,9946,107.81709857418068,0.0,0
0.0,0.0,0.0,1000.0,1.0,9946,107.81709857418068,0.0,0
6.381,-1.168,2278.0,357.0,0.2,9946,107.81709857418068,0.0,0
17.606,-2.606,2817.0,160.0,0.2,9946,107.81709857418068,0.762,0
37.898,8.421,4851.0,128.0,0.2,9946,107.81709857418068,65.812,1
0.0,0.0,0.0,192.0,1.0,9946,107.81709857418068,7.292,1
0.0,0.0,0.0,203.0,1.0,9946,107.81709857418068,0.0,0
0.0,0.0,0.0,269.0,1.0,9946,107.81709857418068,0.0,0
0.0,0.0,0.0,1000.0,1.0,9946,107.81709857418068,0.0,0
4.871,-1.51,1739.0,357.0,0.2,9946,107.81709857418068,0.0,0
14.238,-3.368,2278.0,160.0,0.2,9946,107.81709857418068,0.0,0
44.133,6.235,5649.0,128.0,0.2,9946,107.81709857418068,64.578,1
1.458,1.458,280.0,192.0,0.2,9946,107.81709857418068,7.292,1
0.0,0.0,0.0,203.0,1.0,9946,107.81709857418068,1.379,1
0.0,0.0,0.0,269.0,1.0,9946,107.81709857418068,0.0,0
0.0,0.0,0.0,1000.0,1.0,9946,107.81709857418068,0.0,0
3.361,-1.51,1200.0,357.0,0.2,9946,107.81709857418068,0.0,0
10.869,-3.369,1739.0,160.0,0.2,9946,107.81709857418068,0.0,0
50.367,6.234,6447.0,128.0,0.2,9946,107.81709857418068,62.391,1
2.917,1.459,560.0,192.0,0.2,9946,107.81709857418068,7.292,1
0.0,0.0,0.0,203.0,1.0,9946,107.81709857418068,2.759,1
0.0,0.0,0.0,269.0,1.0,9946,107.81709857418068,0.0,0
0.0,0.0,0.0,1000.0,1.0,9946,107.81709857418068,0.0,0
1.852,-1.509,661.0,357.0,0.2,9946,107.81709857418068,0.0,0
7.5,-3.369,1200.0,160.0,0.2,9946,107.81709857418068,0.0,0
56.602,6.235,7245.0,128.0,0.2,9946,107.81709857418068,60.203,1
4.375,1.458,840.0,192.0,0.2,9946,107.81709857418068,7.292,1
0.0,0.0,0.0,203.0,1.0,9946,107.81709857418068,4.138,1
0.0,0.0,0.0,269.0,1.0,9946,107.81709857418068,0.0,0
0.0,0.0,0.0,1000.0,1.0,9946,107.81709857418068,0.0,0
0.342,-1.51,122.0,357.0,1.0,9946,107.81709857418068,0.0,0
4.131,-3.369,661.0,160.0,0.2,9946,107.81709857418068,0.0,0
62.836,6.234,8043.0,128.0,0.2,9946,107.81709857418068,58.016,1
5.833,1.458,1120.0,192.0,0.2,9946,107.81709857418068,7.292,1
0.0,0.0,0.0,203.0,1.0,9946,107.81709857418068,5.517,1
0.0,0.0,0.0,269.0,1.0,9946,107.81709857418068,0.0,0
0.0,0.0,0.0,1000.0,1.0,9946,107.81709857418068,0.0,0
0.0,-0.342,0.0,357.0,1.0,9946,107.81709857418068,0.0,0
0.762,-3.369,122.0,160.0,0.5,9946,107.81709857418068,0.0,0
65.812,2.976,8424.0,128.0,0.2,9946,107.81709857418068,55.828,1
7.292,1.459,1400.0,192.0,0.2,9946,107.81709857418068,7.292,1
0.0,0.0,0.0,203.0,1.0,9946,107.81709857418068,6.897,1
0.0,0.0,0.0,269.0,1.0,9946,107.81709857418068,0.0,0
0.0,0.0,0.0,1000.0,1.0,9946,107.81709857418068,0.0,0
0.0,0.0,0.0,357.0,1.0,9946,107.81709857418068,0.0,0
0.0,-0.762,0.0,160.0,1.0,9946,107.81709857418068,0.0,0
64.578,-1.234,8266.0,128.0,0.2,9946,107.81709857418068,55.828,1
7.292,0.0,1400.0,192.0,0.2,9946,107.81709857418068,7.292,1
1.379,1.379,280.0,203.0,0.2,9946,107.81709857418068,6.897,1
0.0,0.0,0.0,269.0,1.0,9946,107.81709857418068,0.0,0
0.0,0.0,0.0,1000.0,1.0,9946,107.81709857418068,0.0,0
0.0,0.0,0.0,357.0,1.0,9946,107.81709857418068,0.0,0
0.0,0.0,0.0,160.0,1.0,9946,107.81709857418068,0.0,0
62.391,-2.187,7986.0,128.0,0.2,9946,107.81709857418068,55.828,1
7.292,0.0,1400.0,192.0,0.2,9946,107.81709857418068,7.292,1
2.759,1.38,560.0,203.0,0.2,9946,107.81709857418068,6.897,1
0.0,0.0,0.0,269.0,1.0,9946,107.81709857418068,0.0,0
0.0,0.0,0.0,1000.0,1.0,9946,107.81709857418068,0.0,0
0.0,0.0,0.0,357.0,1.0,9946,107.81709857418068,0.0,0
0.0,0.0,0.0,160.0,1.0,9946,107.81709857418068,0.0,0
60.203,-2.188,7706.0,128.0,0.2,9946,107.81709857418068,55.828,1
7.292,0.0,1400.0,192.0,0.2,9946,107.81709857418068,7.292,1
4.138,1.379,840.0,203.0,0.2,9946,107.81709857418068,6.897,1
0.0,0.0,0.0,269.0,1.0,9946,107.81709857418068,0.0,0
0.0,0.0,0.0,1000.0,1.0,9946,107.81709857418068,0.0,0
0.0,0.0,0.0,357.0,1.0,9946,107.81709857418068,0.0,0
0.0,0.0,0.0,160.0,1.0,9946,107.81709857418068,0.0,0
58.016,-2.187,7426.0,128.0,0.2,9946,107.81709857418068,55.828,1
7.292,0.0,1400.0,192.0,0.2,9946,107.81709857418068,7.292,1
5.517,1.379,1120.0,203.0,0.2,9946,107.81709857418068,6.897,1
0.0,0.0,0.0,269.0,1.0,9946,107.81709857418068,0.0,0
0.0,0.0,0.0,1000.0,1.0,9946,107.81709857418068,0.0,0
0.0,0.0,0.0,357.0,1.0,9946,107.81709857418068,0.0,0
0.0,0.0,0.0,160.0,1.0,9946,107.81709857418068,0.0,0
55.828,-2.188,7146.0,128.0,0.2,9946,107.81709857418068,55.828,1
7.292,0.0,1400.0,192.0,0.2,9946,107.81709857418068,7.292,1
6.897,1.38,1400.0,203.0,0.2,9946,107.81709857418068,6.897,1
0.0,0.0,0.0,269.0,1.0,9946,107.81709857418068,0.0,0
0.0,0.0,0.0,1000.0,1.0,9946,107.81709857418068,0.0,0
1.292,0.0,456.0,353.0,0.2,5171,91.15644234080696,6.04,1
1.37,0.0,455.0,332.0,0.2,5171,91.15644234080696,7.78,1
0.0,0.0,0.0,232.0,1.0,5171,91.15644234080696,1.966,1
0.0,0.0,0.0,263.0,1.0,5171,91.15644234080696,0.0,0
0.0,0.0,0.0,225.0,1.0,5171,91.15644234080696,0.0,0
0.0,0.0,0.0,174.0,1.0,5171,91.15644234080696,0.0,0
0.0,0.0,0.0,1000.0,1.0,5171,91.15644234080696,0.0,0
2.584,1.292,912.0,353.0,0.2,5171,91.15644234080696,4.748,1
2.741,1.371,910.0,332.0,0.2,5171,91.15644234080696,6.41,1
0.0,0.0,0.0,232.0,1.0,5171,91.15644234080696,5.892,1
0.0,0.0,0.0,263.0,1.0,5171,91.15644234080696,0.0,0
0.0,0.0,0.0,225.0,1.0,5171,91.15644234080696,0.0,0
0.0,0.0,0.0,174.0,1.0,5171,91.15644234080696,0.0,0
0.0,0.0,0.0,1000.0,1.0,5171,91.15644234080696,0.0,0
3.875,1.291,1368.0,353.0,0.2,5171,91.15644234080696,3.456,1
4.111,1.37,1365.0,332.0,0.2,5171,91.15644234080696,5.039,1
0.0,0.0,0.0,232.0,1.0,5171,91.15644234080696,9.819,1
0.0,0.0,0.0,263.0,1.0,5171,91.15644234080696,0.0,0
0.0,0.0,0.0,225.0,1.0,5171,91.15644234080696,0.0,0
0.0,0.0,0.0,174.0,1.0,5171,91.15644234080696,0.0,0
0.0,0.0,0.0,1000.0,1.0,5171,91.15644234080696,0.0,0
5.167,1.292,1824.0,353.0,0.2,5171,91.15644234080696,2.164,1
5.482,1.371,1820.0,332.0,0.2,5171,91.15644234080696,3.669,1
0.0,0.0,0.0,232.0,1.0,5171,91.15644234080696,13.746,1
0.0,0.0,0.0,263.0,1.0,5171,91.15644234080696,0.0,0
0.0,0.0,0.0,225.0,1.0,5171,91.15644234080696,0.0,0
0.0,0.0,0.0,174.0,1.0,5171,91.15644234080696,0.0,0
0.0,0.0,0.0,1000.0,1.0,5171,91.15644234080696,0.0,0
6.459,1.292,2280.0,353.0,0.2,5171,91.15644234080696,0.873,1
6.852,1.37,2275.0,332.0,0.2,5171,91.15644234080696,2.298,1
0.0,0.0,0.0,232.0,1.0,5171,91.15644234080696,17.672,1
0.0,0.0,0.0,263.0,1.0,5171,91.15644234080696,0.0,0
0.0,0.0,0.0,225.0,1.0,5171,91.15644234080696,0.0,0
0.0,0.0,0.0,174.0,1.0,5171,91.15644234080696,0.0,0
0.0,0.0,0.0,1000.0,1.0,5171,91.15644234080696,0.0,0
6.04,-0.419,2132.0,353.0,0.2,5171,91.15644234080696,0.0,0
7.78,0.928,2583.0,332.0,0.2,5171,91.15644234080696,0.928,1
1.966,1.966,456.0,232.0,0.2,5171,91.15644234080696,18.996,1
0.0,0.0,0.0,263.0,1.0,5171,91.15644234080696,1.734,1
0.0,0.0,0.0,225.0,1.0,5171,91.15644234080696,0.0,0
0.0,0.0,0.0,174.0,1.0,5171,91.15644234080696,0.0,0
0.0,0.0,0.0,1000.0,1.0,5171,91.15644234080696,0.0,0
4.748,-1.292,1676.0,353.0,0.2,5171,91.15644234080696,0.0,0
6.41,-1.37,2128.0,332.0,0.2,5171,91.15644234080696,0.0,0
5.892,3.926,1367.0,232.0,0.2,5171,91.15644234080696,17.263,1
0.0,0.0,0.0,263.0,1.0,5171,91.15644234080696,4.433,1
0.0,0.0,0.0,225.0,1.0,5171,91.15644234080696,0.0,0
0.0,0.0,0.0,174.0,1.0,5171,91.15644234080696,0.0,0
0.0,0.0,0.0,1000.0,1.0,5171,91.15644234080696,0.0,0
3.456,-1.292,1220.0,353.0,0.2,5171,91.15644234080696,0.0,0
5.039,-1.371,1673.0,332.0,0.2,5171,91.15644234080696,0.0,0
9.819,3.927,2278.0,232.0,0.2,5171,91.15644234080696,14.203,1
0.0,0.0,0.0,263.0,1.0,5171,91.15644234080696,7.133,1
0.0,0.0,0.0,225.0,1.0,5171,91.15644234080696,0.0,0
0.0,0.0,0.0,174.0,1.0,5171,91.15644234080696,0.0,0
0.0,0.0,0.0,1000.0,1.0,5171,91.15644234080696,0.0,0
2.164,-1.292,764.0,353.0,0.2,5171,91.15644234080696,0.0,0
3.669,-1.37,1218.0,332.0,0.2,5171,91.15644234080696,0.0,0
13.746,3.927,3189.0,232.0,0.2,5171,91.15644234080696,11.142,1
0.0,0.0,0.0,263.0,1.0,5171,91.15644234080696,9.833,1
0.0,0.0,0.0,225.0,1.0,5171,91.15644234080696,0.0,0
0.0,0.0,0.0,174.0,1.0,5171,91.15644234080696,0.0,0
0.0,0.0,0.0,1000.0,1.0,5171,91.15644234080696,0.0,0
0.873,-1.291,308.0,353.0,0.2,5171,91.15644234080696,0.0,0
2.298,-1.371,763.0,332.0,0.2,5171,91.15644234080696,0.0,0
17.672,3.926,4100.0,232.0,0.2,5171,91.15644234080696,8.082,1
0.0,0.0,0.0,263.0,1.0,5171,91.15644234080696,12.532,1
0.0,0.0,0.0,225.0,1.0,5171,91.15644234080696,0.0,0
0.0,0.0,0.0,174.0,1.0,5171,91.15644234080696,0.0,0
0.0,0.0,0.0,1000.0,1.0,5171,91.15644234080696,0.0,0
0.0,-0.873,0.0,353.0,1.0,5171,91.15644234080696,0.0,0
0.928,-1.37,308.0,332.0,0.2,5171,91.15644234080696,0.0,0
18.996,1.324,4407.0,232.0,0.2,5171,91.15644234080696,5.022,1
1.734,1.734,456.0,263.0,0.2,5171,91.15644234080696,13.498,1
0.0,0.0,0.0,225.0,1.0,5171,91.15644234080696,2.027,1
0.0,0.0,0.0,174.0,1.0,5171,91.15644234080696,0.0,0
0.0,0.0,0.0,1000.0,1.0,5171,91.15644234080696,0.0,0
0.0,0.0,0.0,353.0,1.0,5171,91.15644234080696,0.0,0
0.0,-0.928,0.0,332.0,1.0,5171,91.15644234080696,0.0,0
17.263,-1.733,4005.0,232.0,0.2,5171,91.15644234080696,2.828,1
4.433,2.699,1166.0,263.0,0.2,5171,91.15644234080696,12.848,1
0.0,0.0,0.0,225.0,1.0,5171,91.15644234080696,5.049,1
0.0,0.0,0.0,174.0,1.0,5171,91.15644234080696,0.0,0
0.0,0.0,0.0,1000.0,1.0,5171,91.15644234080696,0.0,0
0.0,0.0,0.0,353.0,1.0,5171,91.15644234080696,0.0,0
0.0,0.0,0.0,332.0,1.0,5171,91.15644234080696,0.0,0
14.203,-3.06,3295.0,232.0,0.2,5171,91.15644234080696,1.961,1
7.133,2.7,1876.0,263.0,0.2,5171,91.15644234080696,11.027,1
0.0,0.0,0.0,225.0,1.0,5171,91.15644234080696,8.071,1
0.0,0.0,0.0,174.0,1.0,5171,91.15644234080696,0.0,0
0.0,0.0,0.0,1000.0,1.0,5171,91.15644234080696,0.0,0
0.0,0.0,0.0,353.0,1.0,5171,91.15644234080696,0.0,0
0.0,0.0,0.0,332.0,1.0,5171,91.15644234080696,0.0,0
11.142,-3.061,2585.0,232.0,0.2,5171,91.15644234080696,1.095,1
9.833,2.7,2586.0,263.0,0.2,5171,91.15644234080696,9.205,1
0.0,0.0,0.0,225.0,1.0,5171,91.15644234080696,11.093,1
0.0,0.0,0.0,174.0,1.0,5171,91.15644234080696,0.0,0
0.0,0.0,0.0,1000.0,1.0,5171,91.15644234080696,0.0,0
0.0,0.0,0.0,353.0,1.0,5171,91.15644234080696,0.0,0
0.0,0.0,0.0,332.0,1.0,5171,91.15644234080696,0.0,0
8.082,-3.06,1875.0,232.0,0.2,5171,91.15644234080696,0.228,0
12.532,2.699,3296.0,263.0,0.2,5171,91.15644234080696,7.384,1
0.0,0.0,0.0,225.0,1.0,5171,91.15644234080696,14.116,1
0.0,0.0,0.0,174.0,1.0,5171,91.15644234080696,0.0,0
0.0,0.0,0.0,1000.0,1.0,5171,91.15644234080696,0.0,0
0.0,0.0,0.0,353.0,1.0,5171,91.15644234080696,0.0,0
0.0,0.0,0.0,332.0,1.0,5171,91.15644234080696,0.0,0
5.022,-3.06,1165.0,232.0,0.2,5171,91.15644234080696,0.228,0
13.498,0.966,3550.0,263.0,0.2,5171,91.15644234080696,7.384,1
2.027,2.027,456.0,225.0,0.2,5171,91.15644234080696,14.116,1
0.0,0.0,0.0,174.0,1.0,5171,91.15644234080696,0.0,0
0.0,0.0,0.0,1000.0,1.0,5171,91.15644234080696,0.0,0
0.0,0.0,0.0,353.0,1.0,5171,91.15644234080696,0.0,0
0.0,0.0,0.0,332.0,1.0,5171,91.15644234080696,0.0,0
2.828,-2.194,656.0,232.0,0.2,5171,91.15644234080696,0.228,0
12.848,-0.65,3379.0,263.0,0.2,5171,91.15644234080696,7.384,1
5.049,3.022,1136.0,225.0,0.2,5171,91.15644234080696,14.116,1
0.0,0.0,0.0,174.0,1.0,5171,91.15644234080696,0.0,0
0.0,0.0,0.0,1000.0,1.0,5171,91.15644234080696,0.0,0
0.0,0.0,0.0,353.0,1.0,5171,91.15644234080696,0.0,0
0.0,0.0,0.0,332.0,1.0,5171,91.15644234080696,0.0,0
1.961,-0.867,455.0,232.0,0.2,5171,91.15644234080696,0.228,0
11.027,-1.821,2900.0,263.0,0.2,5171,91.15644234080696,7.384,1
8.071,3.022,1816.0,225.0,0.2,5171,91.15644234080696,14.116,1
0.0,0.0,0.0,174.0,1.0,5171,91.15644234080696,0.0,0
0.0,0.0,0.0,1000.0,1.0,5171,91.15644234080696,0.0,0
0.0,0.0,0.0,353.0,1.0,5171,91.15644234080696,0.0,0
0.0,0.0,0.0,332.0,1.0,5171,91.15644234080696,0.0,0
1.095,-0.866,254.0,232.0,0.2,5171,91.15644234080696,0.228,0
9.205,-1.822,2421.0,263.0,0.2,5171,91.15644234080696,7.384,1
11.093,3.022,2496.0,225.0,0.2,5171,91.15644234080696,14.116,1
0.0,0.0,0.0,174.0,1.0,5171,91.15644234080696,0.0,0
0.0,0.0,0.0,1000.0,1.0,5171,91.15644234080696,0.0,0
0.0,0.0,0.0,353.0,1.0,5171,91.15644234080696,0.0,0
0.0,0.0,0.0,332.0,1.0,5171,91.15644234080696,0.0,0
0.228,-0.867,53.0,232.0,1.0,5171,91.15644234080696,0.228,0
7.384,-1.821,1942.0,263.0,0.2,5171,91.15644234080696,7.384,1
14.116,3.023,3176.0,225.0,0.2,5171,91.15644234080696,14.116,1
0.0,0.0,0.0,174.0,1.0,5171,91.15644234080696,0.0,0
0.0,0.0,0.0,1000.0,1.0,5171,91.15644234080696,0.0,0
0.522,0.0,239.0,458.0,0.8,15162,47.786051573415165,2.609,1
1.526,0.0,238.0,156.0,0.2,15162,47.786051573415165,9.154,1
0.0,0.0,0.0,63.0,1.0,15162,47.786051573415165,3.794,1
0.0,0.0,0.0,83.0,1.0,15162,47.786051573415165,0.0,0
0.0,0.0,0.0,274.0,1.0,15162,47.786051573415165,0.0,0
0.0,0.0,0.0,138.0,1.0,15162,47.786051573415165,0.0,0
0.0,0.0,0.0,1000.0,1.0,15162,47.786051573415165,0.0,0
1.044,0.522,478.0,458.0,0.2,15162,47.786051573415165,2.609,1
3.051,1.525,476.0,156.0,0.2,15162,47.786051573415165,9.154,1
0.0,0.0,0.0,63.0,1.0,15162,47.786051573415165,11.365,1
0.0,0.0,0.0,83.0,1.0,15162,47.786051573415165,0.0,0
0.0,0.0,0.0,274.0,1.0,15162,47.786051573415165,0.0,0
0.0,0.0,0.0,138.0,1.0,15162,47.786051573415165,0.0,0
0.0,0.0,0.0,1000.0,1.0,15162,47.786051573415165,0.0,0
1.044,0.0,478.0,458.0,0.2,15162,47.786051573415165,2.609,1
4.577,1.526,714.0,156.0,0.2,15162,47.786051573415165,9.154,1
3.794,3.794,239.0,63.0,0.2,15162,47.786051573415165,15.143,1
0.0,0.0,0.0,83.0,1.0,15162,47.786051573415165,2.88,1
0.0,0.0,0.0,274.0,1.0,15162,47.786051573415165,0.0,0
0.0,0.0,0.0,138.0,1.0,15162,47.786051573415165,0.0,0
0.0,0.0,0.0,1000.0,1.0,15162,47.786051573415165,0.0,0
1.566,0.522,717.0,458.0,0.2,15162,47.786051573415165,2.609,1
6.103,1.526,952.0,156.0,0.2,15162,47.786051573415165,9.154,1
3.794,0.0,239.0,63.0,0.2,15162,47.786051573415165,22.714,1
0.0,0.0,0.0,83.0,1.0,15162,47.786051573415165,2.88,1
0.0,0.0,0.0,274.0,1.0,15162,47.786051573415165,0.0,0
0.0,0.0,0.0,138.0,1.0,15162,47.786051573415165,0.0,0
0.0,0.0,0.0,1000.0,1.0,15162,47.786051573415165,0.0,0
2.087,0.521,956.0,458.0,0.2,15162,47.786051573415165,2.609,1
7.628,1.525,1190.0,156.0,0.2,15162,47.786051573415165,9.154,1
3.794,0.0,239.0,63.0,0.2,15162,47.786051573415165,30.286,1
0.0,0.0,0.0,83.0,1.0,15162,47.786051573415165,2.88,1
0.0,0.0,0.0,274.0,1.0,15162,47.786051573415165,0.0,0
0.0,0.0,0.0,138.0,1.0,15162,47.786051573415165,0.0,0
0.0,0.0,0.0,1000.0,1.0,15162,47.786051573415165,0.0,0
2.609,0.522,1195.0,458.0,0.2,15162,47.786051573415165,2.609,1
9.154,1.526,1428.0,156.0,0.2,15162,47.786051573415165,9.154,1
3.794,0.0,239.0,63.0,0.2,15162,47.786051573415165,37.857,1
0.0,0.0,0.0,83.0,1.0,15162,47.786051573415165,2.88,1
0.0,0.0,0.0,274.0,1.0,15162,47.786051573415165,0.0,0
0.0,0.0,0.0,138.0,1.0,15162,47.786051573415165,0.0,0
0.0,0.0,0.0,1000.0,1.0,15162,47.786051573415165,0.0,0
2.609,0.0,1195.0,458.0,0.2,15162,47.786051573415165,2.609,1
9.154,0.0,1428.0,156.0,0.2,15162,47.786051573415165,9.154,1
11.365,7.571,716.0,63.0,0.2,15162,47.786051573415165,40.984,1
0.0,0.0,0.0,83.0,1.0,15162,47.786051573415165,6.253,1
0.0,0.0,0.0,274.0,1.0,15162,47.786051573415165,0.0,0
0.0,0.0,0.0,138.0,1.0,15162,47.786051573415165,0.0,0
0.0,0.0,0.0,1000.0,1.0,15162,47.786051573415165,0.0,0
2.609,0.0,1195.0,458.0,0.2,15162,47.786051573415165,2.609,1
9.154,0.0,1428.0,156.0,0.2,15162,47.786051573415165,9.154,1
15.143,3.778,954.0,63.0,0.2,15162,47.786051573415165,44.111,1
2.88,2.88,239.0,83.0,0.2,15162,47.786051573415165,6.747,1
0.0,0.0,0.0,274.0,1.0,15162,47.786051573415165,0.872,1
0.0,0.0,0.0,138.0,1.0,15162,47.786051573415165,0.0,0
0.0,0.0,0.0,1000.0,1.0,15162,47.786051573415165,0.0,0
2.609,0.0,1195.0,458.0,0.2,15162,47.786051573415165,2.609,1
9.154,0.0,1428.0,156.0,0.2,15162,47.786051573415165,9.154,1
22.714,7.571,1431.0,63.0,0.2,15162,47.786051573415165,47.238,1
2.88,0.0,239.0,83.0,0.2,15162,47.786051573415165,10.12,1
0.0,0.0,0.0,274.0,1.0,15162,47.786051573415165,0.872,1
0.0,0.0,0.0,138.0,1.0,15162,47.786051573415165,0.0,0
0.0,0.0,0.0,1000.0,1.0,15162,47.786051573415165,0.0,0
2.609,0.0,1195.0,458.0,0.2,15162,47.786051573415165,2.609,1
9.154,0.0,1428.0,156.0,0.2,15162,47.786051573415165,9.154,1
30.286,7.572,1908.0,63.0,0.2,15162,47.786051573415165,50.365,1
2.88,0.0,239.0,83.0,0.2,15162,47.786051573415165,13.494,1
0.0,0.0,0.0,274.0,1.0,15162,47.786051573415165,0.872,1
0.0,0.0,0.0,138.0,1.0,15162,47.786051573415165,0.0,0
0.0,0.0,0.0,1000.0,1.0,15162,47.786051573415165,0.0,0
2.609,0.0,1195.0,458.0,0.2,15162,47.786051573415165,2.609,1
9.154,0.0,1428.0,156.0,0.2,15162,47.786051573415165,9.154,1
37.857,7.571,2385.0,63.0,0.2,15162,47.786051573415165,53.492,1
2.88,0.0,239.0,83.0,0.2,15162,47.786051573415165,16.867,1
0.0,0.0,0.0,274.0,1.0,15162,47.786051573415165,0.872,1
0.0,0.0,0.0,138.0,1.0,15162,47.786051573415165,0.0,0
0.0,0.0,0.0,1000.0,1.0,15162,47.786051573415165,0.0,0
2.609,0.0,1195.0,458.0,0.2,15162,47.786051573415165,2.609,1
9.154,0.0,1428.0,156.0,0.2,15162,47.786051573415165,9.154,1
40.984,3.127,2582.0,63.0,0.2,15162,47.786051573415165,56.619,1
6.253,3.373,519.0,83.0,0.2,15162,47.786051573415165,16.867,1
0.0,0.0,0.0,274.0,1.0,15162,47.786051573415165,1.894,1
0.0,0.0,0.0,138.0,1.0,15162,47.786051573415165,0.0,0
0.0,0.0,0.0,1000.0,1.0,15162,47.786051573415165,0.0,0
2.609,0.0,1195.0,458.0,0.2,15162,47.786051573415165,2.609,1
9.154,0.0,1428.0,156.0,0.2,15162,47.786051573415165,9.154,1
44.111,3.127,2779.0,63.0,0.2,15162,47.786051573415165,59.746,1
6.747,0.494,560.0,83.0,0.2,15162,47.786051573415165,16.867,1
0.872,0.872,239.0,274.0,0.2,15162,47.786051573415165,2.044,1
0.0,0.0,0.0,138.0,1.0,15162,47.786051573415165,1.732,1
0.0,0.0,0.0,1000.0,1.0,15162,47.786051573415165,0.0,0
2.609,0.0,1195.0,458.0,0.2,15162,47.786051573415165,2.609,1
9.154,0.0,1428.0,156.0,0.2,15162,47.786051573415165,9.154,1
47.238,3.127,2976.0,63.0,0.2,15162,47.786051573415165,62.873,1
10.12,3.373,840.0,83.0,0.2,15162,47.786051573415165,16.867,1
0.872,0.0,239.0,274.0,0.2,15162,47.786051573415165,3.066,1
0.0,0.0,0.0,138.0,1.0,15162,47.786051573415165,1.732,1
0.0,0.0,0.0,1000.0,1.0,15162,47.786051573415165,0.0,0
2.609,0.0,1195.0,458.0,0.2,15162,47.786051573415165,2.609,1
9.154,0.0,1428.0,156.0,0.2,15162,47.786051573415165,9.154,1
50.365,3.127,3173.0,63.0,0.2,15162,47.786051573415165,66.0,1
13.494,3.374,1120.0,83.0,0.2,15162,47.786051573415165,16.867,1
0.872,0.0,239.0,274.0,0.2,15162,47.786051573415165,4.088,1
0.0,0.0,0.0,138.0,1.0,15162,47.786051573415165,1.732,1
0.0,0.0,0.0,1000.0,1.0,15162,47.786051573415165,0.0,0
2.609,0.0,1195.0,458.0,0.2,15162,47.786051573415165,2.609,1
9.154,0.0,1428.0,156.0,0.2,15162,47.786051573415165,9.154,1
53.492,3.127,3370.0,63.0,0.2,15162,47.786051573415165,66.0,1
16.867,3.373,1400.0,83.0,0.2,15162,47.786051573415165,16.867,1
0.872,0.0,239.0,274.0,0.2,15162,47.786051573415165,4.088,1
0.0,0.0,0.0,138.0,1.0,15162,47.786051573415165,1.732,1
0.0,0.0,0.0,1000.0,1.0,15162,47.786051573415165,0.0,0
2.609,0.0,1195.0,458.0,0.2,15162,47.786051573415165,2.609,1
9.154,0.0,1428.0,156.0,0.2,15162,47.786051573415165,9.154,1
56.619,3.127,3567.0,63.0,0.2,15162,47.786051573415165,66.0,1
16.867,0.0,1400.0,83.0,0.2,15162,47.786051573415165,16.867,1
1.894,1.022,519.0,274.0,0.2,15162,47.786051573415165,4.088,1
0.0,0.0,0.0,138.0,1.0,15162,47.786051573415165,1.732,1
0.0,0.0,0.0,1000.0,1.0,15162,47.786051573415165,0.0,0
2.609,0.0,1195.0,458.0,0.2,15162,47.786051573415165,2.609,1
9.154,0.0,1428.0,156.0,0.2,15162,47.786051573415165,9.154,1
59.746,3.127,3764.0,63.0,0.2,15162,47.786051573415165,66.0,1
16.867,0.0,1400.0,83.0,0.2,15162,47.786051573415165,16.867,1
2.044,0.15,560.0,274.0,0.2,15162,47.786051573415165,4.088,1
1.732,1.732,239.0,138.0,0.2,15162,47.786051573415165,1.732,1
0.0,0.0,0.0,1000.0,1.0,15162,47.786051573415165,0.0,0
2.609,0.0,1195.0,458.0,0.2,15162,47.786051573415165,2.609,1
9.154,0.0,1428.0,156.0,0.2,15162,47.786051573415165,9.154,1
62.873,3.127,3961.0,63.0,0.2,15162,47.786051573415165,66.0,1
16.867,0.0,1400.0,83.0,0.2,15162,47.786051573415165,16.867,1
3.066,1.022,840.0,274.0,0.2,15162,47.786051573415165,4.088,1
1.732,0.0,239.0,138.0,0.2,15162,47.786051573415165,1.732,1
0.0,0.0,0.0,1000.0,1.0,15162,47.786051573415165,0.0,0
2.609,0.0,1195.0,458.0,0.2,15162,47.786051573415165,2.609,1
9.154,0.0,1428.0,156.0,0.2,15162,47.786051573415165,9.154,1
66.0,3.127,4158.0,63.0,0.2,15162,47.786051573415165,66.0,1
16.867,0.0,1400.0,83.0,0.2,15162,47.786051573415165,16.867,1
4.088,1.022,1120.0,274.0,0.2,15162,47.786051573415165,4.088,1
1.732,0.0,239.0,138.0,0.2,15162,47.786051573415165,1.732,1
0.0,0.0,0.0,1000.0,1.0,15162,47.786051573415165,0.0,0
3.25,0.0,442.0,136.0,0.2,4107,88.31826509410763,11.868,1
1.423,0.0,441.0,310.0,0.2,4107,88.31826509410763,6.616,1
0.0,0.0,0.0,183.0,1.0,4107,88.31826509410763,2.415,1
0.0,0.0,0.0,288.0,1.0,4107,88.31826509410763,0.0,0
0.0,0.0,0.0,105.0,1.0,4107,88.31826509410763,0.0,0
0.0,0.0,0.0,212.0,1.0,4107,88.31826509410763,0.0,0
0.0,0.0,0.0,1000.0,1.0,4107,88.31826509410763,0.0,0
6.5,3.25,884.0,136.0,0.2,4107,88.31826509410763,8.618,1
2.845,1.422,882.0,310.0,0.2,4107,88.31826509410763,5.194,1
0.0,0.0,0.0,183.0,1.0,4107,88.31826509410763,7.24,1
0.0,0.0,0.0,288.0,1.0,4107,88.31826509410763,0.0,0
0.0,0.0,0.0,105.0,1.0,4107,88.31826509410763,0.0,0
0.0,0.0,0.0,212.0,1.0,4107,88.31826509410763,0.0,0
0.0,0.0,0.0,1000.0,1.0,4107,88.31826509410763,0.0,0
9.75,3.25,1326.0,136.0,0.2,4107,88.31826509410763,5.368,1
4.268,1.423,1323.0,310.0,0.2,4107,88.31826509410763,3.771,1
0.0,0.0,0.0,183.0,1.0,4107,88.31826509410763,12.066,1
0.0,0.0,0.0,288.0,1.0,4107,88.31826509410763,0.0,0
0.0,0.0,0.0,105.0,1.0,4107,88.31826509410763,0.0,0
0.0,0.0,0.0,212.0,1.0,4107,88.31826509410763,0.0,0
0.0,0.0,0.0,1000.0,1.0,4107,88.31826509410763,0.0,0
13.0,3.25,1768.0,136.0,0.2,4107,88.31826509410763,2.118,1
5.69,1.422,1764.0,310.0,0.2,4107,88.31826509410763,2.348,1
0.0,0.0,0.0,183.0,1.0,4107,88.31826509410763,16.891,1
0.0,0.0,0.0,288.0,1.0,4107,88.31826509410763,0.0,0
0.0,0.0,0.0,105.0,1.0,4107,88.31826509410763,0.0,0
0.0,0.0,0.0,212.0,1.0,4107,88.31826509410763,0.0,0
0.0,0.0,0.0,1000.0,1.0,4107,88.31826509410763,0.0,0
15.118,2.118,2056.0,136.0,0.2,4107,88.31826509410763,0.0,0
6.616,0.926,2051.0,310.0,0.2,4107,88.31826509410763,0.926,1
0.0,0.0,0.0,183.0,1.0,4107,88.31826509410763,20.874,1
0.0,0.0,0.0,288.0,1.0,4107,88.31826509410763,0.0,0
0.0,0.0,0.0,105.0,1.0,4107,88.31826509410763,0.0,0
0.0,0.0,0.0,212.0,1.0,4107,88.31826509410763,0.0,0
0.0,0.0,0.0,1000.0,1.0,4107,88.31826509410763,0.0,0
11.868,-3.25,1614.0,136.0,0.2,4107,88.31826509410763,0.0,0
6.616,0.0,2051.0,310.0,0.2,4107,88.31826509410763,0.0,0
2.415,2.415,442.0,183.0,0.2,4107,88.31826509410763,20.027,1
0.0,0.0,0.0,288.0,1.0,4107,88.31826509410763,1.535,1
0.0,0.0,0.0,105.0,1.0,4107,88.31826509410763,0.0,0
0.0,0.0,0.0,212.0,1.0,4107,88.31826509410763,0.0,0
0.0,0.0,0.0,1000.0,1.0,4107,88.31826509410763,0.0,0
8.618,-3.25,1172.0,136.0,0.2,4107,88.31826509410763,0.0,0
5.194,-1.422,1610.0,310.0,0.2,4107,88.31826509410763,0.0,0
7.24,4.825,1325.0,183.0,0.2,4107,88.31826509410763,16.257,1
0.0,0.0,0.0,288.0,1.0,4107,88.31826509410763,3.931,1
0.0,0.0,0.0,105.0,1.0,4107,88.31826509410763,0.0,0
0.0,0.0,0.0,212.0,1.0,4107,88.31826509410763,0.0,0
0.0,0.0,0.0,1000.0,1.0,4107,88.31826509410763,0.0,0
5.368,-3.25,730.0,136.0,0.2,4107,88.31826509410763,0.0,0
3.771,-1.423,1169.0,310.0,0.2,4107,88.31826509410763,0.0,0
12.066,4.826,2208.0,183.0,0.2,4107,88.31826509410763,12.486,1
0.0,0.0,0.0,288.0,1.0,4107,88.31826509410763,6.326,1
0.0,0.0,0.0,105.0,1.0,4107,88.31826509410763,0.0,0
0.0,0.0,0.0,212.0,1.0,4107,88.31826509410763,0.0,0
0.0,0.0,0.0,1000.0,1.0,4107,88.31826509410763,0.0,0
2.118,-3.25,288.0,136.0,0.2,4107,88.31826509410763,0.0,0
2.348,-1.423,728.0,310.0,0.2,4107,88.31826509410763,0.0,0
16.891,4.825,3091.0,183.0,0.2,4107,88.31826509410763,8.716,1
0.0,0.0,0.0,288.0,1.0,4107,88.31826509410763,8.722,1
0.0,0.0,0.0,105.0,1.0,4107,88.31826509410763,0.0,0
0.0,0.0,0.0,212.0,1.0,4107,88.31826509410763,0.0,0
0.0,0.0,0.0,1000.0,1.0,4107,88.31826509410763,0.0,0
0.0,-2.118,0.0,136.0,1.0,4107,88.31826509410763,0.0,0
0.926,-1.422,287.0,310.0,0.2,4107,88.31826509410763,0.0,0
20.874,3.983,3820.0,183.0,0.2,4107,88.31826509410763,4.945,1
0.0,0.0,0.0,288.0,1.0,4107,88.31826509410763,11.118,1
0.0,0.0,0.0,105.0,1.0,4107,88.31826509410763,0.0,0
0.0,0.0,0.0,212.0,1.0,4107,88.31826509410763,0.0,0
0.0,0.0,0.0,1000.0,1.0,4107,88.31826509410763,0.0,0
0.0,0.0,0.0,136.0,1.0,4107,88.31826509410763,0.0,0
0.0,-0.926,0.0,310.0,1.0,4107,88.31826509410763,0.0,0
20.027,-0.847,3665.0,183.0,0.2,4107,88.31826509410763,3.377,1
1.535,1.535,442.0,288.0,0.2,4107,88.31826509410763,11.351,1
0.0,0.0,0.0,105.0,1.0,4107,88.31826509410763,2.095,1
0.0,0.0,0.0,212.0,1.0,4107,88.31826509410763,0.0,0
0.0,0.0,0.0,1000.0,1.0,4107,88.31826509410763,0.0,0
0.0,0.0,0.0,136.0,1.0,4107,88.31826509410763,0.0,0
0.0,0.0,0.0,310.0,1.0,4107,88.31826509410763,0.0,0
16.257,-3.77,2975.0,183.0,0.2,4107,88.31826509410763,2.322,1
3.931,2.396,1132.0,288.0,0.2,4107,88.31826509410763,11.257,1
0.0,0.0,0.0,105.0,1.0,4107,88.31826509410763,4.19,1
0.0,0.0,0.0,212.0,1.0,4107,88.31826509410763,0.0,0
0.0,0.0,0.0,1000.0,1.0,4107,88.31826509410763,0.0,0
0.0,0.0,0.0,136.0,1.0,4107,88.31826509410763,0.0,0
0.0,0.0,0.0,310.0,1.0,4107,88.31826509410763,0.0,0
12.486,-3.771,2285.0,183.0,0.2,4107,88.31826509410763,1.268,1
6.326,2.395,1822.0,288.0,0.2,4107,88.31826509410763,11.163,1
0.0,0.0,0.0,105.0,1.0,4107,88.31826509410763,6.286,1
0.0,0.0,0.0,212.0,1.0,4107,88.31826509410763,0.0,0
0.0,0.0,0.0,1000.0,1.0,4107,88.31826509410763,0.0,0
0.0,0.0,0.0,136.0,1.0,4107,88.31826509410763,0.0,0
0.0,0.0,0.0,310.0,1.0,4107,88.31826509410763,0.0,0
8.716,-3.77,1595.0,183.0,0.2,4107,88.31826509410763,0.213,0
8.722,2.396,2512.0,288.0,0.2,4107,88.31826509410763,11.069,1
0.0,0.0,0.0,105.0,1.0,4107,88.31826509410763,8.381,1
0.0,0.0,0.0,212.0,1.0,4107,88.31826509410763,0.0,0
0.0,0.0,0.0,1000.0,1.0,4107,88.31826509410763,0.0,0
0.0,0.0,0.0,136.0,1.0,4107,88.31826509410763,0.0,0
0.0,0.0,0.0,310.0,1.0,4107,88.31826509410763,0.0,0
4.945,-3.771,905.0,183.0,0.2,4107,88.31826509410763,0.0,0
11.118,2.396,3202.0,288.0,0.2,4107,88.31826509410763,10.441,1
0.0,0.0,0.0,105.0,1.0,4107,88.31826509410763,10.476,1
0.0,0.0,0.0,212.0,1.0,4107,88.31826509410763,0.0,0
0.0,0.0,0.0,1000.0,1.0,4107,88.31826509410763,0.0,0
0.0,0.0,0.0,136.0,1.0,4107,88.31826509410763,0.0,0
0.0,0.0,0.0,310.0,1.0,4107,88.31826509410763,0.0,0
3.377,-1.568,618.0,183.0,0.2,4107,88.31826509410763,0.0,0
11.351,0.233,3269.0,288.0,0.2,4107,88.31826509410763,10.441,1
2.095,2.095,220.0,105.0,0.2,4107,88.31826509410763,10.476,1
0.0,0.0,0.0,212.0,1.0,4107,88.31826509410763,0.0,0
0.0,0.0,0.0,1000.0,1.0,4107,88.31826509410763,0.0,0
0.0,0.0,0.0,136.0,1.0,4107,88.31826509410763,0.0,0
0.0,0.0,0.0,310.0,1.0,4107,88.31826509410763,0.0,0
2.322,-1.055,425.0,183.0,0.2,4107,88.31826509410763,0.0,0
11.257,-0.094,3242.0,288.0,0.2,4107,88.31826509410763,10.441,1
4.19,2.095,440.0,105.0,0.2,4107,88.31826509410763,10.476,1
0.0,0.0,0.0,212.0,1.0,4107,88.31826509410763,0.0,0
0.0,0.0,0.0,1000.0,1.0,4107,88.31826509410763,0.0,0
0.0,0.0,0.0,136.0,1.0,4107,88.31826509410763,0.0,0
0.0,0.0,0.0,310.0,1.0,4107,88.31826509410763,0.0,0
1.268,-1.054,232.0,183.0,0.2,4107,88.31826509410763,0.0,0
11.163,-0.094,3215.0,288.0,0.2,4107,88.31826509410763,10.441,1
6.286,2.096,660.0,105.0,0.2,4107,88.31826509410763,10.476,1
0.0,0.0,0.0,212.0,1.0,4107,88.31826509410763,0.0,0
0.0,0.0,0.0,1000.0,1.0,4107,88.31826509410763,0.0,0
0.0,0.0,0.0,136.0,1.0,4107,88.31826509410763,0.0,0
0.0,0.0,0.0,310.0,1.0,4107,88.31826509410763,0.0,0
0.213,-1.055,39.0,183.0,1.0,4107,88.31826509410763,0.0,0
11.069,-0.094,3188.0,288.0,0.2,4107,88.31826509410763,10.441,1
8.381,2.095,880.0,105.0,0.2,4107,88.31826509410763,10.476,1
0.0,0.0,0.0,212.0,1.0,4107,88.31826509410763,0.0,0
0.0,0.0,0.0,1000.0,1.0,4107,88.31826509410763,0.0,0
0.0,0.0,0.0,136.0,1.0,4107,88.31826509410763,0.0,0
0.0,0.0,0.0,310.0,1.0,4107,88.31826509410763,0.0,0
0.0,-0.213,0.0,183.0,1.0,4107,88.31826509410763,0.0,0
10.441,-0.628,3007.0,288.0,0.2,4107,88.31826509410763,10.441,1
10.476,2.095,1100.0,105.0,0.2,4107,88.31826509410763,10.476,1
0.0,0.0,0.0,212.0,1.0,4107,88.31826509410763,0.0,0
0.0,0.0,0.0,1000.0,1.0,4107,88.31826509410763,0.0,0
0.496,0.0,182.0,367.0,1.0,13731,36.48717932883896,0.496,0
0.381,0.0,182.0,478.0,1.0,13731,36.48717932883896,1.523,1
0.0,0.0,0.0,65.0,1.0,13731,36.48717932883896,19.6,1
0.0,0.0,0.0,234.0,1.0,13731,36.48717932883896,0.0,0
0.0,0.0,0.0,156.0,1.0,13731,36.48717932883896,0.0,0
0.0,0.0,0.0,82.0,1.0,13731,36.48717932883896,0.0,0
0.0,0.0,0.0,1000.0,1.0,13731,36.48717932883896,0.0,0
0.496,0.0,182.0,367.0,1.0,13731,36.48717932883896,0.496,0
0.762,0.381,364.0,478.0,0.5,13731,36.48717932883896,1.904,1
2.8,2.8,182.0,65.0,0.2,13731,36.48717932883896,19.6,1
0.0,0.0,0.0,234.0,1.0,13731,36.48717932883896,0.778,0
0.0,0.0,0.0,156.0,1.0,13731,36.48717932883896,0.0,0
0.0,0.0,0.0,82.0,1.0,13731,36.48717932883896,0.0,0
0.0,0.0,0.0,1000.0,1.0,13731,36.48717932883896,0.0,0
0.496,0.0,182.0,367.0,1.0,13731,36.48717932883896,0.496,0
0.762,0.0,364.0,478.0,0.5,13731,36.48717932883896,1.904,1
8.4,5.6,546.0,65.0,0.2,13731,36.48717932883896,21.815,1
0.0,0.0,0.0,234.0,1.0,13731,36.48717932883896,1.718,1
0.0,0.0,0.0,156.0,1.0,13731,36.48717932883896,0.0,0
0.0,0.0,0.0,82.0,1.0,13731,36.48717932883896,0.0,0
0.0,0.0,0.0,1000.0,1.0,13731,36.48717932883896,0.0,0
0.496,0.0,182.0,367.0,1.0,13731,36.48717932883896,0.496,0
1.142,0.38,546.0,478.0,0.2,13731,36.48717932883896,2.285,1
11.2,2.8,728.0,65.0,0.2,13731,36.48717932883896,21.815,1
0.0,0.0,0.0,234.0,1.0,13731,36.48717932883896,2.496,1
0.0,0.0,0.0,156.0,1.0,13731,36.48717932883896,0.0,0
0.0,0.0,0.0,82.0,1.0,13731,36.48717932883896,0.0,0
0.0,0.0,0.0,1000.0,1.0,13731,36.48717932883896,0.0,0
0.496,0.0,182.0,367.0,1.0,13731,36.48717932883896,0.496,0
1.142,0.0,546.0,478.0,0.2,13731,36.48717932883896,2.285,1
16.8,5.6,1092.0,65.0,0.2,13731,36.48717932883896,24.031,1
0.0,0.0,0.0,234.0,1.0,13731,36.48717932883896,2.658,1
0.0,0.0,0.0,156.0,1.0,13731,36.48717932883896,1.167,1
0.0,0.0,0.0,82.0,1.0,13731,36.48717932883896,0.0,0
0.0,0.0,0.0,1000.0,1.0,13731,36.48717932883896,0.0,0
0.496,0.0,182.0,367.0,1.0,13731,36.48717932883896,0.496,0
1.523,0.381,728.0,478.0,0.2,13731,36.48717932883896,2.285,1
19.6,2.8,1274.0,65.0,0.2,13731,36.48717932883896,26.831,1
0.0,0.0,0.0,234.0,1.0,13731,36.48717932883896,3.436,1
0.0,0.0,0.0,156.0,1.0,13731,36.48717932883896,1.167,1
0.0,0.0,0.0,82.0,1.0,13731,36.48717932883896,0.0,0
0.0,0.0,0.0,1000.0,1.0,13731,36.48717932883896,0.0,0
0.496,0.0,182.0,367.0,1.0,13731,36.48717932883896,0.496,0
1.904,0.381,910.0,478.0,0.2,13731,36.48717932883896,2.285,1
19.6,0.0,1274.0,65.0,0.2,13731,36.48717932883896,29.631,1
0.778,0.778,182.0,234.0,0.5,13731,36.48717932883896,4.214,1
0.0,0.0,0.0,156.0,1.0,13731,36.48717932883896,1.167,1
0.0,0.0,0.0,82.0,1.0,13731,36.48717932883896,0.0,0
0.0,0.0,0.0,1000.0,1.0,13731,36.48717932883896,0.0,0
0.496,0.0,182.0,367.0,1.0,13731,36.48717932883896,0.496,0
1.904,0.0,910.0,478.0,0.2,13731,36.48717932883896,2.285,1
21.815,2.215,1418.0,65.0,0.2,13731,36.48717932883896,31.846,1
1.718,0.94,402.0,234.0,0.2,13731,36.48717932883896,4.214,1
0.0,0.0,0.0,156.0,1.0,13731,36.48717932883896,2.577,1
0.0,0.0,0.0,82.0,1.0,13731,36.48717932883896,0.0,0
0.0,0.0,0.0,1000.0,1.0,13731,36.48717932883896,0.0,0
0.496,0.0,182.0,367.0,1.0,13731,36.48717932883896,0.496,0
2.285,0.381,1092.0,478.0,0.2,13731,36.48717932883896,2.285,1
21.815,0.0,1418.0,65.0,0.2,13731,36.48717932883896,34.646,1
2.496,0.778,584.0,234.0,0.2,13731,36.48717932883896,4.214,1
0.0,0.0,0.0,156.0,1.0,13731,36.48717932883896,3.744,1
0.0,0.0,0.0,82.0,1.0,13731,36.48717932883896,0.0,0
0.0,0.0,0.0,1000.0,1.0,13731,36.48717932883896,0.0,0
0.496,0.0,182.0,367.0,1.0,13731,36.48717932883896,0.496,0
2.285,0.0,1092.0,478.0,0.2,13731,36.48717932883896,2.285,1
24.031,2.216,1562.0,65.0,0.2,13731,36.48717932883896,36.862,1
2.658,0.162,622.0,234.0,0.2,13731,36.48717932883896,4.214,1
1.167,1.167,182.0,156.0,0.2,13731,36.48717932883896,3.987,1
0.0,0.0,0.0,82.0,1.0,13731,36.48717932883896,2.22,1
0.0,0.0,0.0,1000.0,1.0,13731,36.48717932883896,0.0,0
0.496,0.0,182.0,367.0,1.0,13731,36.48717932883896,0.496,0
2.285,0.0,1092.0,478.0,0.2,13731,36.48717932883896,2.285,1
26.831,2.8,1744.0,65.0,0.2,13731,36.48717932883896,39.077,1
3.436,0.778,804.0,234.0,0.2,13731,36.48717932883896,4.376,1
1.167,0.0,182.0,156.0,0.2,13731,36.48717932883896,5.154,1
0.0,0.0,0.0,82.0,1.0,13731,36.48717932883896,2.22,1
0.0,0.0,0.0,1000.0,1.0,13731,36.48717932883896,0.0,0
0.496,0.0,182.0,367.0,1.0,13731,36.48717932883896,0.496,0
2.285,0.0,1092.0,478.0,0.2,13731,36.48717932883896,2.285,1
29.631,2.8,1926.0,65.0,0.2,13731,36.48717932883896,41.292,1
4.214,0.778,986.0,234.0,0.2,13731,36.48717932883896,4.538,1
1.167,0.0,182.0,156.0,0.2,13731,36.48717932883896,6.321,1
0.0,0.0,0.0,82.0,1.0,13731,36.48717932883896,2.22,1
0.0,0.0,0.0,1000.0,1.0,13731,36.48717932883896,0.0,0
0.496,0.0,182.0,367.0,1.0,13731,36.48717932883896,0.496,0
2.285,0.0,1092.0,478.0,0.2,13731,36.48717932883896,2.285,1
31.846,2.215,2070.0,65.0,0.2,13731,36.48717932883896,43.508,1
4.214,0.0,986.0,234.0,0.2,13731,36.48717932883896,4.538,1
2.577,1.41,402.0,156.0,0.2,13731,36.48717932883896,6.321,1
0.0,0.0,0.0,82.0,1.0,13731,36.48717932883896,4.902,1
0.0,0.0,0.0,1000.0,1.0,13731,36.48717932883896,0.0,0
0.496,0.0,182.0,367.0,1.0,13731,36.48717932883896,0.496,0
2.285,0.0,1092.0,478.0,0.2,13731,36.48717932883896,2.285,1
34.646,2.8,2252.0,65.0,0.2,13731,36.48717932883896,45.723,1
4.214,0.0,986.0,234.0,0.2,13731,36.48717932883896,4.701,1
3.744,1.167,584.0,156.0,0.2,13731,36.48717932883896,6.321,1
0.0,0.0,0.0,82.0,1.0,13731,36.48717932883896,7.122,1
0.0,0.0,0.0,1000.0,1.0,13731,36.48717932883896,0.0,0
0.496,0.0,182.0,367.0,1.0,13731,36.48717932883896,0.496,0
2.285,0.0,1092.0,478.0,0.2,13731,36.48717932883896,2.285,1
36.862,2.216,2396.0,65.0,0.2,13731,36.48717932883896,47.938,1
4.214,0.0,986.0,234.0,0.2,13731,36.48717932883896,4.701,1
3.987,0.243,622.0,156.0,0.2,13731,36.48717932883896,6.321,1
2.22,2.22,182.0,82.0,0.2,13731,36.48717932883896,9.805,1
0.0,0.0,0.0,1000.0,1.0,13731,36.48717932883896,0.0,0
0.496,0.0,182.0,367.0,1.0,13731,36.48717932883896,0.496,0
2.285,0.0,1092.0,478.0,0.2,13731,36.48717932883896,2.285,1
39.077,2.215,2540.0,65.0,0.2,13731,36.48717932883896,47.938,1
4.376,0.162,1024.0,234.0,0.2,13731,36.48717932883896,4.701,1
5.154,1.167,804.0,156.0,0.2,13731,36.48717932883896,6.321,1
2.22,0.0,182.0,82.0,0.2,13731,36.48717932883896,9.805,1
0.0,0.0,0.0,1000.0,1.0,13731,36.48717932883896,0.0,0
0.496,0.0,182.0,367.0,1.0,13731,36.48717932883896,0.496,0
2.285,0.0,1092.0,478.0,0.2,13731,36.48717932883896,2.285,1
41.292,2.215,2684.0,65.0,0.2,13731,36.48717932883896,47.938,1
4.538,0.162,1062.0,234.0,0.2,13731,36.48717932883896,4.701,1
6.321,1.167,986.0,156.0,0.2,13731,36.48717932883896,6.321,1
2.22,0.0,182.0,82.0,0.2,13731,36.48717932883896,9.805,1
0.0,0.0,0.0,1000.0,1.0,13731,36.48717932883896,0.0,0
0.496,0.0,182.0,367.0,1.0,13731,36.48717932883896,0.496,0
2.285,0.0,1092.0,478.0,0.2,13731,36.48717932883896,2.285,1
43.508,2.216,2828.0,65.0,0.2,13731,36.48717932883896,47.938,1
4.538,0.0,1062.0,234.0,0.2,13731,36.48717932883896,4.701,1
6.321,0.0,986.0,156.0,0.2,13731,36.48717932883896,6.321,1
4.902,2.682,402.0,82.0,0.2,13731,36.48717932883896,9.805,1
0.0,0.0,0.0,1000.0,1.0,13731,36.48717932883896,0.0,0
0.496,0.0,182.0,367.0,1.0,13731,36.48717932883896,0.496,0
2.285,0.0,1092.0,478.0,0.2,13731,36.48717932883896,2.285,1
45.723,2.215,2972.0,65.0,0.2,13731,36.48717932883896,47.938,1
4.701,0.163,1100.0,234.0,0.2,13731,36.48717932883896,4.701,1
6.321,0.0,986.0,156.0,0.2,13731,36.48717932883896,6.321,1
7.122,2.22,584.0,82.0,0.2,13731,36.48717932883896,9.805,1
0.0,0.0,0.0,1000.0,1.0,13731,36.48717932883896,0.0,0
0.496,0.0,182.0,367.0,1.0,13731,36.48717932883896,0.496,0
2.285,0.0,1092.0,478.0,0.2,13731,36.48717932883896,2.285,1
47.938,2.215,3116.0,65.0,0.2,13731,36.48717932883896,47.938,1
4.701,0.0,1100.0,234.0,0.2,13731,36.48717932883896,4.701,1
6.321,0.0,986.0,156.0,0.2,13731,36.48717932883896,6.321,1
9.805,2.683,804.0,82.0,0.2,13731,36.48717932883896,9.805,1
0.0,0.0,0.0,1000.0,1.0,13731,36.48717932883896,0.0,0
1.295,0.0,439.0,339.0,0.2,1389,87.73455821722001,1.165,1
1.788,0.0,438.0,245.0,0.2,1389,87.73455821722001,2.833,1
0.0,0.0,0.0,144.0,1.0,1389,87.73455821722001,2.083,1
0.0,0.0,0.0,166.0,1.0,1389,87.73455821722001,0.0,0
0.0,0.0,0.0,84.0,1.0,1389,87.73455821722001,0.0,0
0.0,0.0,0.0,291.0,1.0,1389,87.73455821722001,0.0,0
0.0,0.0,0.0,1000.0,1.0,1389,87.73455821722001,0.0,0
2.05,0.755,695.0,339.0,0.2,1389,87.73455821722001,0.41,0
2.833,1.045,694.0,245.0,0.2,1389,87.73455821722001,1.486,1
0.0,0.0,0.0,144.0,1.0,1389,87.73455821722001,6.153,1
0.0,0.0,0.0,166.0,1.0,1389,87.73455821722001,0.0,0
0.0,0.0,0.0,84.0,1.0,1389,87.73455821722001,0.0,0
0.0,0.0,0.0,291.0,1.0,1389,87.73455821722001,0.0,0
0.0,0.0,0.0,1000.0,1.0,1389,87.73455821722001,0.0,0
2.05,0.0,695.0,339.0,0.2,1389,87.73455821722001,0.0,0
2.833,0.0,694.0,245.0,0.2,1389,87.73455821722001,0.441,0
0.0,0.0,0.0,144.0,1.0,1389,87.73455821722001,8.896,1
0.0,0.0,0.0,166.0,1.0,1389,87.73455821722001,0.0,0
0.0,0.0,0.0,84.0,1.0,1389,87.73455821722001,0.0,0
0.0,0.0,0.0,291.0,1.0,1389,87.73455821722001,0.0,0
0.0,0.0,0.0,1000.0,1.0,1389,87.73455821722001,0.0,0
2.05,0.0,695.0,339.0,0.2,1389,87.73455821722001,0.0,0
2.833,0.0,694.0,245.0,0.2,1389,87.73455821722001,0.0,0
0.0,0.0,0.0,144.0,1.0,1389,87.73455821722001,9.646,1
0.0,0.0,0.0,166.0,1.0,1389,87.73455821722001,0.0,0
0.0,0.0,0.0,84.0,1.0,1389,87.73455821722001,0.0,0
0.0,0.0,0.0,291.0,1.0,1389,87.73455821722001,0.0,0
0.0,0.0,0.0,1000.0,1.0,1389,87.73455821722001,0.0,0
2.05,0.0,695.0,339.0,0.2,1389,87.73455821722001,0.0,0
2.833,0.0,694.0,245.0,0.2,1389,87.73455821722001,0.0,0
0.0,0.0,0.0,144.0,1.0,1389,87.73455821722001,9.646,1
0.0,0.0,0.0,166.0,1.0,1389,87.73455821722001,0.0,0
0.0,0.0,0.0,84.0,1.0,1389,87.73455821722001,0.0,0
0.0,0.0,0.0,291.0,1.0,1389,87.73455821722001,0.0,0
0.0,0.0,0.0,1000.0,1.0,1389,87.73455821722001,0.0,0
1.165,-0.885,395.0,339.0,0.2,1389,87.73455821722001,0.0,0
2.833,0.0,694.0,245.0,0.2,1389,87.73455821722001,0.0,0
2.083,2.083,300.0,144.0,0.2,1389,87.73455821722001,7.562,1
0.0,0.0,0.0,166.0,1.0,1389,87.73455821722001,1.807,1
0.0,0.0,0.0,84.0,1.0,1389,87.73455821722001,0.0,0
0.0,0.0,0.0,291.0,1.0,1389,87.73455821722001,0.0,0
0.0,0.0,0.0,1000.0,1.0,1389,87.73455821722001,0.0,0
0.41,-0.755,139.0,339.0,1.0,1389,87.73455821722001,0.0,0
1.486,-1.347,364.0,245.0,0.2,1389,87.73455821722001,0.0,0
6.153,4.07,886.0,144.0,0.2,1389,87.73455821722001,3.493,1
0.0,0.0,0.0,166.0,1.0,1389,87.73455821722001,5.337,1
0.0,0.0,0.0,84.0,1.0,1389,87.73455821722001,0.0,0
0.0,0.0,0.0,291.0,1.0,1389,87.73455821722001,0.0,0
0.0,0.0,0.0,1000.0,1.0,1389,87.73455821722001,0.0,0
0.0,-0.41,0.0,339.0,1.0,1389,87.73455821722001,0.0,0
0.441,-1.045,108.0,245.0,1.0,1389,87.73455821722001,0.0,0
8.896,2.743,1281.0,144.0,0.2,1389,87.73455821722001,0.75,0
0.0,0.0,0.0,166.0,1.0,1389,87.73455821722001,7.717,1
0.0,0.0,0.0,84.0,1.0,1389,87.73455821722001,0.0,0
0.0,0.0,0.0,291.0,1.0,1389,87.73455821722001,0.0,0
0.0,0.0,0.0,1000.0,1.0,1389,87.73455821722001,0.0,0
0.0,0.0,0.0,339.0,1.0,1389,87.73455821722001,0.0,0
0.0,-0.441,0.0,245.0,1.0,1389,87.73455821722001,0.0,0
9.646,0.75,1389.0,144.0,0.2,1389,87.73455821722001,0.0,0
0.0,0.0,0.0,166.0,1.0,1389,87.73455821722001,8.367,1
0.0,0.0,0.0,84.0,1.0,1389,87.73455821722001,0.0,0
0.0,0.0,0.0,291.0,1.0,1389,87.73455821722001,0.0,0
0.0,0.0,0.0,1000.0,1.0,1389,87.73455821722001,0.0,0
0.0,0.0,0.0,339.0,1.0,1389,87.73455821722001,0.0,0
0.0,0.0,0.0,245.0,1.0,1389,87.73455821722001,0.0,0
9.646,0.0,1389.0,144.0,0.2,1389,87.73455821722001,0.0,0
0.0,0.0,0.0,166.0,1.0,1389,87.73455821722001,8.367,1
0.0,0.0,0.0,84.0,1.0,1389,87.73455821722001,0.0,0
0.0,0.0,0.0,291.0,1.0,1389,87.73455821722001,0.0,0
0.0,0.0,0.0,1000.0,1.0,1389,87.73455821722001,0.0,0
0.0,0.0,0.0,339.0,1.0,1389,87.73455821722001,0.0,0
0.0,0.0,0.0,245.0,1.0,1389,87.73455821722001,0.0,0
7.562,-2.084,1089.0,144.0,0.2,1389,87.73455821722001,0.0,0
1.807,1.807,300.0,166.0,0.2,1389,87.73455821722001,6.56,1
0.0,0.0,0.0,84.0,1.0,1389,87.73455821722001,3.571,1
0.0,0.0,0.0,291.0,1.0,1389,87.73455821722001,0.0,0
0.0,0.0,0.0,1000.0,1.0,1389,87.73455821722001,0.0,0
0.0,0.0,0.0,339.0,1.0,1389,87.73455821722001,0.0,0
0.0,0.0,0.0,245.0,1.0,1389,87.73455821722001,0.0,0
3.493,-4.069,503.0,144.0,0.2,1389,87.73455821722001,0.0,0
5.337,3.53,886.0,166.0,0.2,1389,87.73455821722001,3.03,1
0.0,0.0,0.0,84.0,1.0,1389,87.73455821722001,10.548,1
0.0,0.0,0.0,291.0,1.0,1389,87.73455821722001,0.0,0
0.0,0.0,0.0,1000.0,1.0,1389,87.73455821722001,0.0,0
0.0,0.0,0.0,339.0,1.0,1389,87.73455821722001,0.0,0
0.0,0.0,0.0,245.0,1.0,1389,87.73455821722001,0.0,0
0.75,-2.743,108.0,144.0,0.5,1389,87.73455821722001,0.0,0
7.717,2.38,1281.0,166.0,0.2,1389,87.73455821722001,0.651,0
0.0,0.0,0.0,84.0,1.0,1389,87.73455821722001,15.25,1
0.0,0.0,0.0,291.0,1.0,1389,87.73455821722001,0.0,0
0.0,0.0,0.0,1000.0,1.0,1389,87.73455821722001,0.0,0
0.0,0.0,0.0,339.0,1.0,1389,87.73455821722001,0.0,0
0.0,0.0,0.0,245.0,1.0,1389,87.73455821722001,0.0,0
0.0,-0.75,0.0,144.0,1.0,1389,87.73455821722001,0.0,0
8.367,0.65,1389.0,166.0,0.2,1389,87.73455821722001,0.0,0
0.0,0.0,0.0,84.0,1.0,1389,87.73455821722001,16.536,1
0.0,0.0,0.0,291.0,1.0,1389,87.73455821722001,0.0,0
0.0,0.0,0.0,1000.0,1.0,1389,87.73455821722001,0.0,0
0.0,0.0,0.0,339.0,1.0,1389,87.73455821722001,0.0,0
0.0,0.0,0.0,245.0,1.0,1389,87.73455821722001,0.0,0
0.0,0.0,0.0,144.0,1.0,1389,87.73455821722001,0.0,0
8.367,0.0,1389.0,166.0,0.2,1389,87.73455821722001,0.0,0
0.0,0.0,0.0,84.0,1.0,1389,87.73455821722001,16.536,1
0.0,0.0,0.0,291.0,1.0,1389,87.73455821722001,0.0,0
0.0,0.0,0.0,1000.0,1.0,1389,87.73455821722001,0.0,0
0.0,0.0,0.0,339.0,1.0,1389,87.73455821722001,0.0,0
0.0,0.0,0.0,245.0,1.0,1389,87.73455821722001,0.0,0
0.0,0.0,0.0,144.0,1.0,1389,87.73455821722001,0.0,0
6.56,-1.807,1089.0,166.0,0.2,1389,87.73455821722001,0.0,0
3.571,3.571,300.0,84.0,0.2,1389,87.73455821722001,16.536,1
0.0,0.0,0.0,291.0,1.0,1389,87.73455821722001,0.0,0
0.0,0.0,0.0,1000.0,1.0,1389,87.73455821722001,0.0,0
0.0,0.0,0.0,339.0,1.0,1389,87.73455821722001,0.0,0
0.0,0.0,0.0,245.0,1.0,1389,87.73455821722001,0.0,0
0.0,0.0,0.0,144.0,1.0,1389,87.73455821722001,0.0,0
3.03,-3.53,503.0,166.0,0.2,1389,87.73455821722001,0.0,0
10.548,6.977,886.0,84.0,0.2,1389,87.73455821722001,16.536,1
0.0,0.0,0.0,291.0,1.0,1389,87.73455821722001,0.0,0
0.0,0.0,0.0,1000.0,1.0,1389,87.73455821722001,0.0,0
0.0,0.0,0.0,339.0,1.0,1389,87.73455821722001,0.0,0
0.0,0.0,0.0,245.0,1.0,1389,87.73455821722001,0.0,0
0.0,0.0,0.0,144.0,1.0,1389,87.73455821722001,0.0,0
0.651,-2.379,108.0,166.0,0.8,1389,87.73455821722001,0.0,0
15.25,4.702,1281.0,84.0,0.2,1389,87.73455821722001,16.536,1
0.0,0.0,0.0,291.0,1.0,1389,87.73455821722001,0.0,0
0.0,0.0,0.0,1000.0,1.0,1389,87.73455821722001,0.0,0
0.0,0.0,0.0,339.0,1.0,1389,87.73455821722001,0.0,0
0.0,0.0,0.0,245.0,1.0,1389,87.73455821722001,0.0,0
0.0,0.0,0.0,144.0,1.0,1389,87.73455821722001,0.0,0
0.0,-0.651,0.0,166.0,1.0,1389,87.73455821722001,0.0,0
16.536,1.286,1389.0,84.0,0.2,1389,87.73455821722001,16.536,1
0.0,0.0,0.0,291.0,1.0,1389,87.73455821722001,0.0,0
0.0,0.0,0.0,1000.0,1.0,1389,87.73455821722001,0.0,0
0.0,0.0,0.0,339.0,1.0,1389,87.73455821722001,0.0,0
0.0,0.0,0.0,245.0,1.0,1389,87.73455821722001,0.0,0
0.0,0.0,0.0,144.0,1.0,1389,87.73455821722001,0.0,0
0.0,0.0,0.0,166.0,1.0,1389,87.73455821722001,0.0,0
16.536,0.0,1389.0,84.0,0.2,1389,87.73455821722001,16.536,1
0.0,0.0,0.0,291.0,1.0,1389,87.73455821722001,0.0,0
0.0,0.0,0.0,1000.0,1.0,1389,87.73455821722001,0.0,0
2.562,0.0,615.0,240.0,0.2,7108,122.91879474877807,12.258,1
3.862,0.0,614.0,159.0,0.2,7108,122.91879474877807,22.333,1
0.0,0.0,0.0,129.0,1.0,7108,122.91879474877807,4.767,1
0.0,0.0,0.0,207.0,1.0,7108,122.91879474877807,0.0,0
0.0,0.0,0.0,161.0,1.0,7108,122.91879474877807,0.0,0
0.0,0.0,0.0,250.0,1.0,7108,122.91879474877807,0.0,0
0.0,0.0,0.0,1000.0,1.0,7108,122.91879474877807,0.0,0
5.125,2.563,1230.0,240.0,0.2,7108,122.91879474877807,9.696,1
7.723,3.861,1228.0,159.0,0.2,7108,122.91879474877807,18.472,1
0.0,0.0,0.0,129.0,1.0,7108,122.91879474877807,14.295,1
0.0,0.0,0.0,207.0,1.0,7108,122.91879474877807,0.0,0
0.0,0.0,0.0,161.0,1.0,7108,122.91879474877807,0.0,0
0.0,0.0,0.0,250.0,1.0,7108,122.91879474877807,0.0,0
0.0,0.0,0.0,1000.0,1.0,7108,122.91879474877807,0.0,0
7.688,2.563,1845.0,240.0,0.2,7108,122.91879474877807,7.133,1
11.585,3.862,1842.0,159.0,0.2,7108,122.91879474877807,14.61,1
0.0,0.0,0.0,129.0,1.0,7108,122.91879474877807,23.822,1
0.0,0.0,0.0,207.0,1.0,7108,122.91879474877807,0.0,0
0.0,0.0,0.0,161.0,1.0,7108,122.91879474877807,0.0,0
0.0,0.0,0.0,250.0,1.0,7108,122.91879474877807,0.0,0
0.0,0.0,0.0,1000.0,1.0,7108,122.91879474877807,0.0,0
10.25,2.562,2460.0,240.0,0.2,7108,122.91879474877807,4.571,1
15.447,3.862,2456.0,159.0,0.2,7108,122.91879474877807,10.748,1
0.0,0.0,0.0,129.0,1.0,7108,122.91879474877807,33.349,1
0.0,0.0,0.0,207.0,1.0,7108,122.91879474877807,0.0,0
0.0,0.0,0.0,161.0,1.0,7108,122.91879474877807,0.0,0
0.0,0.0,0.0,250.0,1.0,7108,122.91879474877807,0.0,0
0.0,0.0,0.0,1000.0,1.0,7108,122.91879474877807,0.0,0
12.812,2.562,3075.0,240.0,0.2,7108,122.91879474877807,2.008,1
19.308,3.861,3070.0,159.0,0.2,7108,122.91879474877807,6.887,1
0.0,0.0,0.0,129.0,1.0,7108,122.91879474877807,42.876,1
0.0,0.0,0.0,207.0,1.0,7108,122.91879474877807,0.0,0
0.0,0.0,0.0,161.0,1.0,7108,122.91879474877807,0.0,0
0.0,0.0,0.0,250.0,1.0,7108,122.91879474877807,0.0,0
0.0,0.0,0.0,1000.0,1.0,7108,122.91879474877807,0.0,0
12.258,-0.554,2942.0,240.0,0.2,7108,122.91879474877807,0.0,0
22.333,3.025,3551.0,159.0,0.2,7108,122.91879474877807,3.025,1
4.767,4.767,615.0,129.0,0.2,7108,122.91879474877807,49.512,1
0.0,0.0,0.0,207.0,1.0,7108,122.91879474877807,1.159,1
0.0,0.0,0.0,161.0,1.0,7108,122.91879474877807,0.0,0
0.0,0.0,0.0,250.0,1.0,7108,122.91879474877807,0.0,0
0.0,0.0,0.0,1000.0,1.0,7108,122.91879474877807,0.0,0
9.696,-2.562,2327.0,240.0,0.2,7108,122.91879474877807,0.0,0
18.472,-3.861,2937.0,159.0,0.2,7108,122.91879474877807,0.0,0
14.295,9.528,1844.0,129.0,0.2,7108,122.91879474877807,51.38,1
0.0,0.0,0.0,207.0,1.0,7108,122.91879474877807,2.319,1
0.0,0.0,0.0,161.0,1.0,7108,122.91879474877807,0.0,0
0.0,0.0,0.0,250.0,1.0,7108,122.91879474877807,0.0,0
0.0,0.0,0.0,1000.0,1.0,7108,122.91879474877807,0.0,0
7.133,-2.563,1712.0,240.0,0.2,7108,122.91879474877807,0.0,0
14.61,-3.862,2323.0,159.0,0.2,7108,122.91879474877807,0.0,0
23.822,9.527,3073.0,129.0,0.2,7108,122.91879474877807,49.519,1
0.0,0.0,0.0,207.0,1.0,7108,122.91879474877807,3.478,1
0.0,0.0,0.0,161.0,1.0,7108,122.91879474877807,0.0,0
0.0,0.0,0.0,250.0,1.0,7108,122.91879474877807,0.0,0
0.0,0.0,0.0,1000.0,1.0,7108,122.91879474877807,0.0,0
4.571,-2.562,1097.0,240.0,0.2,7108,122.91879474877807,0.0,0
10.748,-3.862,1709.0,159.0,0.2,7108,122.91879474877807,0.0,0
33.349,9.527,4302.0,129.0,0.2,7108,122.91879474877807,47.659,1
0.0,0.0,0.0,207.0,1.0,7108,122.91879474877807,4.638,1
0.0,0.0,0.0,161.0,1.0,7108,122.91879474877807,0.0,0
0.0,0.0,0.0,250.0,1.0,7108,122.91879474877807,0.0,0
0.0,0.0,0.0,1000.0,1.0,7108,122.91879474877807,0.0,0
2.008,-2.563,482.0,240.0,0.2,7108,122.91879474877807,0.0,0
6.887,-3.861,1095.0,159.0,0.2,7108,122.91879474877807,0.0,0
42.876,9.527,5531.0,129.0,0.2,7108,122.91879474877807,45.798,1
0.0,0.0,0.0,207.0,1.0,7108,122.91879474877807,5.797,1
0.0,0.0,0.0,161.0,1.0,7108,122.91879474877807,0.0,0
0.0,0.0,0.0,250.0,1.0,7108,122.91879474877807,0.0,0
0.0,0.0,0.0,1000.0,1.0,7108,122.91879474877807,0.0,0
0.0,-2.008,0.0,240.0,1.0,7108,122.91879474877807,0.0,0
3.025,-3.862,481.0,159.0,0.2,7108,122.91879474877807,0.0,0
49.512,6.636,6387.0,129.0,0.2,7108,122.91879474877807,43.938,1
1.159,1.159,240.0,207.0,0.2,7108,122.91879474877807,5.797,1
0.0,0.0,0.0,161.0,1.0,7108,122.91879474877807,1.491,1
0.0,0.0,0.0,250.0,1.0,7108,122.91879474877807,0.0,0
0.0,0.0,0.0,1000.0,1.0,7108,122.91879474877807,0.0,0
0.0,0.0,0.0,240.0,1.0,7108,122.91879474877807,0.0,0
0.0,-3.025,0.0,159.0,1.0,7108,122.91879474877807,0.0,0
51.38,1.868,6628.0,129.0,0.2,7108,122.91879474877807,42.078,1
2.319,1.16,480.0,207.0,0.2,7108,122.91879474877807,5.797,1
0.0,0.0,0.0,161.0,1.0,7108,122.91879474877807,2.981,1
0.0,0.0,0.0,250.0,1.0,7108,122.91879474877807,0.0,0
0.0,0.0,0.0,1000.0,1.0,7108,122.91879474877807,0.0,0
0.0,0.0,0.0,240.0,1.0,7108,122.91879474877807,0.0,0
0.0,0.0,0.0,159.0,1.0,7108,122.91879474877807,0.0,0
49.519,-1.861,6388.0,129.0,0.2,7108,122.91879474877807,40.217,1
3.478,1.159,720.0,207.0,0.2,7108,122.91879474877807,5.797,1
0.0,0.0,0.0,161.0,1.0,7108,122.91879474877807,4.472,1
0.0,0.0,0.0,250.0,1.0,7108,122.91879474877807,0.0,0
0.0,0.0,0.0,1000.0,1.0,7108,122.91879474877807,0.0,0
0.0,0.0,0.0,240.0,1.0,7108,122.91879474877807,0.0,0
0.0,0.0,0.0,159.0,1.0,7108,122.91879474877807,0.0,0
47.659,-1.86,6148.0,129.0,0.2,7108,122.91879474877807,38.357,1
4.638,1.16,960.0,207.0,0.2,7108,122.91879474877807,5.797,1
0.0,0.0,0.0,161.0,1.0,7108,122.91879474877807,5.963,1
0.0,0.0,0.0,250.0,1.0,7108,122.91879474877807,0.0,0
0.0,0.0,0.0,1000.0,1.0,7108,122.91879474877807,0.0,0
0.0,0.0,0.0,240.0,1.0,7108,122.91879474877807,0.0,0
0.0,0.0,0.0,159.0,1.0,7108,122.91879474877807,0.0,0
45.798,-1.861,5908.0,129.0,0.2,7108,122.91879474877807,36.496,1
5.797,1.159,1200.0,207.0,0.2,7108,122.91879474877807,5.797,1
0.0,0.0,0.0,161.0,1.0,7108,122.91879474877807,7.453,1
0.0,0.0,0.0,250.0,1.0,7108,122.91879474877807,0.0,0
0.0,0.0,0.0,1000.0,1.0,7108,122.91879474877807,0.0,0
0.0,0.0,0.0,240.0,1.0,7108,122.91879474877807,0.0,0
0.0,0.0,0.0,159.0,1.0,7108,122.91879474877807,0.0,0
43.938,-1.86,5668.0,129.0,0.2,7108,122.91879474877807,36.496,1
5.797,0.0,1200.0,207.0,0.2,7108,122.91879474877807,5.797,1
1.491,1.491,240.0,161.0,0.2,7108,122.91879474877807,7.453,1
0.0,0.0,0.0,250.0,1.0,7108,122.91879474877807,0.0,0
0.0,0.0,0.0,1000.0,1.0,7108,122.91879474877807,0.0,0
0.0,0.0,0.0,240.0,1.0,7108,122.91879474877807,0.0,0
0.0,0.0,0.0,159.0,1.0,7108,122.91879474877807,0.0,0
42.078,-1.86,5428.0,129.0,0.2,7108,122.91879474877807,36.496,1
5.797,0.0,1200.0,207.0,0.2,7108,122.91879474877807,5.797,1
2.981,1.49,480.0,161.0,0.2,7108,122.91879474877807,7.453,1
0.0,0.0,0.0,250.0,1.0,7108,122.91879474877807,0.0,0
0.0,0.0,0.0,1000.0,1.0,7108,122.91879474877807,0.0,0
0.0,0.0,0.0,240.0,1.0,7108,122.91879474877807,0.0,0
0.0,0.0,0.0,159.0,1.0,7108,122.91879474877807,0.0,0
40.217,-1.861,5188.0,129.0,0.2,7108,122.91879474877807,36.496,1
5.797,0.0,1200.0,207.0,0.2,7108,122.91879474877807,5.797,1
4.472,1.491,720.0,161.0,0.2,7108,122.91879474877807,7.453,1
0.0,0.0,0.0,250.0,1.0,7108,122.91879474877807,0.0,0
0.0,0.0,0.0,1000.0,1.0,7108,122.91879474877807,0.0,0
0.0,0.0,0.0,240.0,1.0,7108,122.91879474877807,0.0,0
0.0,0.0,0.0,159.0,1.0,7108,122.91879474877807,0.0,0
38.357,-1.86,4948.0,129.0,0.2,7108,122.91879474877807,36.496,1
5.797,0.0,1200.0,207.0,0.2,7108,122.91879474877807,5.797,1
5.963,1.491,960.0,161.0,0.2,7108,122.91879474877807,7.453,1
0.0,0.0,0.0,250.0,1.0,7108,122.91879474877807,0.0,0
0.0,0.0,0.0,1000.0,1.0,7108,122.91879474877807,0.0,0
0.0,0.0,0.0,240.0,1.0,7108,122.91879474877807,0.0,0
0.0,0.0,0.0,159.0,1.0,7108,122.91879474877807,0.0,0
36.496,-1.861,4708.0,129.0,0.2,7108,122.91879474877807,36.496,1
5.797,0.0,1200.0,207.0,0.2,7108,122.91879474877807,5.797,1
7.453,1.49,1200.0,161.0,0.2,7108,122.91879474877807,7.453,1
0.0,0.0,0.0,250.0,1.0,7108,122.91879474877807,0.0,0
0.0,0.0,0.0,1000.0,1.0,7108,122.91879474877807,0.0,0
0.608,0.0,275.0,452.0,0.8,18128,55.01061691293165,3.042,1
0.89,0.0,275.0,309.0,0.2,18128,55.01061691293165,5.34,1
0.0,0.0,0.0,113.0,1.0,18128,55.01061691293165,2.434,1
0.0,0.0,0.0,179.0,1.0,18128,55.01061691293165,0.0,0
0.0,0.0,0.0,218.0,1.0,18128,55.01061691293165,0.0,0
0.0,0.0,0.0,282.0,1.0,18128,55.01061691293165,0.0,0
0.0,0.0,0.0,1000.0,1.0,18128,55.01061691293165,0.0,0
1.217,0.609,550.0,452.0,0.2,18128,55.01061691293165,3.042,1
1.78,0.89,550.0,309.0,0.2,18128,55.01061691293165,5.34,1
0.0,0.0,0.0,113.0,1.0,18128,55.01061691293165,7.301,1
0.0,0.0,0.0,179.0,1.0,18128,55.01061691293165,0.0,0
0.0,0.0,0.0,218.0,1.0,18128,55.01061691293165,0.0,0
0.0,0.0,0.0,282.0,1.0,18128,55.01061691293165,0.0,0
0.0,0.0,0.0,1000.0,1.0,18128,55.01061691293165,0.0,0
1.217,0.0,550.0,452.0,0.2,18128,55.01061691293165,3.042,1
2.67,0.89,825.0,309.0,0.2,18128,55.01061691293165,5.34,1
2.434,2.434,275.0,113.0,0.2,18128,55.01061691293165,9.735,1
0.0,0.0,0.0,179.0,1.0,18128,55.01061691293165,1.536,1
0.0,0.0,0.0,218.0,1.0,18128,55.01061691293165,0.0,0
0.0,0.0,0.0,282.0,1.0,18128,55.01061691293165,0.0,0
0.0,0.0,0.0,1000.0,1.0,18128,55.01061691293165,0.0,0
1.825,0.608,825.0,452.0,0.2,18128,55.01061691293165,3.042,1
3.56,0.89,1100.0,309.0,0.2,18128,55.01061691293165,5.34,1
2.434,0.0,275.0,113.0,0.2,18128,55.01061691293165,14.602,1
0.0,0.0,0.0,179.0,1.0,18128,55.01061691293165,1.536,1
0.0,0.0,0.0,218.0,1.0,18128,55.01061691293165,0.0,0
0.0,0.0,0.0,282.0,1.0,18128,55.01061691293165,0.0,0
0.0,0.0,0.0,1000.0,1.0,18128,55.01061691293165,0.0,0
2.434,0.609,1100.0,452.0,0.2,18128,55.01061691293165,3.042,1
4.45,0.89,1375.0,309.0,0.2,18128,55.01061691293165,5.34,1
2.434,0.0,275.0,113.0,0.2,18128,55.01061691293165,19.469,1
0.0,0.0,0.0,179.0,1.0,18128,55.01061691293165,1.536,1
0.0,0.0,0.0,218.0,1.0,18128,55.01061691293165,0.0,0
0.0,0.0,0.0,282.0,1.0,18128,55.01061691293165,0.0,0
0.0,0.0,0.0,1000.0,1.0,18128,55.01061691293165,0.0,0
3.042,0.608,1375.0,452.0,0.2,18128,55.01061691293165,3.042,1
5.34,0.89,1650.0,309.0,0.2,18128,55.01061691293165,5.34,1
2.434,0.0,275.0,113.0,0.2,18128,55.01061691293165,24.336,1
0.0,0.0,0.0,179.0,1.0,18128,55.01061691293165,1.536,1
0.0,0.0,0.0,218.0,1.0,18128,55.01061691293165,0.0,0
0.0,0.0,0.0,282.0,1.0,18128,55.01061691293165,0.0,0
0.0,0.0,0.0,1000.0,1.0,18128,55.01061691293165,0.0,0
3.042,0.0,1375.0,452.0,0.2,18128,55.01061691293165,3.042,1
5.34,0.0,1650.0,309.0,0.2,18128,55.01061691293165,5.34,1
7.301,4.867,825.0,113.0,0.2,18128,55.01061691293165,24.69,1
0.0,0.0,0.0,179.0,1.0,18128,55.01061691293165,4.385,1
0.0,0.0,0.0,218.0,1.0,18128,55.01061691293165,0.0,0
0.0,0.0,0.0,282.0,1.0,18128,55.01061691293165,0.0,0
0.0,0.0,0.0,1000.0,1.0,18128,55.01061691293165,0.0,0
3.042,0.0,1375.0,452.0,0.2,18128,55.01061691293165,3.042,1
5.34,0.0,1650.0,309.0,0.2,18128,55.01061691293165,5.34,1
9.735,2.434,1100.0,113.0,0.2,18128,55.01061691293165,25.044,1
1.536,1.536,275.0,179.0,0.2,18128,55.01061691293165,5.698,1
0.0,0.0,0.0,218.0,1.0,18128,55.01061691293165,1.261,1
0.0,0.0,0.0,282.0,1.0,18128,55.01061691293165,0.0,0
0.0,0.0,0.0,1000.0,1.0,18128,55.01061691293165,0.0,0
3.042,0.0,1375.0,452.0,0.2,18128,55.01061691293165,3.042,1
5.34,0.0,1650.0,309.0,0.2,18128,55.01061691293165,5.34,1
14.602,4.867,1650.0,113.0,0.2,18128,55.01061691293165,25.398,1
1.536,0.0,275.0,179.0,0.2,18128,55.01061691293165,8.547,1
0.0,0.0,0.0,218.0,1.0,18128,55.01061691293165,1.261,1
0.0,0.0,0.0,282.0,1.0,18128,55.01061691293165,0.0,0
0.0,0.0,0.0,1000.0,1.0,18128,55.01061691293165,0.0,0
3.042,0.0,1375.0,452.0,0.2,18128,55.01061691293165,3.042,1
5.34,0.0,1650.0,309.0,0.2,18128,55.01061691293165,5.34,1
19.469,4.867,2200.0,113.0,0.2,18128,55.01061691293165,25.752,1
1.536,0.0,275.0,179.0,0.2,18128,55.01061691293165,11.397,1
0.0,0.0,0.0,218.0,1.0,18128,55.01061691293165,1.261,1
0.0,0.0,0.0,282.0,1.0,18128,55.01061691293165,0.0,0
0.0,0.0,0.0,1000.0,1.0,18128,55.01061691293165,0.0,0
3.042,0.0,1375.0,452.0,0.2,18128,55.01061691293165,3.042,1
5.34,0.0,1650.0,309.0,0.2,18128,55.01061691293165,5.34,1
24.336,4.867,2750.0,113.0,0.2,18128,55.01061691293165,26.106,1
1.536,0.0,275.0,179.0,0.2,18128,55.01061691293165,14.246,1
0.0,0.0,0.0,218.0,1.0,18128,55.01061691293165,1.261,1
0.0,0.0,0.0,282.0,1.0,18128,55.01061691293165,0.0,0
0.0,0.0,0.0,1000.0,1.0,18128,55.01061691293165,0.0,0
3.042,0.0,1375.0,452.0,0.2,18128,55.01061691293165,3.042,1
5.34,0.0,1650.0,309.0,0.2,18128,55.01061691293165,5.34,1
24.69,0.354,2790.0,113.0,0.2,18128,55.01061691293165,26.46,1
4.385,2.849,785.0,179.0,0.2,18128,55.01061691293165,14.246,1
0.0,0.0,0.0,218.0,1.0,18128,55.01061691293165,3.601,1
0.0,0.0,0.0,282.0,1.0,18128,55.01061691293165,0.0,0
0.0,0.0,0.0,1000.0,1.0,18128,55.01061691293165,0.0,0
3.042,0.0,1375.0,452.0,0.2,18128,55.01061691293165,3.042,1
5.34,0.0,1650.0,309.0,0.2,18128,55.01061691293165,5.34,1
25.044,0.354,2830.0,113.0,0.2,18128,55.01061691293165,26.814,1
5.698,1.313,1020.0,179.0,0.2,18128,55.01061691293165,14.246,1
1.261,1.261,275.0,218.0,0.2,18128,55.01061691293165,4.679,1
0.0,0.0,0.0,282.0,1.0,18128,55.01061691293165,0.975,1
0.0,0.0,0.0,1000.0,1.0,18128,55.01061691293165,0.0,0
3.042,0.0,1375.0,452.0,0.2,18128,55.01061691293165,3.042,1
5.34,0.0,1650.0,309.0,0.2,18128,55.01061691293165,5.34,1
25.398,0.354,2870.0,113.0,0.2,18128,55.01061691293165,27.168,1
8.547,2.849,1530.0,179.0,0.2,18128,55.01061691293165,14.246,1
1.261,0.0,275.0,218.0,0.2,18128,55.01061691293165,7.018,1
0.0,0.0,0.0,282.0,1.0,18128,55.01061691293165,0.975,1
0.0,0.0,0.0,1000.0,1.0,18128,55.01061691293165,0.0,0
3.042,0.0,1375.0,452.0,0.2,18128,55.01061691293165,3.042,1
5.34,0.0,1650.0,309.0,0.2,18128,55.01061691293165,5.34,1
25.752,0.354,2910.0,113.0,0.2,18128,55.01061691293165,27.522,1
11.397,2.85,2040.0,179.0,0.2,18128,55.01061691293165,14.246,1
1.261,0.0,275.0,218.0,0.2,18128,55.01061691293165,9.358,1
0.0,0.0,0.0,282.0,1.0,18128,55.01061691293165,0.975,1
0.0,0.0,0.0,1000.0,1.0,18128,55.01061691293165,0.0,0
3.042,0.0,1375.0,452.0,0.2,18128,55.01061691293165,3.042,1
5.34,0.0,1650.0,309.0,0.2,18128,55.01061691293165,5.34,1
26.106,0.354,2950.0,113.0,0.2,18128,55.01061691293165,27.522,1
14.246,2.849,2550.0,179.0,0.2,18128,55.01061691293165,14.246,1
1.261,0.0,275.0,218.0,0.2,18128,55.01061691293165,9.358,1
0.0,0.0,0.0,282.0,1.0,18128,55.01061691293165,0.975,1
0.0,0.0,0.0,1000.0,1.0,18128,55.01061691293165,0.0,0
3.042,0.0,1375.0,452.0,0.2,18128,55.01061691293165,3.042,1
5.34,0.0,1650.0,309.0,0.2,18128,55.01061691293165,5.34,1
26.46,0.354,2990.0,113.0,0.2,18128,55.01061691293165,27.522,1
14.246,0.0,2550.0,179.0,0.2,18128,55.01061691293165,14.246,1
3.601,2.34,785.0,218.0,0.2,18128,55.01061691293165,9.358,1
0.0,0.0,0.0,282.0,1.0,18128,55.01061691293165,0.975,1
0.0,0.0,0.0,1000.0,1.0,18128,55.01061691293165,0.0,0
3.042,0.0,1375.0,452.0,0.2,18128,55.01061691293165,3.042,1
5.34,0.0,1650.0,309.0,0.2,18128,55.01061691293165,5.34,1
26.814,0.354,3030.0,113.0,0.2,18128,55.01061691293165,27.522,1
14.246,0.0,2550.0,179.0,0.2,18128,55.01061691293165,14.246,1
4.679,1.078,1020.0,218.0,0.2,18128,55.01061691293165,9.358,1
0.975,0.975,275.0,282.0,0.2,18128,55.01061691293165,0.975,1
0.0,0.0,0.0,1000.0,1.0,18128,55.01061691293165,0.0,0
3.042,0.0,1375.0,452.0,0.2,18128,55.01061691293165,3.042,1
5.34,0.0,1650.0,309.0,0.2,18128,55.01061691293165,5.34,1
27.168,0.354,3070.0,113.0,0.2,18128,55.01061691293165,27.522,1
14.246,0.0,2550.0,179.0,0.2,18128,55.01061691293165,14.246,1
7.018,2.339,1530.0,218.0,0.2,18128,55.01061691293165,9.358,1
0.975,0.0,275.0,282.0,0.2,18128,55.01061691293165,0.975,1
0.0,0.0,0.0,1000.0,1.0,18128,55.01061691293165,0.0,0
3.042,0.0,1375.0,452.0,0.2,18128,55.01061691293165,3.042,1
5.34,0.0,1650.0,309.0,0.2,18128,55.01061691293165,5.34,1
27.522,0.354,3110.0,113.0,0.2,18128,55.01061691293165,27.522,1
14.246,0.0,2550.0,179.0,0.2,18128,55.01061691293165,14.246,1
9.358,2.34,2040.0,218.0,0.2,18128,55.01061691293165,9.358,1
0.975,0.0,275.0,282.0,0.2,18128,55.01061691293165,0.975,1
0.0,0.0,0.0,1000.0,1.0,18128,55.01061691293165,0.0,0
4.462,0.0,705.0,158.0,0.2,4324,130.9406079793544,11.671,1
1.495,0.0,604.0,404.0,0.2,4324,130.9406079793544,4.975,1
0.0,0.0,0.0,102.0,1.0,4324,130.9406079793544,4.608,1
0.0,0.0,0.0,183.0,1.0,4324,130.9406079793544,0.0,0
0.0,0.0,0.0,297.0,1.0,4324,130.9406079793544,0.0,0
0.0,0.0,0.0,146.0,1.0,4324,130.9406079793544,0.0,0
0.0,0.0,0.0,1000.0,1.0,4324,130.9406079793544,0.0,0
8.924,4.462,1410.0,158.0,0.2,4324,130.9406079793544,8.696,1
2.99,1.495,1208.0,404.0,0.2,4324,130.9406079793544,3.48,1
0.0,0.0,0.0,102.0,1.0,4324,130.9406079793544,15.137,1
0.0,0.0,0.0,183.0,1.0,4324,130.9406079793544,0.0,0
0.0,0.0,0.0,297.0,1.0,4324,130.9406079793544,0.0,0
0.0,0.0,0.0,146.0,1.0,4324,130.9406079793544,0.0,0
0.0,0.0,0.0,1000.0,1.0,4324,130.9406079793544,0.0,0
13.386,4.462,2115.0,158.0,0.2,4324,130.9406079793544,5.722,1
4.485,1.495,1812.0,404.0,0.2,4324,130.9406079793544,1.985,1
0.0,0.0,0.0,102.0,1.0,4324,130.9406079793544,25.667,1
0.0,0.0,0.0,183.0,1.0,4324,130.9406079793544,0.0,0
0.0,0.0,0.0,297.0,1.0,4324,130.9406079793544,0.0,0
0.0,0.0,0.0,146.0,1.0,4324,130.9406079793544,0.0,0
0.0,0.0,0.0,1000.0,1.0,4324,130.9406079793544,0.0,0
14.646,1.26,2314.0,158.0,0.2,4324,130.9406079793544,4.462,1
4.975,0.49,2010.0,404.0,0.2,4324,130.9406079793544,0.49,0
0.0,0.0,0.0,102.0,1.0,4324,130.9406079793544,33.539,1
0.0,0.0,0.0,183.0,1.0,4324,130.9406079793544,0.0,0
0.0,0.0,0.0,297.0,1.0,4324,130.9406079793544,0.0,0
0.0,0.0,0.0,146.0,1.0,4324,130.9406079793544,0.0,0
0.0,0.0,0.0,1000.0,1.0,4324,130.9406079793544,0.0,0
14.646,0.0,2314.0,158.0,0.2,4324,130.9406079793544,4.462,1
4.975,0.0,2010.0,404.0,0.2,4324,130.9406079793544,0.0,0
0.0,0.0,0.0,102.0,1.0,4324,130.9406079793544,35.48,1
0.0,0.0,0.0,183.0,1.0,4324,130.9406079793544,0.0,0
0.0,0.0,0.0,297.0,1.0,4324,130.9406079793544,0.0,0
0.0,0.0,0.0,146.0,1.0,4324,130.9406079793544,0.0,0
0.0,0.0,0.0,1000.0,1.0,4324,130.9406079793544,0.0,0
11.671,-2.975,1844.0,158.0,0.2,4324,130.9406079793544,2.975,1
4.975,0.0,2010.0,404.0,0.2,4324,130.9406079793544,0.0,0
4.608,4.608,470.0,102.0,0.2,4324,130.9406079793544,35.824,1
0.0,0.0,0.0,183.0,1.0,4324,130.9406079793544,1.093,1
0.0,0.0,0.0,297.0,1.0,4324,130.9406079793544,0.0,0
0.0,0.0,0.0,146.0,1.0,4324,130.9406079793544,0.0,0
0.0,0.0,0.0,1000.0,1.0,4324,130.9406079793544,0.0,0
8.696,-2.975,1374.0,158.0,0.2,4324,130.9406079793544,1.487,1
3.48,-1.495,1406.0,404.0,0.2,4324,130.9406079793544,0.0,0
15.137,10.529,1544.0,102.0,0.2,4324,130.9406079793544,36.167,1
0.0,0.0,0.0,183.0,1.0,4324,130.9406079793544,2.186,1
0.0,0.0,0.0,297.0,1.0,4324,130.9406079793544,0.0,0
0.0,0.0,0.0,146.0,1.0,4324,130.9406079793544,0.0,0
0.0,0.0,0.0,1000.0,1.0,4324,130.9406079793544,0.0,0
5.722,-2.974,904.0,158.0,0.2,4324,130.9406079793544,0.0,0
1.985,-1.495,802.0,404.0,0.2,4324,130.9406079793544,0.0,0
25.667,10.53,2618.0,102.0,0.2,4324,130.9406079793544,36.51,1
0.0,0.0,0.0,183.0,1.0,4324,130.9406079793544,3.279,1
0.0,0.0,0.0,297.0,1.0,4324,130.9406079793544,0.0,0
0.0,0.0,0.0,146.0,1.0,4324,130.9406079793544,0.0,0
0.0,0.0,0.0,1000.0,1.0,4324,130.9406079793544,0.0,0
4.462,-1.26,705.0,158.0,0.2,4324,130.9406079793544,0.0,0
0.49,-1.495,198.0,404.0,1.0,4324,130.9406079793544,0.0,0
33.539,7.872,3421.0,102.0,0.2,4324,130.9406079793544,34.549,1
0.0,0.0,0.0,183.0,1.0,4324,130.9406079793544,4.372,1
0.0,0.0,0.0,297.0,1.0,4324,130.9406079793544,0.0,0
0.0,0.0,0.0,146.0,1.0,4324,130.9406079793544,0.0,0
0.0,0.0,0.0,1000.0,1.0,4324,130.9406079793544,0.0,0
4.462,0.0,705.0,158.0,0.2,4324,130.9406079793544,0.0,0
0.0,-0.49,0.0,404.0,1.0,4324,130.9406079793544,0.0,0
35.48,1.941,3619.0,102.0,0.2,4324,130.9406079793544,32.608,1
0.0,0.0,0.0,183.0,1.0,4324,130.9406079793544,5.454,1
0.0,0.0,0.0,297.0,1.0,4324,130.9406079793544,0.0,0
0.0,0.0,0.0,146.0,1.0,4324,130.9406079793544,0.0,0
0.0,0.0,0.0,1000.0,1.0,4324,130.9406079793544,0.0,0
2.975,-1.487,470.0,158.0,0.2,4324,130.9406079793544,0.0,0
0.0,0.0,0.0,404.0,1.0,4324,130.9406079793544,0.0,0
35.824,0.344,3654.0,102.0,0.2,4324,130.9406079793544,30.647,1
1.093,1.093,200.0,183.0,0.2,4324,130.9406079793544,5.454,1
0.0,0.0,0.0,297.0,1.0,4324,130.9406079793544,0.673,0
0.0,0.0,0.0,146.0,1.0,4324,130.9406079793544,0.0,0
0.0,0.0,0.0,1000.0,1.0,4324,130.9406079793544,0.0,0
1.487,-1.488,235.0,158.0,0.2,4324,130.9406079793544,0.0,0
0.0,0.0,0.0,404.0,1.0,4324,130.9406079793544,0.0,0
36.167,0.343,3689.0,102.0,0.2,4324,130.9406079793544,28.686,1
2.186,1.093,400.0,183.0,0.2,4324,130.9406079793544,5.454,1
0.0,0.0,0.0,297.0,1.0,4324,130.9406079793544,1.347,1
0.0,0.0,0.0,146.0,1.0,4324,130.9406079793544,0.0,0
0.0,0.0,0.0,1000.0,1.0,4324,130.9406079793544,0.0,0
0.0,-1.487,0.0,158.0,1.0,4324,130.9406079793544,0.0,0
0.0,0.0,0.0,404.0,1.0,4324,130.9406079793544,0.0,0
36.51,0.343,3724.0,102.0,0.2,4324,130.9406079793544,26.725,1
3.279,1.093,600.0,183.0,0.2,4324,130.9406079793544,5.454,1
0.0,0.0,0.0,297.0,1.0,4324,130.9406079793544,1.347,1
0.0,0.0,0.0,146.0,1.0,4324,130.9406079793544,1.37,1
0.0,0.0,0.0,1000.0,1.0,4324,130.9406079793544,0.0,0
0.0,0.0,0.0,158.0,1.0,4324,130.9406079793544,0.0,0
0.0,0.0,0.0,404.0,1.0,4324,130.9406079793544,0.0,0
34.549,-1.961,3524.0,102.0,0.2,4324,130.9406079793544,24.765,1
4.372,1.093,800.0,183.0,0.2,4324,130.9406079793544,5.454,1
0.0,0.0,0.0,297.0,1.0,4324,130.9406079793544,2.02,1
0.0,0.0,0.0,146.0,1.0,4324,130.9406079793544,1.37,1
0.0,0.0,0.0,1000.0,1.0,4324,130.9406079793544,0.0,0
0.0,0.0,0.0,158.0,1.0,4324,130.9406079793544,0.0,0
0.0,0.0,0.0,404.0,1.0,4324,130.9406079793544,0.0,0
32.608,-1.941,3326.0,102.0,0.2,4324,130.9406079793544,24.765,1
5.454,1.082,998.0,183.0,0.2,4324,130.9406079793544,4.372,1
0.0,0.0,0.0,297.0,1.0,4324,130.9406079793544,2.687,1
0.0,0.0,0.0,146.0,1.0,4324,130.9406079793544,1.37,1
0.0,0.0,0.0,1000.0,1.0,4324,130.9406079793544,0.0,0
0.0,0.0,0.0,158.0,1.0,4324,130.9406079793544,0.0,0
0.0,0.0,0.0,404.0,1.0,4324,130.9406079793544,0.0,0
30.647,-1.961,3126.0,102.0,0.2,4324,130.9406079793544,24.765,1
5.454,0.0,998.0,183.0,0.2,4324,130.9406079793544,4.372,1
0.673,0.673,200.0,297.0,0.8,4324,130.9406079793544,2.687,1
0.0,0.0,0.0,146.0,1.0,4324,130.9406079793544,1.37,1
0.0,0.0,0.0,1000.0,1.0,4324,130.9406079793544,0.0,0
0.0,0.0,0.0,158.0,1.0,4324,130.9406079793544,0.0,0
0.0,0.0,0.0,404.0,1.0,4324,130.9406079793544,0.0,0
28.686,-1.961,2926.0,102.0,0.2,4324,130.9406079793544,24.765,1
5.454,0.0,998.0,183.0,0.2,4324,130.9406079793544,4.372,1
1.347,0.674,400.0,297.0,0.2,4324,130.9406079793544,2.687,1
0.0,0.0,0.0,146.0,1.0,4324,130.9406079793544,1.37,1
0.0,0.0,0.0,1000.0,1.0,4324,130.9406079793544,0.0,0
0.0,0.0,0.0,158.0,1.0,4324,130.9406079793544,0.0,0
0.0,0.0,0.0,404.0,1.0,4324,130.9406079793544,0.0,0
26.725,-1.961,2726.0,102.0,0.2,4324,130.9406079793544,24.765,1
5.454,0.0,998.0,183.0,0.2,4324,130.9406079793544,4.372,1
1.347,0.0,400.0,297.0,0.2,4324,130.9406079793544,2.687,1
1.37,1.37,200.0,146.0,0.2,4324,130.9406079793544,1.37,1
0.0,0.0,0.0,1000.0,1.0,4324,130.9406079793544,0.0,0
0.0,0.0,0.0,158.0,1.0,4324,130.9406079793544,0.0,0
0.0,0.0,0.0,404.0,1.0,4324,130.9406079793544,0.0,0
24.765,-1.96,2526.0,102.0,0.2,4324,130.9406079793544,24.765,1
5.454,0.0,998.0,183.0,0.2,4324,130.9406079793544,4.372,1
2.02,0.673,600.0,297.0,0.2,4324,130.9406079793544,2.687,1
1.37,0.0,200.0,146.0,0.2,4324,130.9406079793544,1.37,1
0.0,0.0,0.0,1000.0,1.0,4324,130.9406079793544,0.0,0
0.0,0.0,0.0,158.0,1.0,4324,130.9406079793544,0.0,0
0.0,0.0,0.0,404.0,1.0,4324,130.9406079793544,0.0,0
24.765,0.0,2526.0,102.0,0.2,4324,130.9406079793544,24.765,1
4.372,-1.082,800.0,183.0,0.2,4324,130.9406079793544,4.372,1
2.687,0.667,798.0,297.0,0.2,4324,130.9406079793544,2.687,1
1.37,0.0,200.0,146.0,0.2,4324,130.9406079793544,1.37,1
0.0,0.0,0.0,1000.0,1.0,4324,130.9406079793544,0.0,0
2.933,0.0,701.0,239.0,0.2,2857,140.1609098016815,4.276,1
2.917,0.0,700.0,240.0,0.2,2857,140.1609098016815,5.938,1
0.0,0.0,0.0,231.0,1.0,2857,140.1609098016815,1.775,1
0.0,0.0,0.0,190.0,1.0,2857,140.1609098016815,0.0,0
0.0,0.0,0.0,154.0,1.0,2857,140.1609098016815,0.0,0
0.0,0.0,0.0,140.0,1.0,2857,140.1609098016815,0.0,0
0.0,0.0,0.0,1000.0,1.0,2857,140.1609098016815,0.0,0
5.866,2.933,1402.0,239.0,0.2,2857,140.1609098016815,2.561,1
5.833,2.916,1400.0,240.0,0.2,2857,140.1609098016815,3.521,1
0.0,0.0,0.0,231.0,1.0,2857,140.1609098016815,6.061,1
0.0,0.0,0.0,190.0,1.0,2857,140.1609098016815,0.0,0
0.0,0.0,0.0,154.0,1.0,2857,140.1609098016815,0.0,0
0.0,0.0,0.0,140.0,1.0,2857,140.1609098016815,0.0,0
0.0,0.0,0.0,1000.0,1.0,2857,140.1609098016815,0.0,0
5.992,0.126,1432.0,239.0,0.2,2857,140.1609098016815,2.435,1
5.938,0.105,1425.0,240.0,0.2,2857,140.1609098016815,1.104,1
0.0,0.0,0.0,231.0,1.0,2857,140.1609098016815,8.701,1
0.0,0.0,0.0,190.0,1.0,2857,140.1609098016815,0.0,0
0.0,0.0,0.0,154.0,1.0,2857,140.1609098016815,0.0,0
0.0,0.0,0.0,140.0,1.0,2857,140.1609098016815,0.0,0
0.0,0.0,0.0,1000.0,1.0,2857,140.1609098016815,0.0,0
5.992,0.0,1432.0,239.0,0.2,2857,140.1609098016815,2.435,1
5.938,0.0,1425.0,240.0,0.2,2857,140.1609098016815,1.0,1
0.0,0.0,0.0,231.0,1.0,2857,140.1609098016815,8.81,1
0.0,0.0,0.0,190.0,1.0,2857,140.1609098016815,0.0,0
0.0,0.0,0.0,154.0,1.0,2857,140.1609098016815,0.0,0
0.0,0.0,0.0,140.0,1.0,2857,140.1609098016815,0.0,0
0.0,0.0,0.0,1000.0,1.0,2857,140.1609098016815,0.0,0
5.992,0.0,1432.0,239.0,0.2,2857,140.1609098016815,2.435,1
5.938,0.0,1425.0,240.0,0.2,2857,140.1609098016815,1.0,1
0.0,0.0,0.0,231.0,1.0,2857,140.1609098016815,8.81,1
0.0,0.0,0.0,190.0,1.0,2857,140.1609098016815,0.0,0
0.0,0.0,0.0,154.0,1.0,2857,140.1609098016815,0.0,0
0.0,0.0,0.0,140.0,1.0,2857,140.1609098016815,0.0,0
0.0,0.0,0.0,1000.0,1.0,2857,140.1609098016815,0.0,0
4.276,-1.716,1022.0,239.0,0.2,2857,140.1609098016815,1.218,1
5.938,0.0,1425.0,240.0,0.2,2857,140.1609098016815,1.0,1
1.775,1.775,410.0,231.0,0.2,2857,140.1609098016815,8.294,1
0.0,0.0,0.0,190.0,1.0,2857,140.1609098016815,2.158,1
0.0,0.0,0.0,154.0,1.0,2857,140.1609098016815,0.0,0
0.0,0.0,0.0,140.0,1.0,2857,140.1609098016815,0.0,0
0.0,0.0,0.0,1000.0,1.0,2857,140.1609098016815,0.0,0
2.561,-1.715,612.0,239.0,0.2,2857,140.1609098016815,0.0,0
3.521,-2.417,845.0,240.0,0.2,2857,140.1609098016815,1.0,1
6.061,4.286,1400.0,231.0,0.2,2857,140.1609098016815,6.827,1
0.0,0.0,0.0,190.0,1.0,2857,140.1609098016815,5.474,1
0.0,0.0,0.0,154.0,1.0,2857,140.1609098016815,0.0,0
0.0,0.0,0.0,140.0,1.0,2857,140.1609098016815,0.0,0
0.0,0.0,0.0,1000.0,1.0,2857,140.1609098016815,0.0,0
2.435,-0.126,582.0,239.0,0.2,2857,140.1609098016815,0.0,0
1.104,-2.417,265.0,240.0,0.2,2857,140.1609098016815,0.5,0
8.701,2.64,2010.0,231.0,0.2,2857,140.1609098016815,4.706,1
0.0,0.0,0.0,190.0,1.0,2857,140.1609098016815,8.684,1
0.0,0.0,0.0,154.0,1.0,2857,140.1609098016815,0.0,0
0.0,0.0,0.0,140.0,1.0,2857,140.1609098016815,0.0,0
0.0,0.0,0.0,1000.0,1.0,2857,140.1609098016815,0.0,0
2.435,0.0,582.0,239.0,0.2,2857,140.1609098016815,0.0,0
1.0,-0.104,240.0,240.0,0.2,2857,140.1609098016815,0.0,0
8.81,0.109,2035.0,231.0,0.2,2857,140.1609098016815,5.117,1
0.0,0.0,0.0,190.0,1.0,2857,140.1609098016815,8.816,1
0.0,0.0,0.0,154.0,1.0,2857,140.1609098016815,0.0,0
0.0,0.0,0.0,140.0,1.0,2857,140.1609098016815,0.0,0
0.0,0.0,0.0,1000.0,1.0,2857,140.1609098016815,0.0,0
2.435,0.0,582.0,239.0,0.2,2857,140.1609098016815,0.0,0
1.0,0.0,240.0,240.0,0.2,2857,140.1609098016815,0.0,0
8.81,0.0,2035.0,231.0,0.2,2857,140.1609098016815,5.117,1
0.0,0.0,0.0,190.0,1.0,2857,140.1609098016815,8.816,1
0.0,0.0,0.0,154.0,1.0,2857,140.1609098016815,0.0,0
0.0,0.0,0.0,140.0,1.0,2857,140.1609098016815,0.0,0
0.0,0.0,0.0,1000.0,1.0,2857,140.1609098016815,0.0,0
1.218,-1.217,291.0,239.0,0.2,2857,140.1609098016815,0.0,0
1.0,0.0,240.0,240.0,0.2,2857,140.1609098016815,0.0,0
8.294,-0.516,1916.0,231.0,0.2,2857,140.1609098016815,3.857,1
2.158,2.158,410.0,190.0,0.2,2857,140.1609098016815,8.189,1
0.0,0.0,0.0,154.0,1.0,2857,140.1609098016815,2.662,1
0.0,0.0,0.0,140.0,1.0,2857,140.1609098016815,0.0,0
0.0,0.0,0.0,1000.0,1.0,2857,140.1609098016815,0.0,0
0.0,-1.218,0.0,239.0,1.0,2857,140.1609098016815,0.0,0
1.0,0.0,240.0,240.0,0.2,2857,140.1609098016815,0.0,0
6.827,-1.467,1577.0,231.0,0.2,2857,140.1609098016815,1.13,1
5.474,3.316,1040.0,190.0,0.2,2857,140.1609098016815,8.295,1
0.0,0.0,0.0,154.0,1.0,2857,140.1609098016815,6.623,1
0.0,0.0,0.0,140.0,1.0,2857,140.1609098016815,0.0,0
0.0,0.0,0.0,1000.0,1.0,2857,140.1609098016815,0.0,0
0.0,0.0,0.0,239.0,1.0,2857,140.1609098016815,0.0,0
0.5,-0.5,120.0,240.0,0.8,2857,140.1609098016815,0.0,0
4.706,-2.121,1087.0,231.0,0.2,2857,140.1609098016815,0.61,0
8.684,3.21,1650.0,190.0,0.2,2857,140.1609098016815,5.716,1
0.0,0.0,0.0,154.0,1.0,2857,140.1609098016815,10.584,1
0.0,0.0,0.0,140.0,1.0,2857,140.1609098016815,0.0,0
0.0,0.0,0.0,1000.0,1.0,2857,140.1609098016815,0.0,0
0.0,0.0,0.0,239.0,1.0,2857,140.1609098016815,0.0,0
0.0,-0.5,0.0,240.0,1.0,2857,140.1609098016815,0.0,0
5.117,0.411,1182.0,231.0,0.2,2857,140.1609098016815,0.0,0
8.816,0.132,1675.0,190.0,0.2,2857,140.1609098016815,6.326,1
0.0,0.0,0.0,154.0,1.0,2857,140.1609098016815,10.747,1
0.0,0.0,0.0,140.0,1.0,2857,140.1609098016815,0.0,0
0.0,0.0,0.0,1000.0,1.0,2857,140.1609098016815,0.0,0
0.0,0.0,0.0,239.0,1.0,2857,140.1609098016815,0.0,0
0.0,0.0,0.0,240.0,1.0,2857,140.1609098016815,0.0,0
5.117,0.0,1182.0,231.0,0.2,2857,140.1609098016815,0.0,0
8.816,0.0,1675.0,190.0,0.2,2857,140.1609098016815,6.326,1
0.0,0.0,0.0,154.0,1.0,2857,140.1609098016815,10.747,1
0.0,0.0,0.0,140.0,1.0,2857,140.1609098016815,0.0,0
0.0,0.0,0.0,1000.0,1.0,2857,140.1609098016815,0.0,0
0.0,0.0,0.0,239.0,1.0,2857,140.1609098016815,0.0,0
0.0,0.0,0.0,240.0,1.0,2857,140.1609098016815,0.0,0
3.857,-1.26,891.0,231.0,0.2,2857,140.1609098016815,0.0,0
8.189,-0.627,1556.0,190.0,0.2,2857,140.1609098016815,6.326,1
2.662,2.662,410.0,154.0,0.2,2857,140.1609098016815,10.747,1
0.0,0.0,0.0,140.0,1.0,2857,140.1609098016815,0.0,0
0.0,0.0,0.0,1000.0,1.0,2857,140.1609098016815,0.0,0
0.0,0.0,0.0,239.0,1.0,2857,140.1609098016815,0.0,0
0.0,0.0,0.0,240.0,1.0,2857,140.1609098016815,0.0,0
1.13,-2.727,261.0,231.0,0.2,2857,140.1609098016815,0.0,0
8.295,0.106,1576.0,190.0,0.2,2857,140.1609098016815,6.326,1
6.623,3.961,1020.0,154.0,0.2,2857,140.1609098016815,10.747,1
0.0,0.0,0.0,140.0,1.0,2857,140.1609098016815,0.0,0
0.0,0.0,0.0,1000.0,1.0,2857,140.1609098016815,0.0,0
0.0,0.0,0.0,239.0,1.0,2857,140.1609098016815,0.0,0
0.0,0.0,0.0,240.0,1.0,2857,140.1609098016815,0.0,0
0.61,-0.52,141.0,231.0,0.8,2857,140.1609098016815,0.0,0
5.716,-2.579,1086.0,190.0,0.2,2857,140.1609098016815,6.326,1
10.584,3.961,1630.0,154.0,0.2,2857,140.1609098016815,10.747,1
0.0,0.0,0.0,140.0,1.0,2857,140.1609098016815,0.0,0
0.0,0.0,0.0,1000.0,1.0,2857,140.1609098016815,0.0,0
0.0,0.0,0.0,239.0,1.0,2857,140.1609098016815,0.0,0
0.0,0.0,0.0,240.0,1.0,2857,140.1609098016815,0.0,0
0.0,-0.61,0.0,231.0,1.0,2857,140.1609098016815,0.0,0
6.326,0.61,1202.0,190.0,0.2,2857,140.1609098016815,6.326,1
10.747,0.163,1655.0,154.0,0.2,2857,140.1609098016815,10.747,1
0.0,0.0,0.0,140.0,1.0,2857,140.1609098016815,0.0,0
0.0,0.0,0.0,1000.0,1.0,2857,140.1609098016815,0.0,0
0.0,0.0,0.0,239.0,1.0,2857,140.1609098016815,0.0,0
0.0,0.0,0.0,240.0,1.0,2857,140.1609098016815,0.0,0
0.0,0.0,0.0,231.0,1.0,2857,140.1609098016815,0.0,0
6.326,0.0,1202.0,190.0,0.2,2857,140.1609098016815,6.326,1
10.747,0.0,1655.0,154.0,0.2,2857,140.1609098016815,10.747,1
0.0,0.0,0.0,140.0,1.0,2857,140.1609098016815,0.0,0
0.0,0.0,0.0,1000.0,1.0,2857,140.1609098016815,0.0,0
0.506,0.0,166.0,328.0,0.8,14984,33.288606276625984,2.53,1
0.659,0.0,166.0,252.0,0.8,14984,33.288606276625984,3.294,1
0.0,0.0,0.0,287.0,1.0,14984,33.288606276625984,0.0,0
0.0,0.0,0.0,138.0,1.0,14984,33.288606276625984,2.406,1
0.0,0.0,0.0,248.0,1.0,14984,33.288606276625984,0.0,0
0.0,0.0,0.0,91.0,1.0,14984,33.288606276625984,0.0,0
0.0,0.0,0.0,1000.0,1.0,14984,33.288606276625984,0.0,0
1.012,0.506,332.0,328.0,0.2,14984,33.288606276625984,2.53,1
1.317,0.658,332.0,252.0,0.2,14984,33.288606276625984,3.952,1
0.0,0.0,0.0,287.0,1.0,14984,33.288606276625984,0.578,0
0.0,0.0,0.0,138.0,1.0,14984,33.288606276625984,2.406,1
0.0,0.0,0.0,248.0,1.0,14984,33.288606276625984,0.0,0
0.0,0.0,0.0,91.0,1.0,14984,33.288606276625984,0.0,0
0.0,0.0,0.0,1000.0,1.0,14984,33.288606276625984,0.0,0
1.012,0.0,332.0,328.0,0.2,14984,33.288606276625984,2.53,1
1.976,0.659,498.0,252.0,0.2,14984,33.288606276625984,3.952,1
0.578,0.578,166.0,287.0,0.8,14984,33.288606276625984,1.735,1
0.0,0.0,0.0,138.0,1.0,14984,33.288606276625984,2.406,1
0.0,0.0,0.0,248.0,1.0,14984,33.288606276625984,0.0,0
0.0,0.0,0.0,91.0,1.0,14984,33.288606276625984,0.0,0
0.0,0.0,0.0,1000.0,1.0,14984,33.288606276625984,0.0,0
1.518,0.506,498.0,328.0,0.2,14984,33.288606276625984,2.53,1
1.976,0.0,498.0,252.0,0.2,14984,33.288606276625984,3.952,1
1.157,0.579,332.0,287.0,0.2,14984,33.288606276625984,2.314,1
0.0,0.0,0.0,138.0,1.0,14984,33.288606276625984,3.609,1
0.0,0.0,0.0,248.0,1.0,14984,33.288606276625984,0.0,0
0.0,0.0,0.0,91.0,1.0,14984,33.288606276625984,0.0,0
0.0,0.0,0.0,1000.0,1.0,14984,33.288606276625984,0.0,0
2.024,0.506,664.0,328.0,0.2,14984,33.288606276625984,2.53,1
2.635,0.659,664.0,252.0,0.2,14984,33.288606276625984,3.952,1
0.578,-0.579,166.0,287.0,0.8,14984,33.288606276625984,3.47,1
1.203,1.203,166.0,138.0,0.2,14984,33.288606276625984,2.406,1
0.0,0.0,0.0,248.0,1.0,14984,33.288606276625984,0.669,0
0.0,0.0,0.0,91.0,1.0,14984,33.288606276625984,0.0,0
0.0,0.0,0.0,1000.0,1.0,14984,33.288606276625984,0.0,0
2.53,0.506,830.0,328.0,0.2,14984,33.288606276625984,2.53,1
3.294,0.659,830.0,252.0,0.2,14984,33.288606276625984,3.952,1
0.0,-0.578,0.0,287.0,1.0,14984,33.288606276625984,4.627,1
2.406,1.203,332.0,138.0,0.2,14984,33.288606276625984,1.203,1
0.0,0.0,0.0,248.0,1.0,14984,33.288606276625984,1.339,1
0.0,0.0,0.0,91.0,1.0,14984,33.288606276625984,0.0,0
0.0,0.0,0.0,1000.0,1.0,14984,33.288606276625984,0.0,0
2.53,0.0,830.0,328.0,0.2,14984,33.288606276625984,2.53,1
3.952,0.658,996.0,252.0,0.2,14984,33.288606276625984,3.952,1
0.578,0.578,166.0,287.0,0.8,14984,33.288606276625984,5.784,1
2.406,0.0,332.0,138.0,0.2,14984,33.288606276625984,1.203,1
0.0,0.0,0.0,248.0,1.0,14984,33.288606276625984,0.669,0
0.0,0.0,0.0,91.0,1.0,14984,33.288606276625984,1.824,1
0.0,0.0,0.0,1000.0,1.0,14984,33.288606276625984,0.0,0
2.53,0.0,830.0,328.0,0.2,14984,33.288606276625984,2.53,1
3.952,0.0,996.0,252.0,0.2,14984,33.288606276625984,3.952,1
1.735,1.157,498.0,287.0,0.2,14984,33.288606276625984,6.244,1
2.406,0.0,332.0,138.0,0.2,14984,33.288606276625984,2.652,1
0.0,0.0,0.0,248.0,1.0,14984,33.288606276625984,0.0,0
0.0,0.0,0.0,91.0,1.0,14984,33.288606276625984,3.648,1
0.0,0.0,0.0,1000.0,1.0,14984,33.288606276625984,0.0,0
2.53,0.0,830.0,328.0,0.2,14984,33.288606276625984,2.53,1
3.952,0.0,996.0,252.0,0.2,14984,33.288606276625984,3.952,1
2.314,0.579,664.0,287.0,0.2,14984,33.288606276625984,6.704,1
3.609,1.203,498.0,138.0,0.2,14984,33.288606276625984,2.899,1
0.0,0.0,0.0,248.0,1.0,14984,33.288606276625984,0.669,0
0.0,0.0,0.0,91.0,1.0,14984,33.288606276625984,3.648,1
0.0,0.0,0.0,1000.0,1.0,14984,33.288606276625984,0.0,0
2.53,0.0,830.0,328.0,0.2,14984,33.288606276625984,2.53,1
3.952,0.0,996.0,252.0,0.2,14984,33.288606276625984,3.952,1
3.47,1.156,996.0,287.0,0.2,14984,33.288606276625984,7.164,1
2.406,-1.203,332.0,138.0,0.2,14984,33.288606276625984,4.348,1
0.669,0.669,166.0,248.0,0.8,14984,33.288606276625984,0.669,0
0.0,0.0,0.0,91.0,1.0,14984,33.288606276625984,3.648,1
0.0,0.0,0.0,1000.0,1.0,14984,33.288606276625984,0.0,0
2.53,0.0,830.0,328.0,0.2,14984,33.288606276625984,2.53,1
3.952,0.0,996.0,252.0,0.2,14984,33.288606276625984,3.952,1
4.627,1.157,1328.0,287.0,0.2,14984,33.288606276625984,7.624,1
1.203,-1.203,166.0,138.0,0.2,14984,33.288606276625984,5.797,1
1.339,0.67,332.0,248.0,0.2,14984,33.288606276625984,0.0,0
0.0,0.0,0.0,91.0,1.0,14984,33.288606276625984,5.473,1
0.0,0.0,0.0,1000.0,1.0,14984,33.288606276625984,0.0,0
2.53,0.0,830.0,328.0,0.2,14984,33.288606276625984,2.53,1
3.952,0.0,996.0,252.0,0.2,14984,33.288606276625984,3.952,1
5.784,1.157,1660.0,287.0,0.2,14984,33.288606276625984,8.084,1
1.203,0.0,166.0,138.0,0.2,14984,33.288606276625984,7.246,1
0.669,-0.67,166.0,248.0,0.8,14984,33.288606276625984,0.0,0
1.824,1.824,166.0,91.0,0.2,14984,33.288606276625984,5.473,1
0.0,0.0,0.0,1000.0,1.0,14984,33.288606276625984,0.0,0
2.53,0.0,830.0,328.0,0.2,14984,33.288606276625984,2.53,1
3.952,0.0,996.0,252.0,0.2,14984,33.288606276625984,3.952,1
6.244,0.46,1792.0,287.0,0.2,14984,33.288606276625984,8.544,1
2.652,1.449,366.0,138.0,0.2,14984,33.288606276625984,7.246,1
0.0,-0.669,0.0,248.0,1.0,14984,33.288606276625984,0.806,0
3.648,1.824,332.0,91.0,0.2,14984,33.288606276625984,3.648,1
0.0,0.0,0.0,1000.0,1.0,14984,33.288606276625984,0.166,0
2.53,0.0,830.0,328.0,0.2,14984,33.288606276625984,2.53,1
3.952,0.0,996.0,252.0,0.2,14984,33.288606276625984,3.952,1
6.704,0.46,1924.0,287.0,0.2,14984,33.288606276625984,9.003,1
2.899,0.247,400.0,138.0,0.2,14984,33.288606276625984,7.246,1
0.669,0.669,166.0,248.0,0.8,14984,33.288606276625984,1.613,1
3.648,0.0,332.0,91.0,0.2,14984,33.288606276625984,1.824,1
0.0,0.0,0.0,1000.0,1.0,14984,33.288606276625984,0.166,0
2.53,0.0,830.0,328.0,0.2,14984,33.288606276625984,2.53,1
3.952,0.0,996.0,252.0,0.2,14984,33.288606276625984,3.952,1
7.164,0.46,2056.0,287.0,0.2,14984,33.288606276625984,9.463,1
4.348,1.449,600.0,138.0,0.2,14984,33.288606276625984,7.246,1
0.669,0.0,166.0,248.0,0.8,14984,33.288606276625984,2.419,1
3.648,0.0,332.0,91.0,0.2,14984,33.288606276625984,1.824,1
0.0,0.0,0.0,1000.0,1.0,14984,33.288606276625984,0.0,0
2.53,0.0,830.0,328.0,0.2,14984,33.288606276625984,2.53,1
3.952,0.0,996.0,252.0,0.2,14984,33.288606276625984,3.952,1
7.624,0.46,2188.0,287.0,0.2,14984,33.288606276625984,9.463,1
5.797,1.449,800.0,138.0,0.2,14984,33.288606276625984,7.246,1
0.0,-0.669,0.0,248.0,1.0,14984,33.288606276625984,2.419,1
5.473,1.825,498.0,91.0,0.2,14984,33.288606276625984,1.824,1
0.0,0.0,0.0,1000.0,1.0,14984,33.288606276625984,0.0,0
2.53,0.0,830.0,328.0,0.2,14984,33.288606276625984,2.53,1
3.952,0.0,996.0,252.0,0.2,14984,33.288606276625984,3.952,1
8.084,0.46,2320.0,287.0,0.2,14984,33.288606276625984,9.463,1
7.246,1.449,1000.0,138.0,0.2,14984,33.288606276625984,7.246,1
0.0,0.0,0.0,248.0,1.0,14984,33.288606276625984,2.419,1
5.473,0.0,498.0,91.0,0.2,14984,33.288606276625984,1.824,1
0.0,0.0,0.0,1000.0,1.0,14984,33.288606276625984,0.0,0
2.53,0.0,830.0,328.0,0.2,14984,33.288606276625984,2.53,1
3.952,0.0,996.0,252.0,0.2,14984,33.288606276625984,3.952,1
8.544,0.46,2452.0,287.0,0.2,14984,33.288606276625984,9.463,1
7.246,0.0,1000.0,138.0,0.2,14984,33.288606276625984,7.246,1
0.806,0.806,200.0,248.0,0.5,14984,33.288606276625984,2.419,1
3.648,-1.825,332.0,91.0,0.2,14984,33.288606276625984,1.824,1
0.166,0.166,166.0,1000.0,1.0,14984,33.288606276625984,0.0,0
2.53,0.0,830.0,328.0,0.2,14984,33.288606276625984,2.53,1
3.952,0.0,996.0,252.0,0.2,14984,33.288606276625984,3.952,1
9.003,0.459,2584.0,287.0,0.2,14984,33.288606276625984,9.463,1
7.246,0.0,1000.0,138.0,0.2,14984,33.288606276625984,7.246,1
1.613,0.807,400.0,248.0,0.2,14984,33.288606276625984,2.419,1
1.824,-1.824,166.0,91.0,0.2,14984,33.288606276625984,1.824,1
0.166,0.0,166.0,1000.0,1.0,14984,33.288606276625984,0.0,0
2.53,0.0,830.0,328.0,0.2,14984,33.288606276625984,2.53,1
3.952,0.0,996.0,252.0,0.2,14984,33.288606276625984,3.952,1
9.463,0.46,2716.0,287.0,0.2,14984,33.288606276625984,9.463,1
7.246,0.0,1000.0,138.0,0.2,14984,33.288606276625984,7.246,1
2.419,0.806,600.0,248.0,0.2,14984,33.288606276625984,2.419,1
1.824,0.0,166.0,91.0,0.2,14984,33.288606276625984,1.824,1
0.0,-0.166,0.0,1000.0,1.0,14984,33.288606276625984,0.0,0
1.179,0.0,217.0,184.0,0.2,1438,43.33423265986869,2.739,1
0.453,0.0,216.0,477.0,1.0,1438,43.33423265986869,1.05,1
0.0,0.0,0.0,88.0,1.0,1438,43.33423265986869,4.92,1
0.0,0.0,0.0,136.0,1.0,1438,43.33423265986869,0.0,0
0.0,0.0,0.0,58.0,1.0,1438,43.33423265986869,0.0,0
0.0,0.0,0.0,224.0,1.0,1438,43.33423265986869,0.0,0
0.0,0.0,0.0,1000.0,1.0,1438,43.33423265986869,0.0,0
2.359,1.18,434.0,184.0,0.2,1438,43.33423265986869,1.56,1
0.906,0.453,432.0,477.0,0.2,1438,43.33423265986869,1.05,1
0.0,0.0,0.0,88.0,1.0,1438,43.33423265986869,7.386,1
0.0,0.0,0.0,136.0,1.0,1438,43.33423265986869,0.0,0
0.0,0.0,0.0,58.0,1.0,1438,43.33423265986869,0.0,0
0.0,0.0,0.0,224.0,1.0,1438,43.33423265986869,0.0,0
0.0,0.0,0.0,1000.0,1.0,1438,43.33423265986869,0.0,0
3.538,1.179,651.0,184.0,0.2,1438,43.33423265986869,0.38,0
0.906,0.0,432.0,477.0,0.2,1438,43.33423265986869,0.597,0
2.455,2.455,216.0,88.0,0.2,1438,43.33423265986869,9.852,1
0.0,0.0,0.0,136.0,1.0,1438,43.33423265986869,1.588,1
0.0,0.0,0.0,58.0,1.0,1438,43.33423265986869,0.0,0
0.0,0.0,0.0,224.0,1.0,1438,43.33423265986869,0.0,0
0.0,0.0,0.0,1000.0,1.0,1438,43.33423265986869,0.0,0
3.918,0.38,721.0,184.0,0.2,1438,43.33423265986869,0.0,0
1.05,0.144,501.0,477.0,0.2,1438,43.33423265986869,0.0,0
2.455,0.0,216.0,88.0,0.2,1438,43.33423265986869,13.886,1
0.0,0.0,0.0,136.0,1.0,1438,43.33423265986869,1.588,1
0.0,0.0,0.0,58.0,1.0,1438,43.33423265986869,0.0,0
0.0,0.0,0.0,224.0,1.0,1438,43.33423265986869,0.0,0
0.0,0.0,0.0,1000.0,1.0,1438,43.33423265986869,0.0,0
3.918,0.0,721.0,184.0,0.2,1438,43.33423265986869,0.0,0
1.05,0.0,501.0,477.0,0.2,1438,43.33423265986869,0.0,0
2.455,0.0,216.0,88.0,0.2,1438,43.33423265986869,13.886,1
0.0,0.0,0.0,136.0,1.0,1438,43.33423265986869,1.588,1
0.0,0.0,0.0,58.0,1.0,1438,43.33423265986869,0.0,0
0.0,0.0,0.0,224.0,1.0,1438,43.33423265986869,0.0,0
0.0,0.0,0.0,1000.0,1.0,1438,43.33423265986869,0.0,0
2.739,-1.179,504.0,184.0,0.2,1438,43.33423265986869,0.0,0
1.05,0.0,501.0,477.0,0.2,1438,43.33423265986869,0.0,0
4.92,2.465,433.0,88.0,0.2,1438,43.33423265986869,11.42,1
0.0,0.0,0.0,136.0,1.0,1438,43.33423265986869,3.184,1
0.0,0.0,0.0,58.0,1.0,1438,43.33423265986869,0.0,0
0.0,0.0,0.0,224.0,1.0,1438,43.33423265986869,0.0,0
0.0,0.0,0.0,1000.0,1.0,1438,43.33423265986869,0.0,0
1.56,-1.179,287.0,184.0,0.2,1438,43.33423265986869,0.0,0
1.05,0.0,501.0,477.0,0.2,1438,43.33423265986869,0.0,0
7.386,2.466,650.0,88.0,0.2,1438,43.33423265986869,8.955,1
0.0,0.0,0.0,136.0,1.0,1438,43.33423265986869,4.779,1
0.0,0.0,0.0,58.0,1.0,1438,43.33423265986869,0.0,0
0.0,0.0,0.0,224.0,1.0,1438,43.33423265986869,0.0,0
0.0,0.0,0.0,1000.0,1.0,1438,43.33423265986869,0.0,0
0.38,-1.18,70.0,184.0,1.0,1438,43.33423265986869,0.0,0
0.597,-0.453,285.0,477.0,0.8,1438,43.33423265986869,0.0,0
9.852,2.466,867.0,88.0,0.2,1438,43.33423265986869,4.034,1
1.588,1.588,216.0,136.0,0.2,1438,43.33423265986869,6.375,1
0.0,0.0,0.0,58.0,1.0,1438,43.33423265986869,3.724,1
0.0,0.0,0.0,224.0,1.0,1438,43.33423265986869,0.0,0
0.0,0.0,0.0,1000.0,1.0,1438,43.33423265986869,0.0,0
0.0,-0.38,0.0,184.0,1.0,1438,43.33423265986869,0.0,0
0.0,-0.597,0.0,477.0,1.0,1438,43.33423265986869,0.0,0
13.886,4.034,1222.0,88.0,0.2,1438,43.33423265986869,0.0,0
1.588,0.0,216.0,136.0,0.2,1438,43.33423265986869,8.985,1
0.0,0.0,0.0,58.0,1.0,1438,43.33423265986869,3.724,1
0.0,0.0,0.0,224.0,1.0,1438,43.33423265986869,0.0,0
0.0,0.0,0.0,1000.0,1.0,1438,43.33423265986869,0.0,0
0.0,0.0,0.0,184.0,1.0,1438,43.33423265986869,0.0,0
0.0,0.0,0.0,477.0,1.0,1438,43.33423265986869,0.0,0
13.886,0.0,1222.0,88.0,0.2,1438,43.33423265986869,0.0,0
1.588,0.0,216.0,136.0,0.2,1438,43.33423265986869,8.985,1
0.0,0.0,0.0,58.0,1.0,1438,43.33423265986869,3.724,1
0.0,0.0,0.0,224.0,1.0,1438,43.33423265986869,0.0,0
0.0,0.0,0.0,1000.0,1.0,1438,43.33423265986869,0.0,0
0.0,0.0,0.0,184.0,1.0,1438,43.33423265986869,0.0,0
0.0,0.0,0.0,477.0,1.0,1438,43.33423265986869,0.0,0
11.42,-2.466,1005.0,88.0,0.2,1438,43.33423265986869,0.0,0
3.184,1.596,433.0,136.0,0.2,1438,43.33423265986869,7.39,1
0.0,0.0,0.0,58.0,1.0,1438,43.33423265986869,7.466,1
0.0,0.0,0.0,224.0,1.0,1438,43.33423265986869,0.0,0
0.0,0.0,0.0,1000.0,1.0,1438,43.33423265986869,0.0,0
0.0,0.0,0.0,184.0,1.0,1438,43.33423265986869,0.0,0
0.0,0.0,0.0,477.0,1.0,1438,43.33423265986869,0.0,0
8.955,-2.465,788.0,88.0,0.2,1438,43.33423265986869,0.0,0
4.779,1.595,650.0,136.0,0.2,1438,43.33423265986869,5.794,1
0.0,0.0,0.0,58.0,1.0,1438,43.33423265986869,11.207,1
0.0,0.0,0.0,224.0,1.0,1438,43.33423265986869,0.0,0
0.0,0.0,0.0,1000.0,1.0,1438,43.33423265986869,0.0,0
0.0,0.0,0.0,184.0,1.0,1438,43.33423265986869,0.0,0
0.0,0.0,0.0,477.0,1.0,1438,43.33423265986869,0.0,0
4.034,-4.921,355.0,88.0,0.2,1438,43.33423265986869,0.0,0
6.375,1.596,867.0,136.0,0.2,1438,43.33423265986869,2.853,1
3.724,3.724,216.0,58.0,0.2,1438,43.33423265986869,14.379,1
0.0,0.0,0.0,224.0,1.0,1438,43.33423265986869,0.964,1
0.0,0.0,0.0,1000.0,1.0,1438,43.33423265986869,0.0,0
0.0,0.0,0.0,184.0,1.0,1438,43.33423265986869,0.0,0
0.0,0.0,0.0,477.0,1.0,1438,43.33423265986869,0.0,0
0.0,-4.034,0.0,88.0,1.0,1438,43.33423265986869,0.0,0
8.985,2.61,1222.0,136.0,0.2,1438,43.33423265986869,0.243,0
3.724,0.0,216.0,58.0,0.2,1438,43.33423265986869,20.5,1
0.0,0.0,0.0,224.0,1.0,1438,43.33423265986869,0.964,1
0.0,0.0,0.0,1000.0,1.0,1438,43.33423265986869,0.0,0
0.0,0.0,0.0,184.0,1.0,1438,43.33423265986869,0.0,0
0.0,0.0,0.0,477.0,1.0,1438,43.33423265986869,0.0,0
0.0,0.0,0.0,88.0,1.0,1438,43.33423265986869,0.0,0
8.985,0.0,1222.0,136.0,0.2,1438,43.33423265986869,0.0,0
3.724,0.0,216.0,58.0,0.2,1438,43.33423265986869,21.069,1
0.0,0.0,0.0,224.0,1.0,1438,43.33423265986869,0.964,1
0.0,0.0,0.0,1000.0,1.0,1438,43.33423265986869,0.0,0
0.0,0.0,0.0,184.0,1.0,1438,43.33423265986869,0.0,0
0.0,0.0,0.0,477.0,1.0,1438,43.33423265986869,0.0,0
0.0,0.0,0.0,88.0,1.0,1438,43.33423265986869,0.0,0
7.39,-1.595,1005.0,136.0,0.2,1438,43.33423265986869,0.0,0
7.466,3.742,433.0,58.0,0.2,1438,43.33423265986869,21.069,1
0.0,0.0,0.0,224.0,1.0,1438,43.33423265986869,0.964,1
0.0,0.0,0.0,1000.0,1.0,1438,43.33423265986869,0.0,0
0.0,0.0,0.0,184.0,1.0,1438,43.33423265986869,0.0,0
0.0,0.0,0.0,477.0,1.0,1438,43.33423265986869,0.0,0
0.0,0.0,0.0,88.0,1.0,1438,43.33423265986869,0.0,0
5.794,-1.596,788.0,136.0,0.2,1438,43.33423265986869,0.0,0
11.207,3.741,650.0,58.0,0.2,1438,43.33423265986869,21.069,1
0.0,0.0,0.0,224.0,1.0,1438,43.33423265986869,0.964,1
0.0,0.0,0.0,1000.0,1.0,1438,43.33423265986869,0.0,0
0.0,0.0,0.0,184.0,1.0,1438,43.33423265986869,0.0,0
0.0,0.0,0.0,477.0,1.0,1438,43.33423265986869,0.0,0
0.0,0.0,0.0,88.0,1.0,1438,43.33423265986869,0.0,0
2.853,-2.941,388.0,136.0,0.2,1438,43.33423265986869,0.0,0
14.379,3.172,834.0,58.0,0.2,1438,43.33423265986869,21.069,1
0.964,0.964,216.0,224.0,0.2,1438,43.33423265986869,0.964,1
0.0,0.0,0.0,1000.0,1.0,1438,43.33423265986869,0.0,0
0.0,0.0,0.0,184.0,1.0,1438,43.33423265986869,0.0,0
0.0,0.0,0.0,477.0,1.0,1438,43.33423265986869,0.0,0
0.0,0.0,0.0,88.0,1.0,1438,43.33423265986869,0.0,0
0.243,-2.61,33.0,136.0,1.0,1438,43.33423265986869,0.0,0
20.5,6.121,1189.0,58.0,0.2,1438,43.33423265986869,21.069,1
0.964,0.0,216.0,224.0,0.2,1438,43.33423265986869,0.964,1
0.0,0.0,0.0,1000.0,1.0,1438,43.33423265986869,0.0,0
0.0,0.0,0.0,184.0,1.0,1438,43.33423265986869,0.0,0
0.0,0.0,0.0,477.0,1.0,1438,43.33423265986869,0.0,0
0.0,0.0,0.0,88.0,1.0,1438,43.33423265986869,0.0,0
0.0,-0.243,0.0,136.0,1.0,1438,43.33423265986869,0.0,0
21.069,0.569,1222.0,58.0,0.2,1438,43.33423265986869,21.069,1
0.964,0.0,216.0,224.0,0.2,1438,43.33423265986869,0.964,1
0.0,0.0,0.0,1000.0,1.0,1438,43.33423265986869,0.0,0
3.814,0.0,637.0,167.0,0.2,1214,116.85226470987313,0.15,0
1.097,0.0,531.0,484.0,0.2,1214,116.85226470987313,1.14,1
0.0,0.0,0.0,218.0,1.0,1214,116.85226470987313,2.922,1
0.0,0.0,0.0,135.0,1.0,1214,116.85226470987313,0.0,0
0.0,0.0,0.0,55.0,1.0,1214,116.85226470987313,0.0,0
0.0,0.0,0.0,110.0,1.0,1214,116.85226470987313,0.0,0
0.0,0.0,0.0,1000.0,1.0,1214,116.85226470987313,0.0,0
3.964,0.15,662.0,167.0,0.2,1214,116.85226470987313,0.0,0
1.14,0.043,552.0,484.0,0.2,1214,116.85226470987313,0.045,0
0.0,0.0,0.0,218.0,1.0,1214,116.85226470987313,5.468,1
0.0,0.0,0.0,135.0,1.0,1214,116.85226470987313,0.0,0
0.0,0.0,0.0,55.0,1.0,1214,116.85226470987313,0.0,0
0.0,0.0,0.0,110.0,1.0,1214,116.85226470987313,0.0,0
0.0,0.0,0.0,1000.0,1.0,1214,116.85226470987313,0.0,0
3.964,0.0,662.0,167.0,0.2,1214,116.85226470987313,0.0,0
1.14,0.0,552.0,484.0,0.2,1214,116.85226470987313,0.002,0
0.0,0.0,0.0,218.0,1.0,1214,116.85226470987313,5.564,1
0.0,0.0,0.0,135.0,1.0,1214,116.85226470987313,0.0,0
0.0,0.0,0.0,55.0,1.0,1214,116.85226470987313,0.0,0
0.0,0.0,0.0,110.0,1.0,1214,116.85226470987313,0.0,0
0.0,0.0,0.0,1000.0,1.0,1214,116.85226470987313,0.0,0
3.964,0.0,662.0,167.0,0.2,1214,116.85226470987313,0.0,0
1.14,0.0,552.0,484.0,0.2,1214,116.85226470987313,0.0,0
0.0,0.0,0.0,218.0,1.0,1214,116.85226470987313,5.569,1
0.0,0.0,0.0,135.0,1.0,1214,116.85226470987313,0.0,0
0.0,0.0,0.0,55.0,1.0,1214,116.85226470987313,0.0,0
0.0,0.0,0.0,110.0,1.0,1214,116.85226470987313,0.0,0
0.0,0.0,0.0,1000.0,1.0,1214,116.85226470987313,0.0,0
3.964,0.0,662.0,167.0,0.2,1214,116.85226470987313,0.0,0
1.14,0.0,552.0,484.0,0.2,1214,116.85226470987313,0.0,0
0.0,0.0,0.0,218.0,1.0,1214,116.85226470987313,5.569,1
0.0,0.0,0.0,135.0,1.0,1214,116.85226470987313,0.0,0
0.0,0.0,0.0,55.0,1.0,1214,116.85226470987313,0.0,0
0.0,0.0,0.0,110.0,1.0,1214,116.85226470987313,0.0,0
0.0,0.0,0.0,1000.0,1.0,1214,116.85226470987313,0.0,0
0.15,-3.814,25.0,167.0,1.0,1214,116.85226470987313,0.0,0
1.14,0.0,552.0,484.0,0.2,1214,116.85226470987313,0.0,0
2.922,2.922,637.0,218.0,0.2,1214,116.85226470987313,4.193,1
0.0,0.0,0.0,135.0,1.0,1214,116.85226470987313,2.222,1
0.0,0.0,0.0,55.0,1.0,1214,116.85226470987313,0.0,0
0.0,0.0,0.0,110.0,1.0,1214,116.85226470987313,0.0,0
0.0,0.0,0.0,1000.0,1.0,1214,116.85226470987313,0.0,0
0.0,-0.15,0.0,167.0,1.0,1214,116.85226470987313,0.0,0
0.045,-1.095,22.0,484.0,1.0,1214,116.85226470987313,0.0,0
5.468,2.546,1192.0,218.0,0.2,1214,116.85226470987313,2.817,1
0.0,0.0,0.0,135.0,1.0,1214,116.85226470987313,4.444,1
0.0,0.0,0.0,55.0,1.0,1214,116.85226470987313,0.0,0
0.0,0.0,0.0,110.0,1.0,1214,116.85226470987313,0.0,0
0.0,0.0,0.0,1000.0,1.0,1214,116.85226470987313,0.0,0
0.0,0.0,0.0,167.0,1.0,1214,116.85226470987313,0.0,0
0.002,-0.043,1.0,484.0,1.0,1214,116.85226470987313,0.0,0
5.564,0.096,1213.0,218.0,0.2,1214,116.85226470987313,2.72,1
0.0,0.0,0.0,135.0,1.0,1214,116.85226470987313,4.6,1
0.0,0.0,0.0,55.0,1.0,1214,116.85226470987313,0.0,0
0.0,0.0,0.0,110.0,1.0,1214,116.85226470987313,0.0,0
0.0,0.0,0.0,1000.0,1.0,1214,116.85226470987313,0.0,0
0.0,0.0,0.0,167.0,1.0,1214,116.85226470987313,0.0,0
0.0,-0.002,0.0,484.0,1.0,1214,116.85226470987313,0.0,0
5.569,0.005,1214.0,218.0,0.2,1214,116.85226470987313,2.716,1
0.0,0.0,0.0,135.0,1.0,1214,116.85226470987313,4.607,1
0.0,0.0,0.0,55.0,1.0,1214,116.85226470987313,0.0,0
0.0,0.0,0.0,110.0,1.0,1214,116.85226470987313,0.0,0
0.0,0.0,0.0,1000.0,1.0,1214,116.85226470987313,0.0,0
0.0,0.0,0.0,167.0,1.0,1214,116.85226470987313,0.0,0
0.0,0.0,0.0,484.0,1.0,1214,116.85226470987313,0.0,0
5.569,0.0,1214.0,218.0,0.2,1214,116.85226470987313,2.716,1
0.0,0.0,0.0,135.0,1.0,1214,116.85226470987313,4.607,1
0.0,0.0,0.0,55.0,1.0,1214,116.85226470987313,0.0,0
0.0,0.0,0.0,110.0,1.0,1214,116.85226470987313,0.0,0
0.0,0.0,0.0,1000.0,1.0,1214,116.85226470987313,0.0,0
0.0,0.0,0.0,167.0,1.0,1214,116.85226470987313,0.0,0
0.0,0.0,0.0,484.0,1.0,1214,116.85226470987313,0.0,0
4.193,-1.376,914.0,218.0,0.2,1214,116.85226470987313,1.339,1
2.222,2.222,300.0,135.0,0.2,1214,116.85226470987313,4.607,1
0.0,0.0,0.0,55.0,1.0,1214,116.85226470987313,5.455,1
0.0,0.0,0.0,110.0,1.0,1214,116.85226470987313,0.0,0
0.0,0.0,0.0,1000.0,1.0,1214,116.85226470987313,0.0,0
0.0,0.0,0.0,167.0,1.0,1214,116.85226470987313,0.0,0
0.0,0.0,0.0,484.0,1.0,1214,116.85226470987313,0.0,0
2.817,-1.376,614.0,218.0,0.2,1214,116.85226470987313,0.17,0
4.444,2.222,600.0,135.0,0.2,1214,116.85226470987313,4.274,1
0.0,0.0,0.0,55.0,1.0,1214,116.85226470987313,10.909,1
0.0,0.0,0.0,110.0,1.0,1214,116.85226470987313,0.0,0
0.0,0.0,0.0,1000.0,1.0,1214,116.85226470987313,0.0,0
0.0,0.0,0.0,167.0,1.0,1214,116.85226470987313,0.0,0
0.0,0.0,0.0,484.0,1.0,1214,116.85226470987313,0.0,0
2.72,-0.097,593.0,218.0,0.2,1214,116.85226470987313,0.0,0
4.6,0.156,621.0,135.0,0.2,1214,116.85226470987313,4.393,1
0.0,0.0,0.0,55.0,1.0,1214,116.85226470987313,11.291,1
0.0,0.0,0.0,110.0,1.0,1214,116.85226470987313,0.0,0
0.0,0.0,0.0,1000.0,1.0,1214,116.85226470987313,0.0,0
0.0,0.0,0.0,167.0,1.0,1214,116.85226470987313,0.0,0
0.0,0.0,0.0,484.0,1.0,1214,116.85226470987313,0.0,0
2.716,-0.004,592.0,218.0,0.2,1214,116.85226470987313,0.0,0
4.607,0.007,622.0,135.0,0.2,1214,116.85226470987313,4.385,1
0.0,0.0,0.0,55.0,1.0,1214,116.85226470987313,11.309,1
0.0,0.0,0.0,110.0,1.0,1214,116.85226470987313,0.0,0
0.0,0.0,0.0,1000.0,1.0,1214,116.85226470987313,0.0,0
0.0,0.0,0.0,167.0,1.0,1214,116.85226470987313,0.0,0
0.0,0.0,0.0,484.0,1.0,1214,116.85226470987313,0.0,0
2.716,0.0,592.0,218.0,0.2,1214,116.85226470987313,0.0,0
4.607,0.0,622.0,135.0,0.2,1214,116.85226470987313,4.385,1
0.0,0.0,0.0,55.0,1.0,1214,116.85226470987313,11.309,1
0.0,0.0,0.0,110.0,1.0,1214,116.85226470987313,0.0,0
0.0,0.0,0.0,1000.0,1.0,1214,116.85226470987313,0.0,0
0.0,0.0,0.0,167.0,1.0,1214,116.85226470987313,0.0,0
0.0,0.0,0.0,484.0,1.0,1214,116.85226470987313,0.0,0
1.339,-1.377,292.0,218.0,0.2,1214,116.85226470987313,0.0,0
4.607,0.0,622.0,135.0,0.2,1214,116.85226470987313,4.385,1
5.455,5.455,300.0,55.0,0.2,1214,116.85226470987313,11.309,1
0.0,0.0,0.0,110.0,1.0,1214,116.85226470987313,0.0,0
0.0,0.0,0.0,1000.0,1.0,1214,116.85226470987313,0.0,0
0.0,0.0,0.0,167.0,1.0,1214,116.85226470987313,0.0,0
0.0,0.0,0.0,484.0,1.0,1214,116.85226470987313,0.0,0
0.17,-1.169,37.0,218.0,1.0,1214,116.85226470987313,0.0,0
4.274,-0.333,577.0,135.0,0.2,1214,116.85226470987313,4.385,1
10.909,5.454,600.0,55.0,0.2,1214,116.85226470987313,11.309,1
0.0,0.0,0.0,110.0,1.0,1214,116.85226470987313,0.0,0
0.0,0.0,0.0,1000.0,1.0,1214,116.85226470987313,0.0,0
0.0,0.0,0.0,167.0,1.0,1214,116.85226470987313,0.0,0
0.0,0.0,0.0,484.0,1.0,1214,116.85226470987313,0.0,0
0.0,-0.17,0.0,218.0,1.0,1214,116.85226470987313,0.0,0
4.393,0.119,593.0,135.0,0.2,1214,116.85226470987313,4.385,1
11.291,0.382,621.0,55.0,0.2,1214,116.85226470987313,11.309,1
0.0,0.0,0.0,110.0,1.0,1214,116.85226470987313,0.0,0
0.0,0.0,0.0,1000.0,1.0,1214,116.85226470987313,0.0,0
0.0,0.0,0.0,167.0,1.0,1214,116.85226470987313,0.0,0
0.0,0.0,0.0,484.0,1.0,1214,116.85226470987313,0.0,0
0.0,0.0,0.0,218.0,1.0,1214,116.85226470987313,0.0,0
4.385,-0.008,592.0,135.0,0.2,1214,116.85226470987313,4.385,1
11.309,0.018,622.0,55.0,0.2,1214,116.85226470987313,11.309,1
0.0,0.0,0.0,110.0,1.0,1214,116.85226470987313,0.0,0
0.0,0.0,0.0,1000.0,1.0,1214,116.85226470987313,0.0,0
0.0,0.0,0.0,167.0,1.0,1214,116.85226470987313,0.0,0
0.0,0.0,0.0,484.0,1.0,1214,116.85226470987313,0.0,0
0.0,0.0,0.0,218.0,1.0,1214,116.85226470987313,0.0,0
4.385,0.0,592.0,135.0,0.2,1214,116.85226470987313,4.385,1
11.309,0.0,622.0,55.0,0.2,1214,116.85226470987313,11.309,1
0.0,0.0,0.0,110.0,1.0,1214,116.85226470987313,0.0,0
0.0,0.0,0.0,1000.0,1.0,1214,116.85226470987313,0.0,0
1.426,0.0,619.0,434.0,0.2,10473,123.75937874347642,7.131,1
1.867,0.0,618.0,331.0,0.2,10473,123.75937874347642,11.202,1
0.0,0.0,0.0,124.0,1.0,10473,123.75937874347642,4.992,1
0.0,0.0,0.0,84.0,1.0,10473,123.75937874347642,0.0,0
0.0,0.0,0.0,194.0,1.0,10473,123.75937874347642,0.0,0
0.0,0.0,0.0,142.0,1.0,10473,123.75937874347642,0.0,0
0.0,0.0,0.0,1000.0,1.0,10473,123.75937874347642,0.0,0
2.853,1.427,1238.0,434.0,0.2,10473,123.75937874347642,7.131,1
3.734,1.867,1236.0,331.0,0.2,10473,123.75937874347642,11.77,1
0.0,0.0,0.0,124.0,1.0,10473,123.75937874347642,13.452,1
0.0,0.0,0.0,84.0,1.0,10473,123.75937874347642,0.0,0
0.0,0.0,0.0,194.0,1.0,10473,123.75937874347642,0.0,0
0.0,0.0,0.0,142.0,1.0,10473,123.75937874347642,0.0,0
0.0,0.0,0.0,1000.0,1.0,10473,123.75937874347642,0.0,0
4.279,1.426,1857.0,434.0,0.2,10473,123.75937874347642,7.131,1
5.601,1.867,1854.0,331.0,0.2,10473,123.75937874347642,12.338,1
0.0,0.0,0.0,124.0,1.0,10473,123.75937874347642,21.911,1
0.0,0.0,0.0,84.0,1.0,10473,123.75937874347642,0.0,0
0.0,0.0,0.0,194.0,1.0,10473,123.75937874347642,0.0,0
0.0,0.0,0.0,142.0,1.0,10473,123.75937874347642,0.0,0
0.0,0.0,0.0,1000.0,1.0,10473,123.75937874347642,0.0,0
5.705,1.426,2476.0,434.0,0.2,10473,123.75937874347642,6.371,1
7.468,1.867,2472.0,331.0,0.2,10473,123.75937874347642,11.909,1
0.0,0.0,0.0,124.0,1.0,10473,123.75937874347642,30.371,1
0.0,0.0,0.0,84.0,1.0,10473,123.75937874347642,0.0,0
0.0,0.0,0.0,194.0,1.0,10473,123.75937874347642,0.0,0
0.0,0.0,0.0,142.0,1.0,10473,123.75937874347642,0.0,0
0.0,0.0,0.0,1000.0,1.0,10473,123.75937874347642,0.0,0
7.131,1.426,3095.0,434.0,0.2,10473,123.75937874347642,4.945,1
9.335,1.867,3090.0,331.0,0.2,10473,123.75937874347642,10.61,1
0.0,0.0,0.0,124.0,1.0,10473,123.75937874347642,38.831,1
0.0,0.0,0.0,84.0,1.0,10473,123.75937874347642,0.0,0
0.0,0.0,0.0,194.0,1.0,10473,123.75937874347642,0.0,0
0.0,0.0,0.0,142.0,1.0,10473,123.75937874347642,0.0,0
0.0,0.0,0.0,1000.0,1.0,10473,123.75937874347642,0.0,0
7.131,0.0,3095.0,434.0,0.2,10473,123.75937874347642,3.518,1
11.202,1.867,3708.0,331.0,0.2,10473,123.75937874347642,9.311,1
4.992,4.992,619.0,124.0,0.2,10473,123.75937874347642,42.298,1
0.0,0.0,0.0,84.0,1.0,10473,123.75937874347642,7.369,1
0.0,0.0,0.0,194.0,1.0,10473,123.75937874347642,0.0,0
0.0,0.0,0.0,142.0,1.0,10473,123.75937874347642,0.0,0
0.0,0.0,0.0,1000.0,1.0,10473,123.75937874347642,0.0,0
7.131,0.0,3095.0,434.0,0.2,10473,123.75937874347642,2.092,1
11.77,0.568,3896.0,331.0,0.2,10473,123.75937874347642,8.012,1
13.452,8.46,1668.0,124.0,0.2,10473,123.75937874347642,45.113,1
0.0,0.0,0.0,84.0,1.0,10473,123.75937874347642,15.702,1
0.0,0.0,0.0,194.0,1.0,10473,123.75937874347642,0.0,0
0.0,0.0,0.0,142.0,1.0,10473,123.75937874347642,0.0,0
0.0,0.0,0.0,1000.0,1.0,10473,123.75937874347642,0.0,0
7.131,0.0,3095.0,434.0,0.2,10473,123.75937874347642,0.666,0
12.338,0.568,4084.0,331.0,0.2,10473,123.75937874347642,6.713,1
21.911,8.459,2717.0,124.0,0.2,10473,123.75937874347642,47.927,1
0.0,0.0,0.0,84.0,1.0,10473,123.75937874347642,24.036,1
0.0,0.0,0.0,194.0,1.0,10473,123.75937874347642,0.0,0
0.0,0.0,0.0,142.0,1.0,10473,123.75937874347642,0.0,0
0.0,0.0,0.0,1000.0,1.0,10473,123.75937874347642,0.0,0
6.371,-0.76,2765.0,434.0,0.2,10473,123.75937874347642,0.0,0
11.909,-0.429,3942.0,331.0,0.2,10473,123.75937874347642,5.414,1
30.371,8.46,3766.0,124.0,0.2,10473,123.75937874347642,48.081,1
0.0,0.0,0.0,84.0,1.0,10473,123.75937874347642,32.369,1
0.0,0.0,0.0,194.0,1.0,10473,123.75937874347642,0.0,0
0.0,0.0,0.0,142.0,1.0,10473,123.75937874347642,0.0,0
0.0,0.0,0.0,1000.0,1.0,10473,123.75937874347642,0.0,0
4.945,-1.426,2146.0,434.0,0.2,10473,123.75937874347642,0.0,0
10.61,-1.299,3512.0,331.0,0.2,10473,123.75937874347642,4.115,1
38.831,8.46,4815.0,124.0,0.2,10473,123.75937874347642,45.903,1
0.0,0.0,0.0,84.0,1.0,10473,123.75937874347642,40.702,1
0.0,0.0,0.0,194.0,1.0,10473,123.75937874347642,0.0,0
0.0,0.0,0.0,142.0,1.0,10473,123.75937874347642,0.0,0
0.0,0.0,0.0,1000.0,1.0,10473,123.75937874347642,0.0,0
3.518,-1.427,1527.0,434.0,0.2,10473,123.75937874347642,0.0,0
9.311,-1.299,3082.0,331.0,0.2,10473,123.75937874347642,3.547,1
42.298,3.467,5245.0,124.0,0.2,10473,123.75937874347642,41.774,1
7.369,7.369,619.0,84.0,0.2,10473,123.75937874347642,42.607,1
0.0,0.0,0.0,194.0,1.0,10473,123.75937874347642,2.784,1
0.0,0.0,0.0,142.0,1.0,10473,123.75937874347642,0.0,0
0.0,0.0,0.0,1000.0,1.0,10473,123.75937874347642,0.0,0
2.092,-1.426,908.0,434.0,0.2,10473,123.75937874347642,0.0,0
8.012,-1.299,2652.0,331.0,0.2,10473,123.75937874347642,2.979,1
45.113,2.815,5594.0,124.0,0.2,10473,123.75937874347642,37.645,1
15.702,8.333,1319.0,84.0,0.2,10473,123.75937874347642,44.512,1
0.0,0.0,0.0,194.0,1.0,10473,123.75937874347642,5.567,1
0.0,0.0,0.0,142.0,1.0,10473,123.75937874347642,0.0,0
0.0,0.0,0.0,1000.0,1.0,10473,123.75937874347642,0.0,0
0.666,-1.426,289.0,434.0,0.8,10473,123.75937874347642,0.0,0
6.713,-1.299,2222.0,331.0,0.2,10473,123.75937874347642,2.411,1
47.927,2.814,5943.0,124.0,0.2,10473,123.75937874347642,33.516,1
24.036,8.334,2019.0,84.0,0.2,10473,123.75937874347642,46.417,1
0.0,0.0,0.0,194.0,1.0,10473,123.75937874347642,8.351,1
0.0,0.0,0.0,142.0,1.0,10473,123.75937874347642,0.0,0
0.0,0.0,0.0,1000.0,1.0,10473,123.75937874347642,0.0,0
0.0,-0.666,0.0,434.0,1.0,10473,123.75937874347642,0.0,0
5.414,-1.299,1792.0,331.0,0.2,10473,123.75937874347642,1.275,1
48.081,0.154,5962.0,124.0,0.2,10473,123.75937874347642,30.903,1
32.369,8.333,2719.0,84.0,0.2,10473,123.75937874347642,48.321,1
0.0,0.0,0.0,194.0,1.0,10473,123.75937874347642,11.134,1
0.0,0.0,0.0,142.0,1.0,10473,123.75937874347642,0.0,0
0.0,0.0,0.0,1000.0,1.0,10473,123.75937874347642,0.0,0
0.0,0.0,0.0,434.0,1.0,10473,123.75937874347642,0.0,0
4.115,-1.299,1362.0,331.0,0.2,10473,123.75937874347642,0.139,0
45.903,-2.178,5692.0,124.0,0.2,10473,123.75937874347642,28.29,1
40.702,8.333,3419.0,84.0,0.2,10473,123.75937874347642,50.226,1
0.0,0.0,0.0,194.0,1.0,10473,123.75937874347642,13.918,1
0.0,0.0,0.0,142.0,1.0,10473,123.75937874347642,0.0,0
0.0,0.0,0.0,1000.0,1.0,10473,123.75937874347642,0.0,0
0.0,0.0,0.0,434.0,1.0,10473,123.75937874347642,0.0,0
3.547,-0.568,1174.0,331.0,0.2,10473,123.75937874347642,0.139,0
41.774,-4.129,5180.0,124.0,0.2,10473,123.75937874347642,28.29,1
42.607,1.905,3579.0,84.0,0.2,10473,123.75937874347642,50.226,1
2.784,2.784,540.0,194.0,0.2,10473,123.75937874347642,13.918,1
0.0,0.0,0.0,142.0,1.0,10473,123.75937874347642,0.0,0
0.0,0.0,0.0,1000.0,1.0,10473,123.75937874347642,0.0,0
0.0,0.0,0.0,434.0,1.0,10473,123.75937874347642,0.0,0
2.979,-0.568,986.0,331.0,0.2,10473,123.75937874347642,0.139,0
37.645,-4.129,4668.0,124.0,0.2,10473,123.75937874347642,28.29,1
44.512,1.905,3739.0,84.0,0.2,10473,123.75937874347642,50.226,1
5.567,2.783,1080.0,194.0,0.2,10473,123.75937874347642,13.918,1
0.0,0.0,0.0,142.0,1.0,10473,123.75937874347642,0.0,0
0.0,0.0,0.0,1000.0,1.0,10473,123.75937874347642,0.0,0
0.0,0.0,0.0,434.0,1.0,10473,123.75937874347642,0.0,0
2.411,-0.568,798.0,331.0,0.2,10473,123.75937874347642,0.139,0
33.516,-4.129,4156.0,124.0,0.2,10473,123.75937874347642,28.29,1
46.417,1.905,3899.0,84.0,0.2,10473,123.75937874347642,50.226,1
8.351,2.784,1620.0,194.0,0.2,10473,123.75937874347642,13.918,1
0.0,0.0,0.0,142.0,1.0,10473,123.75937874347642,0.0,0
0.0,0.0,0.0,1000.0,1.0,10473,123.75937874347642,0.0,0
0.0,0.0,0.0,434.0,1.0,10473,123.75937874347642,0.0,0
1.275,-1.136,422.0,331.0,0.2,10473,123.75937874347642,0.139,0
30.903,-2.613,3832.0,124.0,0.2,10473,123.75937874347642,28.29,1
48.321,1.904,4059.0,84.0,0.2,10473,123.75937874347642,50.226,1
11.134,2.783,2160.0,194.0,0.2,10473,123.75937874347642,13.918,1
0.0,0.0,0.0,142.0,1.0,10473,123.75937874347642,0.0,0
0.0,0.0,0.0,1000.0,1.0,10473,123.75937874347642,0.0,0
0.0,0.0,0.0,434.0,1.0,10473,123.75937874347642,0.0,0
0.139,-1.136,46.0,331.0,1.0,10473,123.75937874347642,0.139,0
28.29,-2.613,3508.0,124.0,0.2,10473,123.75937874347642,28.29,1
50.226,1.905,4219.0,84.0,0.2,10473,123.75937874347642,50.226,1
13.918,2.784,2700.0,194.0,0.2,10473,123.75937874347642,13.918,1
0.0,0.0,0.0,142.0,1.0,10473,123.75937874347642,0.0,0
0.0,0.0,0.0,1000.0,1.0,10473,123.75937874347642,0.0,0
3.449,0.0,507.0,147.0,0.2,5372,101.44571615488609,15.483,1
1.724,0.0,507.0,294.0,0.2,5372,101.44571615488609,9.136,1
0.0,0.0,0.0,76.0,1.0,5372,101.44571615488609,5.395,1
0.0,0.0,0.0,61.0,1.0,5372,101.44571615488609,0.0,0
0.0,0.0,0.0,181.0,1.0,5372,101.44571615488609,0.0,0
0.0,0.0,0.0,145.0,1.0,5372,101.44571615488609,0.0,0
0.0,0.0,0.0,1000.0,1.0,5372,101.44571615488609,0.0,0
6.898,3.449,1014.0,147.0,0.2,5372,101.44571615488609,12.694,1
3.449,1.725,1014.0,294.0,0.2,5372,101.44571615488609,7.946,1
0.0,0.0,0.0,76.0,1.0,5372,101.44571615488609,15.395,1
0.0,0.0,0.0,61.0,1.0,5372,101.44571615488609,0.0,0
0.0,0.0,0.0,181.0,1.0,5372,101.44571615488609,0.0,0
0.0,0.0,0.0,145.0,1.0,5372,101.44571615488609,0.0,0
0.0,0.0,0.0,1000.0,1.0,5372,101.44571615488609,0.0,0
10.347,3.449,1521.0,147.0,0.2,5372,101.44571615488609,9.905,1
5.173,1.724,1521.0,294.0,0.2,5372,101.44571615488609,6.755,1
0.0,0.0,0.0,76.0,1.0,5372,101.44571615488609,25.395,1
0.0,0.0,0.0,61.0,1.0,5372,101.44571615488609,0.0,0
0.0,0.0,0.0,181.0,1.0,5372,101.44571615488609,0.0,0
0.0,0.0,0.0,145.0,1.0,5372,101.44571615488609,0.0,0
0.0,0.0,0.0,1000.0,1.0,5372,101.44571615488609,0.0,0
13.796,3.449,2028.0,147.0,0.2,5372,101.44571615488609,7.116,1
6.898,1.725,2028.0,294.0,0.2,5372,101.44571615488609,5.565,1
0.0,0.0,0.0,76.0,1.0,5372,101.44571615488609,35.395,1
0.0,0.0,0.0,61.0,1.0,5372,101.44571615488609,0.0,0
0.0,0.0,0.0,181.0,1.0,5372,101.44571615488609,0.0,0
0.0,0.0,0.0,145.0,1.0,5372,101.44571615488609,0.0,0
0.0,0.0,0.0,1000.0,1.0,5372,101.44571615488609,0.0,0
17.245,3.449,2535.0,147.0,0.2,5372,101.44571615488609,4.327,1
8.622,1.724,2535.0,294.0,0.2,5372,101.44571615488609,4.374,1
0.0,0.0,0.0,76.0,1.0,5372,101.44571615488609,45.395,1
0.0,0.0,0.0,61.0,1.0,5372,101.44571615488609,0.0,0
0.0,0.0,0.0,181.0,1.0,5372,101.44571615488609,0.0,0
0.0,0.0,0.0,145.0,1.0,5372,101.44571615488609,0.0,0
0.0,0.0,0.0,1000.0,1.0,5372,101.44571615488609,0.0,0
15.483,-1.762,2276.0,147.0,0.2,5372,101.44571615488609,2.639,1
9.136,0.514,2686.0,294.0,0.2,5372,101.44571615488609,3.184,1
5.395,5.395,410.0,76.0,0.2,5372,101.44571615488609,48.789,1
0.0,0.0,0.0,61.0,1.0,5372,101.44571615488609,5.574,1
0.0,0.0,0.0,181.0,1.0,5372,101.44571615488609,0.0,0
0.0,0.0,0.0,145.0,1.0,5372,101.44571615488609,0.0,0
0.0,0.0,0.0,1000.0,1.0,5372,101.44571615488609,0.0,0
12.694,-2.789,1866.0,147.0,0.2,5372,101.44571615488609,1.98,1
7.946,-1.19,2336.0,294.0,0.2,5372,101.44571615488609,2.67,1
15.395,10.0,1170.0,76.0,0.2,5372,101.44571615488609,47.579,1
0.0,0.0,0.0,61.0,1.0,5372,101.44571615488609,11.148,1
0.0,0.0,0.0,181.0,1.0,5372,101.44571615488609,0.0,0
0.0,0.0,0.0,145.0,1.0,5372,101.44571615488609,0.0,0
0.0,0.0,0.0,1000.0,1.0,5372,101.44571615488609,0.0,0
9.905,-2.789,1456.0,147.0,0.2,5372,101.44571615488609,1.32,1
6.755,-1.191,1986.0,294.0,0.2,5372,101.44571615488609,2.136,1
25.395,10.0,1930.0,76.0,0.2,5372,101.44571615488609,46.447,1
0.0,0.0,0.0,61.0,1.0,5372,101.44571615488609,16.721,1
0.0,0.0,0.0,181.0,1.0,5372,101.44571615488609,0.0,0
0.0,0.0,0.0,145.0,1.0,5372,101.44571615488609,0.0,0
0.0,0.0,0.0,1000.0,1.0,5372,101.44571615488609,0.0,0
7.116,-2.789,1046.0,147.0,0.2,5372,101.44571615488609,0.66,0
5.565,-1.19,1636.0,294.0,0.2,5372,101.44571615488609,1.602,1
35.395,10.0,2690.0,76.0,0.2,5372,101.44571615488609,45.316,1
0.0,0.0,0.0,61.0,1.0,5372,101.44571615488609,22.295,1
0.0,0.0,0.0,181.0,1.0,5372,101.44571615488609,0.0,0
0.0,0.0,0.0,145.0,1.0,5372,101.44571615488609,0.0,0
0.0,0.0,0.0,1000.0,1.0,5372,101.44571615488609,0.0,0
4.327,-2.789,636.0,147.0,0.2,5372,101.44571615488609,0.0,0
4.374,-1.191,1286.0,294.0,0.2,5372,101.44571615488609,1.068,1
45.395,10.0,3450.0,76.0,0.2,5372,101.44571615488609,44.184,1
0.0,0.0,0.0,61.0,1.0,5372,101.44571615488609,27.869,1
0.0,0.0,0.0,181.0,1.0,5372,101.44571615488609,0.0,0
0.0,0.0,0.0,145.0,1.0,5372,101.44571615488609,0.0,0
0.0,0.0,0.0,1000.0,1.0,5372,101.44571615488609,0.0,0
2.639,-1.688,388.0,147.0,0.2,5372,101.44571615488609,0.0,0
3.184,-1.19,936.0,294.0,0.2,5372,101.44571615488609,0.534,0
48.789,3.394,3708.0,76.0,0.2,5372,101.44571615488609,41.776,1
5.574,5.574,340.0,61.0,0.2,5372,101.44571615488609,27.869,1
0.0,0.0,0.0,181.0,1.0,5372,101.44571615488609,1.878,1
0.0,0.0,0.0,145.0,1.0,5372,101.44571615488609,0.0,0
0.0,0.0,0.0,1000.0,1.0,5372,101.44571615488609,0.0,0
1.98,-0.659,291.0,147.0,0.2,5372,101.44571615488609,0.0,0
2.67,-0.514,785.0,294.0,0.2,5372,101.44571615488609,0.0,0
47.579,-1.21,3616.0,76.0,0.2,5372,101.44571615488609,39.368,1
11.148,5.574,680.0,61.0,0.2,5372,101.44571615488609,27.869,1
0.0,0.0,0.0,181.0,1.0,5372,101.44571615488609,3.757,1
0.0,0.0,0.0,145.0,1.0,5372,101.44571615488609,0.0,0
0.0,0.0,0.0,1000.0,1.0,5372,101.44571615488609,0.0,0
1.32,-0.66,194.0,147.0,0.2,5372,101.44571615488609,0.0,0
2.136,-0.534,628.0,294.0,0.2,5372,101.44571615488609,0.0,0
46.447,-1.132,3530.0,76.0,0.2,5372,101.44571615488609,34.895,1
16.721,5.573,1020.0,61.0,0.2,5372,101.44571615488609,27.869,1
0.0,0.0,0.0,181.0,1.0,5372,101.44571615488609,5.635,1
0.0,0.0,0.0,145.0,1.0,5372,101.44571615488609,0.0,0
0.0,0.0,0.0,1000.0,1.0,5372,101.44571615488609,0.0,0
0.66,-0.66,97.0,147.0,0.8,5372,101.44571615488609,0.0,0
1.602,-0.534,471.0,294.0,0.2,5372,101.44571615488609,0.0,0
45.316,-1.131,3444.0,76.0,0.2,5372,101.44571615488609,30.421,1
22.295,5.574,1360.0,61.0,0.2,5372,101.44571615488609,27.869,1
0.0,0.0,0.0,181.0,1.0,5372,101.44571615488609,7.514,1
0.0,0.0,0.0,145.0,1.0,5372,101.44571615488609,0.0,0
0.0,0.0,0.0,1000.0,1.0,5372,101.44571615488609,0.0,0
0.0,-0.66,0.0,147.0,1.0,5372,101.44571615488609,0.0,0
1.068,-0.534,314.0,294.0,0.2,5372,101.44571615488609,0.0,0
44.184,-1.132,3358.0,76.0,0.2,5372,101.44571615488609,25.947,1
27.869,5.574,1700.0,61.0,0.2,5372,101.44571615488609,27.869,1
0.0,0.0,0.0,181.0,1.0,5372,101.44571615488609,9.392,1
0.0,0.0,0.0,145.0,1.0,5372,101.44571615488609,0.0,0
0.0,0.0,0.0,1000.0,1.0,5372,101.44571615488609,0.0,0
0.0,0.0,0.0,147.0,1.0,5372,101.44571615488609,0.0,0
0.534,-0.534,157.0,294.0,0.8,5372,101.44571615488609,0.0,0
41.776,-2.408,3175.0,76.0,0.2,5372,101.44571615488609,25.947,1
27.869,0.0,1700.0,61.0,0.2,5372,101.44571615488609,27.869,1
1.878,1.878,340.0,181.0,0.2,5372,101.44571615488609,9.392,1
0.0,0.0,0.0,145.0,1.0,5372,101.44571615488609,0.0,0
0.0,0.0,0.0,1000.0,1.0,5372,101.44571615488609,0.0,0
0.0,0.0,0.0,147.0,1.0,5372,101.44571615488609,0.0,0
0.0,-0.534,0.0,294.0,1.0,5372,101.44571615488609,0.0,0
39.368,-2.408,2992.0,76.0,0.2,5372,101.44571615488609,25.947,1
27.869,0.0,1700.0,61.0,0.2,5372,101.44571615488609,27.869,1
3.757,1.879,680.0,181.0,0.2,5372,101.44571615488609,9.392,1
0.0,0.0,0.0,145.0,1.0,5372,101.44571615488609,0.0,0
0.0,0.0,0.0,1000.0,1.0,5372,101.44571615488609,0.0,0
0.0,0.0,0.0,147.0,1.0,5372,101.44571615488609,0.0,0
0.0,0.0,0.0,294.0,1.0,5372,101.44571615488609,0.0,0
34.895,-4.473,2652.0,76.0,0.2,5372,101.44571615488609,25.947,1
27.869,0.0,1700.0,61.0,0.2,5372,101.44571615488609,27.869,1
5.635,1.878,1020.0,181.0,0.2,5372,101.44571615488609,9.392,1
0.0,0.0,0.0,145.0,1.0,5372,101.44571615488609,0.0,0
0.0,0.0,0.0,1000.0,1.0,5372,101.44571615488609,0.0,0
0.0,0.0,0.0,147.0,1.0,5372,101.44571615488609,0.0,0
0.0,0.0,0.0,294.0,1.0,5372,101.44571615488609,0.0,0
30.421,-4.474,2312.0,76.0,0.2,5372,101.44571615488609,25.947,1
27.869,0.0,1700.0,61.0,0.2,5372,101.44571615488609,27.869,1
7.514,1.879,1360.0,181.0,0.2,5372,101.44571615488609,9.392,1
0.0,0.0,0.0,145.0,1.0,5372,101.44571615488609,0.0,0
0.0,0.0,0.0,1000.0,1.0,5372,101.44571615488609,0.0,0
0.0,0.0,0.0,147.0,1.0,5372,101.44571615488609,0.0,0
0.0,0.0,0.0,294.0,1.0,5372,101.44571615488609,0.0,0
25.947,-4.474,1972.0,76.0,0.2,5372,101.44571615488609,25.947,1
27.869,0.0,1700.0,61.0,0.2,5372,101.44571615488609,27.869,1
9.392,1.878,1700.0,181.0,0.2,5372,101.44571615488609,9.392,1
0.0,0.0,0.0,145.0,1.0,5372,101.44571615488609,0.0,0
0.0,0.0,0.0,1000.0,1.0,5372,101.44571615488609,0.0,0
0.706,0.0,333.0,472.0,0.5,8430,66.69912092225542,3.528,1
0.802,0.0,333.0,415.0,0.5,8430,66.69912092225542,4.012,1
0.0,0.0,0.0,146.0,1.0,8430,66.69912092225542,4.562,1
0.0,0.0,0.0,256.0,1.0,8430,66.69912092225542,0.0,0
0.0,0.0,0.0,210.0,1.0,8430,66.69912092225542,0.0,0
0.0,0.0,0.0,191.0,1.0,8430,66.69912092225542,0.0,0
0.0,0.0,0.0,1000.0,1.0,8430,66.69912092225542,0.0,0
1.411,0.705,666.0,472.0,0.2,8430,66.69912092225542,3.528,1
1.605,0.803,666.0,415.0,0.2,8430,66.69912092225542,4.814,1
0.0,0.0,0.0,146.0,1.0,8430,66.69912092225542,6.842,1
0.0,0.0,0.0,256.0,1.0,8430,66.69912092225542,0.0,0
0.0,0.0,0.0,210.0,1.0,8430,66.69912092225542,0.0,0
0.0,0.0,0.0,191.0,1.0,8430,66.69912092225542,0.0,0
0.0,0.0,0.0,1000.0,1.0,8430,66.69912092225542,0.0,0
2.117,0.706,999.0,472.0,0.2,8430,66.69912092225542,3.528,1
2.407,0.802,999.0,415.0,0.2,8430,66.69912092225542,4.814,1
0.0,0.0,0.0,146.0,1.0,8430,66.69912092225542,11.404,1
0.0,0.0,0.0,256.0,1.0,8430,66.69912092225542,0.0,0
0.0,0.0,0.0,210.0,1.0,8430,66.69912092225542,0.0,0
0.0,0.0,0.0,191.0,1.0,8430,66.69912092225542,0.0,0
0.0,0.0,0.0,1000.0,1.0,8430,66.69912092225542,0.0,0
2.117,0.0,999.0,472.0,0.2,8430,66.69912092225542,3.528,1
3.21,0.803,1332.0,415.0,0.2,8430,66.69912092225542,4.814,1
2.281,2.281,333.0,146.0,0.2,8430,66.69912092225542,13.685,1
0.0,0.0,0.0,256.0,1.0,8430,66.69912092225542,1.301,1
0.0,0.0,0.0,210.0,1.0,8430,66.69912092225542,0.0,0
0.0,0.0,0.0,191.0,1.0,8430,66.69912092225542,0.0,0
0.0,0.0,0.0,1000.0,1.0,8430,66.69912092225542,0.0,0
2.822,0.705,1332.0,472.0,0.2,8430,66.69912092225542,3.528,1
4.012,0.802,1665.0,415.0,0.2,8430,66.69912092225542,4.814,1
2.281,0.0,333.0,146.0,0.2,8430,66.69912092225542,18.247,1
0.0,0.0,0.0,256.0,1.0,8430,66.69912092225542,1.301,1
0.0,0.0,0.0,210.0,1.0,8430,66.69912092225542,0.0,0
0.0,0.0,0.0,191.0,1.0,8430,66.69912092225542,0.0,0
0.0,0.0,0.0,1000.0,1.0,8430,66.69912092225542,0.0,0
3.528,0.706,1665.0,472.0,0.2,8430,66.69912092225542,3.528,1
4.012,0.0,1665.0,415.0,0.2,8430,66.69912092225542,4.814,1
4.562,2.281,666.0,146.0,0.2,8430,66.69912092225542,20.527,1
0.0,0.0,0.0,256.0,1.0,8430,66.69912092225542,2.602,1
0.0,0.0,0.0,210.0,1.0,8430,66.69912092225542,0.0,0
0.0,0.0,0.0,191.0,1.0,8430,66.69912092225542,0.0,0
0.0,0.0,0.0,1000.0,1.0,8430,66.69912092225542,0.0,0
3.528,0.0,1665.0,472.0,0.2,8430,66.69912092225542,3.528,1
4.814,0.802,1998.0,415.0,0.2,8430,66.69912092225542,4.814,1
6.842,2.28,999.0,146.0,0.2,8430,66.69912092225542,22.808,1
0.0,0.0,0.0,256.0,1.0,8430,66.69912092225542,3.902,1
0.0,0.0,0.0,210.0,1.0,8430,66.69912092225542,0.0,0
0.0,0.0,0.0,191.0,1.0,8430,66.69912092225542,0.0,0
0.0,0.0,0.0,1000.0,1.0,8430,66.69912092225542,0.0,0
3.528,0.0,1665.0,472.0,0.2,8430,66.69912092225542,3.286,1
4.814,0.0,1998.0,415.0,0.2,8430,66.69912092225542,4.54,1
11.404,4.562,1665.0,146.0,0.2,8430,66.69912092225542,23.192,1
0.0,0.0,0.0,256.0,1.0,8430,66.69912092225542,6.285,1
0.0,0.0,0.0,210.0,1.0,8430,66.69912092225542,0.0,0
0.0,0.0,0.0,191.0,1.0,8430,66.69912092225542,0.0,0
0.0,0.0,0.0,1000.0,1.0,8430,66.69912092225542,0.0,0
3.528,0.0,1665.0,472.0,0.2,8430,66.69912092225542,2.581,1
4.814,0.0,1998.0,415.0,0.2,8430,66.69912092225542,3.737,1
13.685,2.281,1998.0,146.0,0.2,8430,66.69912092225542,23.575,1
1.301,1.301,333.0,256.0,0.2,8430,66.69912092225542,7.77,1
0.0,0.0,0.0,210.0,1.0,8430,66.69912092225542,1.095,1
0.0,0.0,0.0,191.0,1.0,8430,66.69912092225542,0.0,0
0.0,0.0,0.0,1000.0,1.0,8430,66.69912092225542,0.0,0
3.528,0.0,1665.0,472.0,0.2,8430,66.69912092225542,1.875,1
4.814,0.0,1998.0,415.0,0.2,8430,66.69912092225542,2.935,1
18.247,4.562,2664.0,146.0,0.2,8430,66.69912092225542,23.959,1
1.301,0.0,333.0,256.0,0.2,8430,66.69912092225542,10.152,1
0.0,0.0,0.0,210.0,1.0,8430,66.69912092225542,1.095,1
0.0,0.0,0.0,191.0,1.0,8430,66.69912092225542,0.0,0
0.0,0.0,0.0,1000.0,1.0,8430,66.69912092225542,0.0,0
3.528,0.0,1665.0,472.0,0.2,8430,66.69912092225542,1.169,1
4.814,0.0,1998.0,415.0,0.2,8430,66.69912092225542,2.133,1
20.527,2.28,2997.0,146.0,0.2,8430,66.69912092225542,24.342,1
2.602,1.301,666.0,256.0,0.2,8430,66.69912092225542,11.637,1
0.0,0.0,0.0,210.0,1.0,8430,66.69912092225542,2.19,1
0.0,0.0,0.0,191.0,1.0,8430,66.69912092225542,0.0,0
0.0,0.0,0.0,1000.0,1.0,8430,66.69912092225542,0.0,0
3.528,0.0,1665.0,472.0,0.2,8430,66.69912092225542,0.464,0
4.814,0.0,1998.0,415.0,0.2,8430,66.69912092225542,1.33,1
22.808,2.281,3330.0,146.0,0.2,8430,66.69912092225542,24.726,1
3.902,1.3,999.0,256.0,0.2,8430,66.69912092225542,13.121,1
0.0,0.0,0.0,210.0,1.0,8430,66.69912092225542,3.286,1
0.0,0.0,0.0,191.0,1.0,8430,66.69912092225542,0.0,0
0.0,0.0,0.0,1000.0,1.0,8430,66.69912092225542,0.0,0
3.286,-0.242,1551.0,472.0,0.2,8430,66.69912092225542,0.0,0
4.54,-0.274,1884.0,415.0,0.2,8430,66.69912092225542,0.528,0
23.192,0.384,3386.0,146.0,0.2,8430,66.69912092225542,24.329,1
6.285,2.383,1609.0,256.0,0.2,8430,66.69912092225542,14.605,1
0.0,0.0,0.0,210.0,1.0,8430,66.69912092225542,4.381,1
0.0,0.0,0.0,191.0,1.0,8430,66.69912092225542,0.0,0
0.0,0.0,0.0,1000.0,1.0,8430,66.69912092225542,0.0,0
2.581,-0.705,1218.0,472.0,0.2,8430,66.69912092225542,0.0,0
3.737,-0.803,1551.0,415.0,0.2,8430,66.69912092225542,0.0,0
23.575,0.383,3442.0,146.0,0.2,8430,66.69912092225542,21.651,1
7.77,1.485,1989.0,256.0,0.2,8430,66.69912092225542,16.09,1
1.095,1.095,230.0,210.0,0.2,8430,66.69912092225542,4.381,1
0.0,0.0,0.0,191.0,1.0,8430,66.69912092225542,1.204,1
0.0,0.0,0.0,1000.0,1.0,8430,66.69912092225542,0.0,0
1.875,-0.706,885.0,472.0,0.2,8430,66.69912092225542,0.0,0
2.935,-0.802,1218.0,415.0,0.2,8430,66.69912092225542,0.0,0
23.959,0.384,3498.0,146.0,0.2,8430,66.69912092225542,17.473,1
10.152,2.382,2599.0,256.0,0.2,8430,66.69912092225542,17.574,1
1.095,0.0,230.0,210.0,0.2,8430,66.69912092225542,5.476,1
0.0,0.0,0.0,191.0,1.0,8430,66.69912092225542,1.204,1
0.0,0.0,0.0,1000.0,1.0,8430,66.69912092225542,0.0,0
1.169,-0.706,552.0,472.0,0.2,8430,66.69912092225542,0.0,0
2.133,-0.802,885.0,415.0,0.2,8430,66.69912092225542,0.0,0
24.342,0.383,3554.0,146.0,0.2,8430,66.69912092225542,17.473,1
11.637,1.485,2979.0,256.0,0.2,8430,66.69912092225542,17.574,1
2.19,1.095,460.0,210.0,0.2,8430,66.69912092225542,5.476,1
0.0,0.0,0.0,191.0,1.0,8430,66.69912092225542,1.204,1
0.0,0.0,0.0,1000.0,1.0,8430,66.69912092225542,0.0,0
0.464,-0.705,219.0,472.0,1.0,8430,66.69912092225542,0.0,0
1.33,-0.803,552.0,415.0,0.2,8430,66.69912092225542,0.0,0
24.726,0.384,3610.0,146.0,0.2,8430,66.69912092225542,17.473,1
13.121,1.484,3359.0,256.0,0.2,8430,66.69912092225542,17.574,1
3.286,1.096,690.0,210.0,0.2,8430,66.69912092225542,5.476,1
0.0,0.0,0.0,191.0,1.0,8430,66.69912092225542,1.204,1
0.0,0.0,0.0,1000.0,1.0,8430,66.69912092225542,0.0,0
0.0,-0.464,0.0,472.0,1.0,8430,66.69912092225542,0.0,0
0.528,-0.802,219.0,415.0,0.8,8430,66.69912092225542,0.0,0
24.329,-0.397,3552.0,146.0,0.2,8430,66.69912092225542,17.473,1
14.605,1.484,3739.0,256.0,0.2,8430,66.69912092225542,17.574,1
4.381,1.095,920.0,210.0,0.2,8430,66.69912092225542,5.476,1
0.0,0.0,0.0,191.0,1.0,8430,66.69912092225542,1.204,1
0.0,0.0,0.0,1000.0,1.0,8430,66.69912092225542,0.0,0
0.0,0.0,0.0,472.0,1.0,8430,66.69912092225542,0.0,0
0.0,-0.528,0.0,415.0,1.0,8430,66.69912092225542,0.0,0
21.651,-2.678,3161.0,146.0,0.2,8430,66.69912092225542,17.473,1
16.09,1.485,4119.0,256.0,0.2,8430,66.69912092225542,17.574,1
4.381,0.0,920.0,210.0,0.2,8430,66.69912092225542,5.476,1
1.204,1.204,230.0,191.0,0.2,8430,66.69912092225542,1.204,1
0.0,0.0,0.0,1000.0,1.0,8430,66.69912092225542,0.0,0
0.0,0.0,0.0,472.0,1.0,8430,66.69912092225542,0.0,0
0.0,0.0,0.0,415.0,1.0,8430,66.69912092225542,0.0,0
17.473,-4.178,2551.0,146.0,0.2,8430,66.69912092225542,17.473,1
17.574,1.484,4499.0,256.0,0.2,8430,66.69912092225542,17.574,1
5.476,1.095,1150.0,210.0,0.2,8430,66.69912092225542,5.476,1
1.204,0.0,230.0,191.0,0.2,8430,66.69912092225542,1.204,1
0.0,0.0,0.0,1000.0,1.0,8430,66.69912092225542,0.0,0
3.242,0.0,415.0,128.0,0.2,15913,82.93719272770804,16.211,1
1.045,0.0,414.0,396.0,0.2,15913,82.93719272770804,6.273,1
0.0,0.0,0.0,172.0,1.0,15913,82.93719272770804,2.413,1
0.0,0.0,0.0,86.0,1.0,15913,82.93719272770804,0.0,0
0.0,0.0,0.0,133.0,1.0,15913,82.93719272770804,0.0,0
0.0,0.0,0.0,207.0,1.0,15913,82.93719272770804,0.0,0
0.0,0.0,0.0,1000.0,1.0,15913,82.93719272770804,0.0,0
6.484,3.242,830.0,128.0,0.2,15913,82.93719272770804,16.211,1
2.091,1.046,828.0,396.0,0.2,15913,82.93719272770804,6.273,1
0.0,0.0,0.0,172.0,1.0,15913,82.93719272770804,7.233,1
0.0,0.0,0.0,86.0,1.0,15913,82.93719272770804,0.0,0
0.0,0.0,0.0,133.0,1.0,15913,82.93719272770804,0.0,0
0.0,0.0,0.0,207.0,1.0,15913,82.93719272770804,0.0,0
0.0,0.0,0.0,1000.0,1.0,15913,82.93719272770804,0.0,0
9.727,3.243,1245.0,128.0,0.2,15913,82.93719272770804,16.211,1
3.136,1.045,1242.0,396.0,0.2,15913,82.93719272770804,6.273,1
0.0,0.0,0.0,172.0,1.0,15913,82.93719272770804,12.052,1
0.0,0.0,0.0,86.0,1.0,15913,82.93719272770804,0.0,0
0.0,0.0,0.0,133.0,1.0,15913,82.93719272770804,0.0,0
0.0,0.0,0.0,207.0,1.0,15913,82.93719272770804,0.0,0
0.0,0.0,0.0,1000.0,1.0,15913,82.93719272770804,0.0,0
12.969,3.242,1660.0,128.0,0.2,15913,82.93719272770804,16.211,1
4.182,1.046,1656.0,396.0,0.2,15913,82.93719272770804,6.273,1
0.0,0.0,0.0,172.0,1.0,15913,82.93719272770804,16.872,1
0.0,0.0,0.0,86.0,1.0,15913,82.93719272770804,0.0,0
0.0,0.0,0.0,133.0,1.0,15913,82.93719272770804,0.0,0
0.0,0.0,0.0,207.0,1.0,15913,82.93719272770804,0.0,0
0.0,0.0,0.0,1000.0,1.0,15913,82.93719272770804,0.0,0
16.211,3.242,2075.0,128.0,0.2,15913,82.93719272770804,16.211,1
5.227,1.045,2070.0,396.0,0.2,15913,82.93719272770804,6.273,1
0.0,0.0,0.0,172.0,1.0,15913,82.93719272770804,21.692,1
0.0,0.0,0.0,86.0,1.0,15913,82.93719272770804,0.0,0
0.0,0.0,0.0,133.0,1.0,15913,82.93719272770804,0.0,0
0.0,0.0,0.0,207.0,1.0,15913,82.93719272770804,0.0,0
0.0,0.0,0.0,1000.0,1.0,15913,82.93719272770804,0.0,0
16.211,0.0,2075.0,128.0,0.2,15913,82.93719272770804,16.211,1
6.273,1.046,2484.0,396.0,0.2,15913,82.93719272770804,6.273,1
2.413,2.413,415.0,172.0,0.2,15913,82.93719272770804,24.099,1
0.0,0.0,0.0,86.0,1.0,15913,82.93719272770804,4.826,1
0.0,0.0,0.0,133.0,1.0,15913,82.93719272770804,0.0,0
0.0,0.0,0.0,207.0,1.0,15913,82.93719272770804,0.0,0
0.0,0.0,0.0,1000.0,1.0,15913,82.93719272770804,0.0,0
16.211,0.0,2075.0,128.0,0.2,15913,82.93719272770804,16.211,1
6.273,0.0,2484.0,396.0,0.2,15913,82.93719272770804,6.273,1
7.233,4.82,1244.0,172.0,0.2,15913,82.93719272770804,24.442,1
0.0,0.0,0.0,86.0,1.0,15913,82.93719272770804,13.779,1
0.0,0.0,0.0,133.0,1.0,15913,82.93719272770804,0.0,0
0.0,0.0,0.0,207.0,1.0,15913,82.93719272770804,0.0,0
0.0,0.0,0.0,1000.0,1.0,15913,82.93719272770804,0.0,0
16.211,0.0,2075.0,128.0,0.2,15913,82.93719272770804,16.211,1
6.273,0.0,2484.0,396.0,0.2,15913,82.93719272770804,6.273,1
12.052,4.819,2073.0,172.0,0.2,15913,82.93719272770804,24.785,1
0.0,0.0,0.0,86.0,1.0,15913,82.93719272770804,22.733,1
0.0,0.0,0.0,133.0,1.0,15913,82.93719272770804,0.0,0
0.0,0.0,0.0,207.0,1.0,15913,82.93719272770804,0.0,0
0.0,0.0,0.0,1000.0,1.0,15913,82.93719272770804,0.0,0
16.211,0.0,2075.0,128.0,0.2,15913,82.93719272770804,16.211,1
6.273,0.0,2484.0,396.0,0.2,15913,82.93719272770804,6.273,1
16.872,4.82,2902.0,172.0,0.2,15913,82.93719272770804,25.128,1
0.0,0.0,0.0,86.0,1.0,15913,82.93719272770804,31.686,1
0.0,0.0,0.0,133.0,1.0,15913,82.93719272770804,0.0,0
0.0,0.0,0.0,207.0,1.0,15913,82.93719272770804,0.0,0
0.0,0.0,0.0,1000.0,1.0,15913,82.93719272770804,0.0,0
16.211,0.0,2075.0,128.0,0.2,15913,82.93719272770804,16.211,1
6.273,0.0,2484.0,396.0,0.2,15913,82.93719272770804,6.273,1
21.692,4.82,3731.0,172.0,0.2,15913,82.93719272770804,25.471,1
0.0,0.0,0.0,86.0,1.0,15913,82.93719272770804,40.64,1
0.0,0.0,0.0,133.0,1.0,15913,82.93719272770804,0.0,0
0.0,0.0,0.0,207.0,1.0,15913,82.93719272770804,0.0,0
0.0,0.0,0.0,1000.0,1.0,15913,82.93719272770804,0.0,0
16.211,0.0,2075.0,128.0,0.2,15913,82.93719272770804,16.211,1
6.273,0.0,2484.0,396.0,0.2,15913,82.93719272770804,6.273,1
24.099,2.407,4145.0,172.0,0.2,15913,82.93719272770804,25.814,1
4.826,4.826,415.0,86.0,0.2,15913,82.93719272770804,45.174,1
0.0,0.0,0.0,133.0,1.0,15913,82.93719272770804,2.857,1
0.0,0.0,0.0,207.0,1.0,15913,82.93719272770804,0.0,0
0.0,0.0,0.0,1000.0,1.0,15913,82.93719272770804,0.0,0
16.211,0.0,2075.0,128.0,0.2,15913,82.93719272770804,16.211,1
6.273,0.0,2484.0,396.0,0.2,15913,82.93719272770804,6.273,1
24.442,0.343,4204.0,172.0,0.2,15913,82.93719272770804,26.157,1
13.779,8.953,1185.0,86.0,0.2,15913,82.93719272770804,49.709,1
0.0,0.0,0.0,133.0,1.0,15913,82.93719272770804,5.714,1
0.0,0.0,0.0,207.0,1.0,15913,82.93719272770804,0.0,0
0.0,0.0,0.0,1000.0,1.0,15913,82.93719272770804,0.0,0
16.211,0.0,2075.0,128.0,0.2,15913,82.93719272770804,16.211,1
6.273,0.0,2484.0,396.0,0.2,15913,82.93719272770804,6.273,1
24.785,0.343,4263.0,172.0,0.2,15913,82.93719272770804,26.5,1
22.733,8.954,1955.0,86.0,0.2,15913,82.93719272770804,54.244,1
0.0,0.0,0.0,133.0,1.0,15913,82.93719272770804,8.571,1
0.0,0.0,0.0,207.0,1.0,15913,82.93719272770804,0.0,0
0.0,0.0,0.0,1000.0,1.0,15913,82.93719272770804,0.0,0
16.211,0.0,2075.0,128.0,0.2,15913,82.93719272770804,16.211,1
6.273,0.0,2484.0,396.0,0.2,15913,82.93719272770804,6.273,1
25.128,0.343,4322.0,172.0,0.2,15913,82.93719272770804,26.843,1
31.686,8.953,2725.0,86.0,0.2,15913,82.93719272770804,58.779,1
0.0,0.0,0.0,133.0,1.0,15913,82.93719272770804,11.429,1
0.0,0.0,0.0,207.0,1.0,15913,82.93719272770804,0.0,0
0.0,0.0,0.0,1000.0,1.0,15913,82.93719272770804,0.0,0
16.211,0.0,2075.0,128.0,0.2,15913,82.93719272770804,13.602,1
6.273,0.0,2484.0,396.0,0.2,15913,82.93719272770804,5.432,1
25.471,0.343,4381.0,172.0,0.2,15913,82.93719272770804,27.186,1
40.64,8.954,3495.0,86.0,0.2,15913,82.93719272770804,63.314,1
0.0,0.0,0.0,133.0,1.0,15913,82.93719272770804,14.286,1
0.0,0.0,0.0,207.0,1.0,15913,82.93719272770804,0.0,0
0.0,0.0,0.0,1000.0,1.0,15913,82.93719272770804,0.0,0
16.211,0.0,2075.0,128.0,0.2,15913,82.93719272770804,13.602,1
6.273,0.0,2484.0,396.0,0.2,15913,82.93719272770804,5.432,1
25.814,0.343,4440.0,172.0,0.2,15913,82.93719272770804,27.186,1
45.174,4.534,3885.0,86.0,0.2,15913,82.93719272770804,63.314,1
2.857,2.857,380.0,133.0,0.2,15913,82.93719272770804,14.286,1
0.0,0.0,0.0,207.0,1.0,15913,82.93719272770804,0.0,0
0.0,0.0,0.0,1000.0,1.0,15913,82.93719272770804,0.0,0
16.211,0.0,2075.0,128.0,0.2,15913,82.93719272770804,13.602,1
6.273,0.0,2484.0,396.0,0.2,15913,82.93719272770804,5.432,1
26.157,0.343,4499.0,172.0,0.2,15913,82.93719272770804,27.186,1
49.709,4.535,4275.0,86.0,0.2,15913,82.93719272770804,63.314,1
5.714,2.857,760.0,133.0,0.2,15913,82.93719272770804,14.286,1
0.0,0.0,0.0,207.0,1.0,15913,82.93719272770804,0.0,0
0.0,0.0,0.0,1000.0,1.0,15913,82.93719272770804,0.0,0
16.211,0.0,2075.0,128.0,0.2,15913,82.93719272770804,13.602,1
6.273,0.0,2484.0,396.0,0.2,15913,82.93719272770804,5.432,1
26.5,0.343,4558.0,172.0,0.2,15913,82.93719272770804,27.186,1
54.244,4.535,4665.0,86.0,0.2,15913,82.93719272770804,63.314,1
8.571,2.857,1140.0,133.0,0.2,15913,82.93719272770804,14.286,1
0.0,0.0,0.0,207.0,1.0,15913,82.93719272770804,0.0,0
0.0,0.0,0.0,1000.0,1.0,15913,82.93719272770804,0.0,0
16.211,0.0,2075.0,128.0,0.2,15913,82.93719272770804,13.602,1
6.273,0.0,2484.0,396.0,0.2,15913,82.93719272770804,5.432,1
26.843,0.343,4617.0,172.0,0.2,15913,82.93719272770804,27.186,1
58.779,4.535,5055.0,86.0,0.2,15913,82.93719272770804,63.314,1
11.429,2.858,1520.0,133.0,0.2,15913,82.93719272770804,14.286,1
0.0,0.0,0.0,207.0,1.0,15913,82.93719272770804,0.0,0
0.0,0.0,0.0,1000.0,1.0,15913,82.93719272770804,0.0,0
13.602,-2.609,1741.0,128.0,0.2,15913,82.93719272770804,13.602,1
5.432,-0.841,2151.0,396.0,0.2,15913,82.93719272770804,5.432,1
27.186,0.343,4676.0,172.0,0.2,15913,82.93719272770804,27.186,1
63.314,4.535,5445.0,86.0,0.2,15913,82.93719272770804,63.314,1
14.286,2.857,1900.0,133.0,0.2,15913,82.93719272770804,14.286,1
0.0,0.0,0.0,207.0,1.0,15913,82.93719272770804,0.0,0
0.0,0.0,0.0,1000.0,1.0,15913,82.93719272770804,0.0,0
0.845,0.0,278.0,329.0,0.5,10482,55.662211920760406,4.225,1
0.874,0.0,278.0,318.0,0.2,10482,55.662211920760406,5.245,1
0.0,0.0,0.0,85.0,1.0,10482,55.662211920760406,3.271,1
0.0,0.0,0.0,63.0,1.0,10482,55.662211920760406,0.0,0
0.0,0.0,0.0,250.0,1.0,10482,55.662211920760406,0.0,0
0.0,0.0,0.0,121.0,1.0,10482,55.662211920760406,0.0,0
0.0,0.0,0.0,1000.0,1.0,10482,55.662211920760406,0.0,0
1.69,0.845,556.0,329.0,0.2,10482,55.662211920760406,4.225,1
1.748,0.874,556.0,318.0,0.2,10482,55.662211920760406,5.245,1
0.0,0.0,0.0,85.0,1.0,10482,55.662211920760406,9.812,1
0.0,0.0,0.0,63.0,1.0,10482,55.662211920760406,0.0,0
0.0,0.0,0.0,250.0,1.0,10482,55.662211920760406,0.0,0
0.0,0.0,0.0,121.0,1.0,10482,55.662211920760406,0.0,0
0.0,0.0,0.0,1000.0,1.0,10482,55.662211920760406,0.0,0
2.535,0.845,834.0,329.0,0.2,10482,55.662211920760406,4.225,1
2.623,0.875,834.0,318.0,0.2,10482,55.662211920760406,5.245,1
0.0,0.0,0.0,85.0,1.0,10482,55.662211920760406,16.353,1
0.0,0.0,0.0,63.0,1.0,10482,55.662211920760406,0.0,0
0.0,0.0,0.0,250.0,1.0,10482,55.662211920760406,0.0,0
0.0,0.0,0.0,121.0,1.0,10482,55.662211920760406,0.0,0
0.0,0.0,0.0,1000.0,1.0,10482,55.662211920760406,0.0,0
2.535,0.0,834.0,329.0,0.2,10482,55.662211920760406,4.225,1
3.497,0.874,1112.0,318.0,0.2,10482,55.662211920760406,5.245,1
3.271,3.271,278.0,85.0,0.2,10482,55.662211920760406,19.624,1
0.0,0.0,0.0,63.0,1.0,10482,55.662211920760406,4.413,1
0.0,0.0,0.0,250.0,1.0,10482,55.662211920760406,0.0,0
0.0,0.0,0.0,121.0,1.0,10482,55.662211920760406,0.0,0
0.0,0.0,0.0,1000.0,1.0,10482,55.662211920760406,0.0,0
3.38,0.845,1112.0,329.0,0.2,10482,55.662211920760406,4.225,1
4.371,0.874,1390.0,318.0,0.2,10482,55.662211920760406,5.245,1
3.271,0.0,278.0,85.0,0.2,10482,55.662211920760406,26.165,1
0.0,0.0,0.0,63.0,1.0,10482,55.662211920760406,4.413,1
0.0,0.0,0.0,250.0,1.0,10482,55.662211920760406,0.0,0
0.0,0.0,0.0,121.0,1.0,10482,55.662211920760406,0.0,0
0.0,0.0,0.0,1000.0,1.0,10482,55.662211920760406,0.0,0
4.225,0.845,1390.0,329.0,0.2,10482,55.662211920760406,4.225,1
5.245,0.874,1668.0,318.0,0.2,10482,55.662211920760406,5.245,1
3.271,0.0,278.0,85.0,0.2,10482,55.662211920760406,32.706,1
0.0,0.0,0.0,63.0,1.0,10482,55.662211920760406,4.413,1
0.0,0.0,0.0,250.0,1.0,10482,55.662211920760406,0.0,0
0.0,0.0,0.0,121.0,1.0,10482,55.662211920760406,0.0,0
0.0,0.0,0.0,1000.0,1.0,10482,55.662211920760406,0.0,0
4.225,0.0,1390.0,329.0,0.2,10482,55.662211920760406,4.225,1
5.245,0.0,1668.0,318.0,0.2,10482,55.662211920760406,5.245,1
9.812,6.541,834.0,85.0,0.2,10482,55.662211920760406,32.706,1
0.0,0.0,0.0,63.0,1.0,10482,55.662211920760406,13.238,1
0.0,0.0,0.0,250.0,1.0,10482,55.662211920760406,0.0,0
0.0,0.0,0.0,121.0,1.0,10482,55.662211920760406,0.0,0
0.0,0.0,0.0,1000.0,1.0,10482,55.662211920760406,0.0,0
4.225,0.0,1390.0,329.0,0.2,10482,55.662211920760406,4.225,1
5.245,0.0,1668.0,318.0,0.2,10482,55.662211920760406,5.245,1
16.353,6.541,1390.0,85.0,0.2,10482,55.662211920760406,32.706,1
0.0,0.0,0.0,63.0,1.0,10482,55.662211920760406,22.063,1
0.0,0.0,0.0,250.0,1.0,10482,55.662211920760406,0.0,0
0.0,0.0,0.0,121.0,1.0,10482,55.662211920760406,0.0,0
0.0,0.0,0.0,1000.0,1.0,10482,55.662211920760406,0.0,0
4.225,0.0,1390.0,329.0,0.2,10482,55.662211920760406,4.225,1
5.245,0.0,1668.0,318.0,0.2,10482,55.662211920760406,5.245,1
19.624,3.271,1668.0,85.0,0.2,10482,55.662211920760406,32.706,1
4.413,4.413,278.0,63.0,0.2,10482,55.662211920760406,26.476,1
0.0,0.0,0.0,250.0,1.0,10482,55.662211920760406,1.112,1
0.0,0.0,0.0,121.0,1.0,10482,55.662211920760406,0.0,0
0.0,0.0,0.0,1000.0,1.0,10482,55.662211920760406,0.0,0
4.225,0.0,1390.0,329.0,0.2,10482,55.662211920760406,4.225,1
5.245,0.0,1668.0,318.0,0.2,10482,55.662211920760406,5.245,1
26.165,6.541,2224.0,85.0,0.2,10482,55.662211920760406,32.706,1
4.413,0.0,278.0,63.0,0.2,10482,55.662211920760406,35.302,1
0.0,0.0,0.0,250.0,1.0,10482,55.662211920760406,1.112,1
0.0,0.0,0.0,121.0,1.0,10482,55.662211920760406,0.0,0
0.0,0.0,0.0,1000.0,1.0,10482,55.662211920760406,0.0,0
4.225,0.0,1390.0,329.0,0.2,10482,55.662211920760406,4.225,1
5.245,0.0,1668.0,318.0,0.2,10482,55.662211920760406,5.245,1
32.706,6.541,2780.0,85.0,0.2,10482,55.662211920760406,32.706,1
4.413,0.0,278.0,63.0,0.2,10482,55.662211920760406,44.127,1
0.0,0.0,0.0,250.0,1.0,10482,55.662211920760406,1.112,1
0.0,0.0,0.0,121.0,1.0,10482,55.662211920760406,0.0,0
0.0,0.0,0.0,1000.0,1.0,10482,55.662211920760406,0.0,0
4.225,0.0,1390.0,329.0,0.2,10482,55.662211920760406,4.225,1
5.245,0.0,1668.0,318.0,0.2,10482,55.662211920760406,5.245,1
32.706,0.0,2780.0,85.0,0.2,10482,55.662211920760406,32.706,1
13.238,8.825,834.0,63.0,0.2,10482,55.662211920760406,44.127,1
0.0,0.0,0.0,250.0,1.0,10482,55.662211920760406,3.336,1
0.0,0.0,0.0,121.0,1.0,10482,55.662211920760406,0.0,0
0.0,0.0,0.0,1000.0,1.0,10482,55.662211920760406,0.0,0
4.225,0.0,1390.0,329.0,0.2,10482,55.662211920760406,4.225,1
5.245,0.0,1668.0,318.0,0.2,10482,55.662211920760406,5.245,1
32.706,0.0,2780.0,85.0,0.2,10482,55.662211920760406,32.706,1
22.063,8.825,1390.0,63.0,0.2,10482,55.662211920760406,44.127,1
0.0,0.0,0.0,250.0,1.0,10482,55.662211920760406,5.56,1
0.0,0.0,0.0,121.0,1.0,10482,55.662211920760406,0.0,0
0.0,0.0,0.0,1000.0,1.0,10482,55.662211920760406,0.0,0
4.225,0.0,1390.0,329.0,0.2,10482,55.662211920760406,4.1,1
5.245,0.0,1668.0,318.0,0.2,10482,55.662211920760406,5.116,1
32.706,0.0,2780.0,85.0,0.2,10482,55.662211920760406,32.706,1
26.476,4.413,1668.0,63.0,0.2,10482,55.662211920760406,44.127,1
1.112,1.112,278.0,250.0,0.2,10482,55.662211920760406,6.672,1
0.0,0.0,0.0,121.0,1.0,10482,55.662211920760406,2.298,1
0.0,0.0,0.0,1000.0,1.0,10482,55.662211920760406,0.0,0
4.225,0.0,1390.0,329.0,0.2,10482,55.662211920760406,3.255,1
5.245,0.0,1668.0,318.0,0.2,10482,55.662211920760406,4.242,1
32.706,0.0,2780.0,85.0,0.2,10482,55.662211920760406,32.706,1
35.302,8.826,2224.0,63.0,0.2,10482,55.662211920760406,44.127,1
1.112,0.0,278.0,250.0,0.2,10482,55.662211920760406,8.896,1
0.0,0.0,0.0,121.0,1.0,10482,55.662211920760406,2.298,1
0.0,0.0,0.0,1000.0,1.0,10482,55.662211920760406,0.0,0
4.225,0.0,1390.0,329.0,0.2,10482,55.662211920760406,3.255,1
5.245,0.0,1668.0,318.0,0.2,10482,55.662211920760406,4.242,1
32.706,0.0,2780.0,85.0,0.2,10482,55.662211920760406,32.706,1
44.127,8.825,2780.0,63.0,0.2,10482,55.662211920760406,44.127,1
1.112,0.0,278.0,250.0,0.2,10482,55.662211920760406,8.896,1
0.0,0.0,0.0,121.0,1.0,10482,55.662211920760406,2.298,1
0.0,0.0,0.0,1000.0,1.0,10482,55.662211920760406,0.0,0
4.225,0.0,1390.0,329.0,0.2,10482,55.662211920760406,3.255,1
5.245,0.0,1668.0,318.0,0.2,10482,55.662211920760406,4.242,1
32.706,0.0,2780.0,85.0,0.2,10482,55.662211920760406,32.706,1
44.127,0.0,2780.0,63.0,0.2,10482,55.662211920760406,44.127,1
3.336,2.224,834.0,250.0,0.2,10482,55.662211920760406,8.896,1
0.0,0.0,0.0,121.0,1.0,10482,55.662211920760406,2.298,1
0.0,0.0,0.0,1000.0,1.0,10482,55.662211920760406,0.0,0
4.225,0.0,1390.0,329.0,0.2,10482,55.662211920760406,3.255,1
5.245,0.0,1668.0,318.0,0.2,10482,55.662211920760406,4.242,1
32.706,0.0,2780.0,85.0,0.2,10482,55.662211920760406,32.706,1
44.127,0.0,2780.0,63.0,0.2,10482,55.662211920760406,44.127,1
5.56,2.224,1390.0,250.0,0.2,10482,55.662211920760406,8.896,1
0.0,0.0,0.0,121.0,1.0,10482,55.662211920760406,2.298,1
0.0,0.0,0.0,1000.0,1.0,10482,55.662211920760406,0.0,0
4.1,-0.125,1349.0,329.0,0.2,10482,55.662211920760406,3.255,1
5.116,-0.129,1627.0,318.0,0.2,10482,55.662211920760406,4.242,1
32.706,0.0,2780.0,85.0,0.2,10482,55.662211920760406,32.706,1
44.127,0.0,2780.0,63.0,0.2,10482,55.662211920760406,44.127,1
6.672,1.112,1668.0,250.0,0.2,10482,55.662211920760406,8.896,1
2.298,2.298,278.0,121.0,0.2,10482,55.662211920760406,2.298,1
0.0,0.0,0.0,1000.0,1.0,10482,55.662211920760406,0.0,0
3.255,-0.845,1071.0,329.0,0.2,10482,55.662211920760406,3.255,1
4.242,-0.874,1349.0,318.0,0.2,10482,55.662211920760406,4.242,1
32.706,0.0,2780.0,85.0,0.2,10482,55.662211920760406,32.706,1
44.127,0.0,2780.0,63.0,0.2,10482,55.662211920760406,44.127,1
8.896,2.224,2224.0,250.0,0.2,10482,55.662211920760406,8.896,1
2.298,0.0,278.0,121.0,0.2,10482,55.662211920760406,2.298,1
0.0,0.0,0.0,1000.0,1.0,10482,55.662211920760406,0.0,0
2.572,0.0,625.0,243.0,0.2,15849,114.69930496839103,13.621,1
1.189,0.0,521.0,438.0,0.2,15849,114.69930496839103,7.137,1
0.0,0.0,0.0,67.0,1.0,15849,114.69930496839103,6.567,1
0.0,0.0,0.0,247.0,1.0,15849,114.69930496839103,0.0,0
0.0,0.0,0.0,108.0,1.0,15849,114.69930496839103,0.0,0
0.0,0.0,0.0,157.0,1.0,15849,114.69930496839103,0.0,0
0.0,0.0,0.0,1000.0,1.0,15849,114.69930496839103,0.0,0
5.144,2.572,1250.0,243.0,0.2,15849,114.69930496839103,14.383,1
2.379,1.19,1042.0,438.0,0.2,15849,114.69930496839103,7.137,1
0.0,0.0,0.0,67.0,1.0,15849,114.69930496839103,20.91,1
0.0,0.0,0.0,247.0,1.0,15849,114.69930496839103,0.0,0
0.0,0.0,0.0,108.0,1.0,15849,114.69930496839103,0.0,0
0.0,0.0,0.0,157.0,1.0,15849,114.69930496839103,0.0,0
0.0,0.0,0.0,1000.0,1.0,15849,114.69930496839103,0.0,0
7.716,2.572,1875.0,243.0,0.2,15849,114.69930496839103,15.144,1
3.568,1.189,1563.0,438.0,0.2,15849,114.69930496839103,7.137,1
0.0,0.0,0.0,67.0,1.0,15849,114.69930496839103,35.254,1
0.0,0.0,0.0,247.0,1.0,15849,114.69930496839103,0.0,0
0.0,0.0,0.0,108.0,1.0,15849,114.69930496839103,0.0,0
0.0,0.0,0.0,157.0,1.0,15849,114.69930496839103,0.0,0
0.0,0.0,0.0,1000.0,1.0,15849,114.69930496839103,0.0,0
10.288,2.572,2500.0,243.0,0.2,15849,114.69930496839103,15.905,1
4.758,1.19,2084.0,438.0,0.2,15849,114.69930496839103,7.137,1
0.0,0.0,0.0,67.0,1.0,15849,114.69930496839103,49.597,1
0.0,0.0,0.0,247.0,1.0,15849,114.69930496839103,0.0,0
0.0,0.0,0.0,108.0,1.0,15849,114.69930496839103,0.0,0
0.0,0.0,0.0,157.0,1.0,15849,114.69930496839103,0.0,0
0.0,0.0,0.0,1000.0,1.0,15849,114.69930496839103,0.0,0
12.86,2.572,3125.0,243.0,0.2,15849,114.69930496839103,16.667,1
5.947,1.189,2605.0,438.0,0.2,15849,114.69930496839103,7.137,1
0.0,0.0,0.0,67.0,1.0,15849,114.69930496839103,63.94,1
0.0,0.0,0.0,247.0,1.0,15849,114.69930496839103,0.0,0
0.0,0.0,0.0,108.0,1.0,15849,114.69930496839103,0.0,0
0.0,0.0,0.0,157.0,1.0,15849,114.69930496839103,0.0,0
0.0,0.0,0.0,1000.0,1.0,15849,114.69930496839103,0.0,0
13.621,0.761,3310.0,243.0,0.2,15849,114.69930496839103,17.428,1
7.137,1.19,3126.0,438.0,0.2,15849,114.69930496839103,7.137,1
6.567,6.567,440.0,67.0,0.2,15849,114.69930496839103,71.716,1
0.0,0.0,0.0,247.0,1.0,15849,114.69930496839103,1.781,1
0.0,0.0,0.0,108.0,1.0,15849,114.69930496839103,0.0,0
0.0,0.0,0.0,157.0,1.0,15849,114.69930496839103,0.0,0
0.0,0.0,0.0,1000.0,1.0,15849,114.69930496839103,0.0,0
14.383,0.762,3495.0,243.0,0.2,15849,114.69930496839103,18.189,1
7.137,0.0,3126.0,438.0,0.2,15849,114.69930496839103,7.137,1
20.91,14.343,1401.0,67.0,0.2,15849,114.69930496839103,76.657,1
0.0,0.0,0.0,247.0,1.0,15849,114.69930496839103,4.332,1
0.0,0.0,0.0,108.0,1.0,15849,114.69930496839103,0.0,0
0.0,0.0,0.0,157.0,1.0,15849,114.69930496839103,0.0,0
0.0,0.0,0.0,1000.0,1.0,15849,114.69930496839103,0.0,0
15.144,0.761,3680.0,243.0,0.2,15849,114.69930496839103,18.951,1
7.137,0.0,3126.0,438.0,0.2,15849,114.69930496839103,7.137,1
35.254,14.344,2362.0,67.0,0.2,15849,114.69930496839103,81.597,1
0.0,0.0,0.0,247.0,1.0,15849,114.69930496839103,6.883,1
0.0,0.0,0.0,108.0,1.0,15849,114.69930496839103,0.0,0
0.0,0.0,0.0,157.0,1.0,15849,114.69930496839103,0.0,0
0.0,0.0,0.0,1000.0,1.0,15849,114.69930496839103,0.0,0
15.905,0.761,3865.0,243.0,0.2,15849,114.69930496839103,19.099,1
7.137,0.0,3126.0,438.0,0.2,15849,114.69930496839103,7.032,1
49.597,14.343,3323.0,67.0,0.2,15849,114.69930496839103,86.537,1
0.0,0.0,0.0,247.0,1.0,15849,114.69930496839103,9.433,1
0.0,0.0,0.0,108.0,1.0,15849,114.69930496839103,0.0,0
0.0,0.0,0.0,157.0,1.0,15849,114.69930496839103,0.0,0
0.0,0.0,0.0,1000.0,1.0,15849,114.69930496839103,0.0,0
16.667,0.762,4050.0,243.0,0.2,15849,114.69930496839103,17.288,1
7.137,0.0,3126.0,438.0,0.2,15849,114.69930496839103,5.842,1
63.94,14.343,4284.0,67.0,0.2,15849,114.69930496839103,91.478,1
0.0,0.0,0.0,247.0,1.0,15849,114.69930496839103,11.984,1
0.0,0.0,0.0,108.0,1.0,15849,114.69930496839103,0.0,0
0.0,0.0,0.0,157.0,1.0,15849,114.69930496839103,0.0,0
0.0,0.0,0.0,1000.0,1.0,15849,114.69930496839103,0.0,0
17.428,0.761,4235.0,243.0,0.2,15849,114.69930496839103,15.477,1
7.137,0.0,3126.0,438.0,0.2,15849,114.69930496839103,4.653,1
71.716,7.776,4805.0,67.0,0.2,15849,114.69930496839103,96.418,1
1.781,1.781,440.0,247.0,0.2,15849,114.69930496839103,12.753,1
0.0,0.0,0.0,108.0,1.0,15849,114.69930496839103,4.074,1
0.0,0.0,0.0,157.0,1.0,15849,114.69930496839103,0.0,0
0.0,0.0,0.0,1000.0,1.0,15849,114.69930496839103,0.0,0
18.189,0.761,4420.0,243.0,0.2,15849,114.69930496839103,13.667,1
7.137,0.0,3126.0,438.0,0.2,15849,114.69930496839103,3.463,1
76.657,4.941,5136.0,67.0,0.2,15849,114.69930496839103,101.358,1
4.332,2.551,1070.0,247.0,0.2,15849,114.69930496839103,12.753,1
0.0,0.0,0.0,108.0,1.0,15849,114.69930496839103,9.907,1
0.0,0.0,0.0,157.0,1.0,15849,114.69930496839103,0.0,0
0.0,0.0,0.0,1000.0,1.0,15849,114.69930496839103,0.0,0
18.951,0.762,4605.0,243.0,0.2,15849,114.69930496839103,11.856,1
7.137,0.0,3126.0,438.0,0.2,15849,114.69930496839103,2.274,1
81.597,4.94,5467.0,67.0,0.2,15849,114.69930496839103,106.299,1
6.883,2.551,1700.0,247.0,0.2,15849,114.69930496839103,12.753,1
0.0,0.0,0.0,108.0,1.0,15849,114.69930496839103,15.741,1
0.0,0.0,0.0,157.0,1.0,15849,114.69930496839103,0.0,0
0.0,0.0,0.0,1000.0,1.0,15849,114.69930496839103,0.0,0
19.099,0.148,4641.0,243.0,0.2,15849,114.69930496839103,10.045,1
7.032,-0.105,3080.0,438.0,0.2,15849,114.69930496839103,1.084,1
86.537,4.94,5798.0,67.0,0.2,15849,114.69930496839103,111.239,1
9.433,2.55,2330.0,247.0,0.2,15849,114.69930496839103,12.753,1
0.0,0.0,0.0,108.0,1.0,15849,114.69930496839103,21.574,1
0.0,0.0,0.0,157.0,1.0,15849,114.69930496839103,0.0,0
0.0,0.0,0.0,1000.0,1.0,15849,114.69930496839103,0.0,0
17.288,-1.811,4201.0,243.0,0.2,15849,114.69930496839103,8.523,1
5.842,-1.19,2559.0,438.0,0.2,15849,114.69930496839103,0.0,0
91.478,4.941,6129.0,67.0,0.2,15849,114.69930496839103,114.448,1
11.984,2.551,2960.0,247.0,0.2,15849,114.69930496839103,12.753,1
0.0,0.0,0.0,108.0,1.0,15849,114.69930496839103,27.407,1
0.0,0.0,0.0,157.0,1.0,15849,114.69930496839103,0.0,0
0.0,0.0,0.0,1000.0,1.0,15849,114.69930496839103,0.0,0
15.477,-1.811,3761.0,243.0,0.2,15849,114.69930496839103,8.523,1
4.653,-1.189,2038.0,438.0,0.2,15849,114.69930496839103,0.0,0
96.418,4.94,6460.0,67.0,0.2,15849,114.69930496839103,114.448,1
12.753,0.769,3150.0,247.0,0.2,15849,114.69930496839103,12.753,1
4.074,4.074,440.0,108.0,0.2,15849,114.69930496839103,27.407,1
0.0,0.0,0.0,157.0,1.0,15849,114.69930496839103,0.0,0
0.0,0.0,0.0,1000.0,1.0,15849,114.69930496839103,0.0,0
13.667,-1.81,3321.0,243.0,0.2,15849,114.69930496839103,8.523,1
3.463,-1.19,1517.0,438.0,0.2,15849,114.69930496839103,0.0,0
101.358,4.94,6791.0,67.0,0.2,15849,114.69930496839103,114.448,1
12.753,0.0,3150.0,247.0,0.2,15849,114.69930496839103,12.753,1
9.907,5.833,1070.0,108.0,0.2,15849,114.69930496839103,27.407,1
0.0,0.0,0.0,157.0,1.0,15849,114.69930496839103,0.0,0
0.0,0.0,0.0,1000.0,1.0,15849,114.69930496839103,0.0,0
11.856,-1.811,2881.0,243.0,0.2,15849,114.69930496839103,8.523,1
2.274,-1.189,996.0,438.0,0.2,15849,114.69930496839103,0.0,0
106.299,4.941,7122.0,67.0,0.2,15849,114.69930496839103,114.448,1
12.753,0.0,3150.0,247.0,0.2,15849,114.69930496839103,12.753,1
15.741,5.834,1700.0,108.0,0.2,15849,114.69930496839103,27.407,1
0.0,0.0,0.0,157.0,1.0,15849,114.69930496839103,0.0,0
0.0,0.0,0.0,1000.0,1.0,15849,114.69930496839103,0.0,0
10.045,-1.811,2441.0,243.0,0.2,15849,114.69930496839103,8.523,1
1.084,-1.19,475.0,438.0,0.2,15849,114.69930496839103,0.0,0
111.239,4.94,7453.0,67.0,0.2,15849,114.69930496839103,114.448,1
12.753,0.0,3150.0,247.0,0.2,15849,114.69930496839103,12.753,1
21.574,5.833,2330.0,108.0,0.2,15849,114.69930496839103,27.407,1
0.0,0.0,0.0,157.0,1.0,15849,114.69930496839103,0.0,0
0.0,0.0,0.0,1000.0,1.0,15849,114.69930496839103,0.0,0
8.523,-1.522,2071.0,243.0,0.2,15849,114.69930496839103,8.523,1
0.0,-1.084,0.0,438.0,1.0,15849,114.69930496839103,0.0,0
114.448,3.209,7668.0,67.0,0.2,15849,114.69930496839103,114.448,1
12.753,0.0,3150.0,247.0,0.2,15849,114.69930496839103,12.753,1
27.407,5.833,2960.0,108.0,0.2,15849,114.69930496839103,27.407,1
0.0,0.0,0.0,157.0,1.0,15849,114.69930496839103,0.0,0
0.0,0.0,0.0,1000.0,1.0,15849,114.69930496839103,0.0,0
2.326,0.0,521.0,224.0,0.2,5554,104.24959811278192,10.071,1
1.742,0.0,521.0,299.0,0.2,5554,104.24959811278192,9.288,1
0.0,0.0,0.0,288.0,1.0,5554,104.24959811278192,1.809,1
0.0,0.0,0.0,208.0,1.0,5554,104.24959811278192,0.0,0
0.0,0.0,0.0,197.0,1.0,5554,104.24959811278192,0.0,0
0.0,0.0,0.0,135.0,1.0,5554,104.24959811278192,0.0,0
0.0,0.0,0.0,1000.0,1.0,5554,104.24959811278192,0.0,0
4.652,2.326,1042.0,224.0,0.2,5554,104.24959811278192,7.746,1
3.485,1.743,1042.0,299.0,0.2,5554,104.24959811278192,7.883,1
0.0,0.0,0.0,288.0,1.0,5554,104.24959811278192,5.076,1
0.0,0.0,0.0,208.0,1.0,5554,104.24959811278192,0.0,0
0.0,0.0,0.0,197.0,1.0,5554,104.24959811278192,0.0,0
0.0,0.0,0.0,135.0,1.0,5554,104.24959811278192,0.0,0
0.0,0.0,0.0,1000.0,1.0,5554,104.24959811278192,0.0,0
6.978,2.326,1563.0,224.0,0.2,5554,104.24959811278192,5.42,1
5.227,1.742,1563.0,299.0,0.2,5554,104.24959811278192,6.478,1
0.0,0.0,0.0,288.0,1.0,5554,104.24959811278192,8.344,1
0.0,0.0,0.0,208.0,1.0,5554,104.24959811278192,0.0,0
0.0,0.0,0.0,197.0,1.0,5554,104.24959811278192,0.0,0
0.0,0.0,0.0,135.0,1.0,5554,104.24959811278192,0.0,0
0.0,0.0,0.0,1000.0,1.0,5554,104.24959811278192,0.0,0
9.304,2.326,2084.0,224.0,0.2,5554,104.24959811278192,3.094,1
6.97,1.743,2084.0,299.0,0.2,5554,104.24959811278192,5.074,1
0.0,0.0,0.0,288.0,1.0,5554,104.24959811278192,11.611,1
0.0,0.0,0.0,208.0,1.0,5554,104.24959811278192,0.0,0
0.0,0.0,0.0,197.0,1.0,5554,104.24959811278192,0.0,0
0.0,0.0,0.0,135.0,1.0,5554,104.24959811278192,0.0,0
0.0,0.0,0.0,1000.0,1.0,5554,104.24959811278192,0.0,0
11.629,2.325,2605.0,224.0,0.2,5554,104.24959811278192,0.768,0
8.712,1.742,2605.0,299.0,0.2,5554,104.24959811278192,3.669,1
0.0,0.0,0.0,288.0,1.0,5554,104.24959811278192,14.878,1
0.0,0.0,0.0,208.0,1.0,5554,104.24959811278192,0.0,0
0.0,0.0,0.0,197.0,1.0,5554,104.24959811278192,0.0,0
0.0,0.0,0.0,135.0,1.0,5554,104.24959811278192,0.0,0
0.0,0.0,0.0,1000.0,1.0,5554,104.24959811278192,0.0,0
10.071,-1.558,2256.0,224.0,0.2,5554,104.24959811278192,0.0,0
9.288,0.576,2777.0,299.0,0.2,5554,104.24959811278192,2.264,1
1.809,1.809,521.0,288.0,0.2,5554,104.24959811278192,15.125,1
0.0,0.0,0.0,208.0,1.0,5554,104.24959811278192,2.505,1
0.0,0.0,0.0,197.0,1.0,5554,104.24959811278192,0.0,0
0.0,0.0,0.0,135.0,1.0,5554,104.24959811278192,0.0,0
0.0,0.0,0.0,1000.0,1.0,5554,104.24959811278192,0.0,0
7.746,-2.325,1735.0,224.0,0.2,5554,104.24959811278192,0.0,0
7.883,-1.405,2357.0,299.0,0.2,5554,104.24959811278192,1.689,1
5.076,3.267,1462.0,288.0,0.2,5554,104.24959811278192,13.083,1
0.0,0.0,0.0,208.0,1.0,5554,104.24959811278192,6.159,1
0.0,0.0,0.0,197.0,1.0,5554,104.24959811278192,0.0,0
0.0,0.0,0.0,135.0,1.0,5554,104.24959811278192,0.0,0
0.0,0.0,0.0,1000.0,1.0,5554,104.24959811278192,0.0,0
5.42,-2.326,1214.0,224.0,0.2,5554,104.24959811278192,0.0,0
6.478,-1.405,1937.0,299.0,0.2,5554,104.24959811278192,1.351,1
8.344,3.268,2403.0,288.0,0.2,5554,104.24959811278192,10.795,1
0.0,0.0,0.0,208.0,1.0,5554,104.24959811278192,9.812,1
0.0,0.0,0.0,197.0,1.0,5554,104.24959811278192,0.0,0
0.0,0.0,0.0,135.0,1.0,5554,104.24959811278192,0.0,0
0.0,0.0,0.0,1000.0,1.0,5554,104.24959811278192,0.0,0
3.094,-2.326,693.0,224.0,0.2,5554,104.24959811278192,0.0,0
5.074,-1.404,1517.0,299.0,0.2,5554,104.24959811278192,1.013,1
11.611,3.267,3344.0,288.0,0.2,5554,104.24959811278192,8.507,1
0.0,0.0,0.0,208.0,1.0,5554,104.24959811278192,13.466,1
0.0,0.0,0.0,197.0,1.0,5554,104.24959811278192,0.0,0
0.0,0.0,0.0,135.0,1.0,5554,104.24959811278192,0.0,0
0.0,0.0,0.0,1000.0,1.0,5554,104.24959811278192,0.0,0
0.768,-2.326,172.0,224.0,0.5,5554,104.24959811278192,0.0,0
3.669,-1.405,1097.0,299.0,0.2,5554,104.24959811278192,0.676,0
14.878,3.267,4285.0,288.0,0.2,5554,104.24959811278192,6.219,1
0.0,0.0,0.0,208.0,1.0,5554,104.24959811278192,17.12,1
0.0,0.0,0.0,197.0,1.0,5554,104.24959811278192,0.0,0
0.0,0.0,0.0,135.0,1.0,5554,104.24959811278192,0.0,0
0.0,0.0,0.0,1000.0,1.0,5554,104.24959811278192,0.0,0
0.0,-0.768,0.0,224.0,1.0,5554,104.24959811278192,0.0,0
2.264,-1.405,677.0,299.0,0.2,5554,104.24959811278192,0.0,0
15.125,0.247,4356.0,288.0,0.2,5554,104.24959811278192,4.865,1
2.505,2.505,521.0,208.0,0.2,5554,104.24959811278192,18.043,1
0.0,0.0,0.0,197.0,1.0,5554,104.24959811278192,2.03,1
0.0,0.0,0.0,135.0,1.0,5554,104.24959811278192,0.0,0
0.0,0.0,0.0,1000.0,1.0,5554,104.24959811278192,0.0,0
0.0,0.0,0.0,224.0,1.0,5554,104.24959811278192,0.0,0
1.689,-0.575,505.0,299.0,0.2,5554,104.24959811278192,0.0,0
13.083,-2.042,3768.0,288.0,0.2,5554,104.24959811278192,3.639,1
6.159,3.654,1281.0,208.0,0.2,5554,104.24959811278192,17.817,1
0.0,0.0,0.0,197.0,1.0,5554,104.24959811278192,4.061,1
0.0,0.0,0.0,135.0,1.0,5554,104.24959811278192,0.0,0
0.0,0.0,0.0,1000.0,1.0,5554,104.24959811278192,0.0,0
0.0,0.0,0.0,224.0,1.0,5554,104.24959811278192,0.0,0
1.351,-0.338,404.0,299.0,0.2,5554,104.24959811278192,0.0,0
10.795,-2.288,3109.0,288.0,0.2,5554,104.24959811278192,2.66,1
9.812,3.653,2041.0,208.0,0.2,5554,104.24959811278192,17.25,1
0.0,0.0,0.0,197.0,1.0,5554,104.24959811278192,6.091,1
0.0,0.0,0.0,135.0,1.0,5554,104.24959811278192,0.0,0
0.0,0.0,0.0,1000.0,1.0,5554,104.24959811278192,0.0,0
0.0,0.0,0.0,224.0,1.0,5554,104.24959811278192,0.0,0
1.013,-0.338,303.0,299.0,0.2,5554,104.24959811278192,0.0,0
8.507,-2.288,2450.0,288.0,0.2,5554,104.24959811278192,1.681,1
13.466,3.654,2801.0,208.0,0.2,5554,104.24959811278192,16.683,1
0.0,0.0,0.0,197.0,1.0,5554,104.24959811278192,8.122,1
0.0,0.0,0.0,135.0,1.0,5554,104.24959811278192,0.0,0
0.0,0.0,0.0,1000.0,1.0,5554,104.24959811278192,0.0,0
0.0,0.0,0.0,224.0,1.0,5554,104.24959811278192,0.0,0
0.676,-0.337,202.0,299.0,0.8,5554,104.24959811278192,0.0,0
6.219,-2.288,1791.0,288.0,0.2,5554,104.24959811278192,0.701,0
17.12,3.654,3561.0,208.0,0.2,5554,104.24959811278192,16.115,1
0.0,0.0,0.0,197.0,1.0,5554,104.24959811278192,10.152,1
0.0,0.0,0.0,135.0,1.0,5554,104.24959811278192,0.0,0
0.0,0.0,0.0,1000.0,1.0,5554,104.24959811278192,0.0,0
0.0,0.0,0.0,224.0,1.0,5554,104.24959811278192,0.0,0
0.0,-0.676,0.0,299.0,1.0,5554,104.24959811278192,0.0,0
4.865,-1.354,1401.0,288.0,0.2,5554,104.24959811278192,0.701,0
18.043,0.923,3753.0,208.0,0.2,5554,104.24959811278192,16.115,1
2.03,2.03,400.0,197.0,0.2,5554,104.24959811278192,10.152,1
0.0,0.0,0.0,135.0,1.0,5554,104.24959811278192,0.0,0
0.0,0.0,0.0,1000.0,1.0,5554,104.24959811278192,0.0,0
0.0,0.0,0.0,224.0,1.0,5554,104.24959811278192,0.0,0
0.0,0.0,0.0,299.0,1.0,5554,104.24959811278192,0.0,0
3.639,-1.226,1048.0,288.0,0.2,5554,104.24959811278192,0.701,0
17.817,-0.226,3706.0,208.0,0.2,5554,104.24959811278192,16.115,1
4.061,2.031,800.0,197.0,0.2,5554,104.24959811278192,10.152,1
0.0,0.0,0.0,135.0,1.0,5554,104.24959811278192,0.0,0
0.0,0.0,0.0,1000.0,1.0,5554,104.24959811278192,0.0,0
0.0,0.0,0.0,224.0,1.0,5554,104.24959811278192,0.0,0
0.0,0.0,0.0,299.0,1.0,5554,104.24959811278192,0.0,0
2.66,-0.979,766.0,288.0,0.2,5554,104.24959811278192,0.701,0
17.25,-0.567,3588.0,208.0,0.2,5554,104.24959811278192,16.115,1
6.091,2.03,1200.0,197.0,0.2,5554,104.24959811278192,10.152,1
0.0,0.0,0.0,135.0,1.0,5554,104.24959811278192,0.0,0
0.0,0.0,0.0,1000.0,1.0,5554,104.24959811278192,0.0,0
0.0,0.0,0.0,224.0,1.0,5554,104.24959811278192,0.0,0
0.0,0.0,0.0,299.0,1.0,5554,104.24959811278192,0.0,0
1.681,-0.979,484.0,288.0,0.2,5554,104.24959811278192,0.701,0
16.683,-0.567,3470.0,208.0,0.2,5554,104.24959811278192,16.115,1
8.122,2.031,1600.0,197.0,0.2,5554,104.24959811278192,10.152,1
0.0,0.0,0.0,135.0,1.0,5554,104.24959811278192,0.0,0
0.0,0.0,0.0,1000.0,1.0,5554,104.24959811278192,0.0,0
0.0,0.0,0.0,224.0,1.0,5554,104.24959811278192,0.0,0
0.0,0.0,0.0,299.0,1.0,5554,104.24959811278192,0.0,0
0.701,-0.98,202.0,288.0,0.5,5554,104.24959811278192,0.701,0
16.115,-0.568,3352.0,208.0,0.2,5554,104.24959811278192,16.115,1
10.152,2.03,2000.0,197.0,0.2,5554,104.24959811278192,10.152,1
0.0,0.0,0.0,135.0,1.0,5554,104.24959811278192,0.0,0
0.0,0.0,0.0,1000.0,1.0,5554,104.24959811278192,0.0,0
1.559,0.0,226.0,145.0,0.2,18398,45.12806733605969,7.793,1
0.49,0.0,225.0,459.0,1.0,18398,45.12806733605969,2.451,1
0.0,0.0,0.0,78.0,1.0,18398,45.12806733605969,5.782,1
0.0,0.0,0.0,243.0,1.0,18398,45.12806733605969,0.0,0
0.0,0.0,0.0,248.0,1.0,18398,45.12806733605969,0.0,0
0.0,0.0,0.0,254.0,1.0,18398,45.12806733605969,0.0,0
0.0,0.0,0.0,1000.0,1.0,18398,45.12806733605969,0.0,0
3.117,1.558,452.0,145.0,0.2,18398,45.12806733605969,7.793,1
0.98,0.49,450.0,459.0,0.2,18398,45.12806733605969,2.941,1
0.0,0.0,0.0,78.0,1.0,18398,45.12806733605969,8.679,1
0.0,0.0,0.0,243.0,1.0,18398,45.12806733605969,0.0,0
0.0,0.0,0.0,248.0,1.0,18398,45.12806733605969,0.0,0
0.0,0.0,0.0,254.0,1.0,18398,45.12806733605969,0.0,0
0.0,0.0,0.0,1000.0,1.0,18398,45.12806733605969,0.0,0
4.676,1.559,678.0,145.0,0.2,18398,45.12806733605969,7.793,1
0.98,0.0,450.0,459.0,0.2,18398,45.12806733605969,2.941,1
2.885,2.885,225.0,78.0,0.2,18398,45.12806733605969,11.577,1
0.0,0.0,0.0,243.0,1.0,18398,45.12806733605969,0.926,1
0.0,0.0,0.0,248.0,1.0,18398,45.12806733605969,0.0,0
0.0,0.0,0.0,254.0,1.0,18398,45.12806733605969,0.0,0
0.0,0.0,0.0,1000.0,1.0,18398,45.12806733605969,0.0,0
6.234,1.558,904.0,145.0,0.2,18398,45.12806733605969,7.793,1
1.471,0.491,675.0,459.0,0.2,18398,45.12806733605969,2.941,1
2.885,0.0,225.0,78.0,0.2,18398,45.12806733605969,17.359,1
0.0,0.0,0.0,243.0,1.0,18398,45.12806733605969,0.926,1
0.0,0.0,0.0,248.0,1.0,18398,45.12806733605969,0.0,0
0.0,0.0,0.0,254.0,1.0,18398,45.12806733605969,0.0,0
0.0,0.0,0.0,1000.0,1.0,18398,45.12806733605969,0.0,0
7.793,1.559,1130.0,145.0,0.2,18398,45.12806733605969,7.793,1
1.961,0.49,900.0,459.0,0.2,18398,45.12806733605969,2.941,1
2.885,0.0,225.0,78.0,0.2,18398,45.12806733605969,23.141,1
0.0,0.0,0.0,243.0,1.0,18398,45.12806733605969,0.926,1
0.0,0.0,0.0,248.0,1.0,18398,45.12806733605969,0.0,0
0.0,0.0,0.0,254.0,1.0,18398,45.12806733605969,0.0,0
0.0,0.0,0.0,1000.0,1.0,18398,45.12806733605969,0.0,0
7.793,0.0,1130.0,145.0,0.2,18398,45.12806733605969,7.793,1
2.451,0.49,1125.0,459.0,0.2,18398,45.12806733605969,2.941,1
5.782,2.897,451.0,78.0,0.2,18398,45.12806733605969,26.026,1
0.0,0.0,0.0,243.0,1.0,18398,45.12806733605969,1.856,1
0.0,0.0,0.0,248.0,1.0,18398,45.12806733605969,0.0,0
0.0,0.0,0.0,254.0,1.0,18398,45.12806733605969,0.0,0
0.0,0.0,0.0,1000.0,1.0,18398,45.12806733605969,0.0,0
7.793,0.0,1130.0,145.0,0.2,18398,45.12806733605969,7.793,1
2.941,0.49,1350.0,459.0,0.2,18398,45.12806733605969,2.941,1
8.679,2.897,677.0,78.0,0.2,18398,45.12806733605969,28.91,1
0.0,0.0,0.0,243.0,1.0,18398,45.12806733605969,2.786,1
0.0,0.0,0.0,248.0,1.0,18398,45.12806733605969,0.0,0
0.0,0.0,0.0,254.0,1.0,18398,45.12806733605969,0.0,0
0.0,0.0,0.0,1000.0,1.0,18398,45.12806733605969,0.0,0
7.793,0.0,1130.0,145.0,0.2,18398,45.12806733605969,7.793,1
2.941,0.0,1350.0,459.0,0.2,18398,45.12806733605969,2.941,1
11.577,2.898,903.0,78.0,0.2,18398,45.12806733605969,28.91,1
0.926,0.926,225.0,243.0,0.2,18398,45.12806733605969,3.716,1
0.0,0.0,0.0,248.0,1.0,18398,45.12806733605969,0.907,1
0.0,0.0,0.0,254.0,1.0,18398,45.12806733605969,0.0,0
0.0,0.0,0.0,1000.0,1.0,18398,45.12806733605969,0.0,0
7.793,0.0,1130.0,145.0,0.2,18398,45.12806733605969,7.793,1
2.941,0.0,1350.0,459.0,0.2,18398,45.12806733605969,2.941,1
17.359,5.782,1354.0,78.0,0.2,18398,45.12806733605969,28.91,1
0.926,0.0,225.0,243.0,0.2,18398,45.12806733605969,5.572,1
0.0,0.0,0.0,248.0,1.0,18398,45.12806733605969,0.907,1
0.0,0.0,0.0,254.0,1.0,18398,45.12806733605969,0.0,0
0.0,0.0,0.0,1000.0,1.0,18398,45.12806733605969,0.0,0
7.793,0.0,1130.0,145.0,0.2,18398,45.12806733605969,7.793,1
2.941,0.0,1350.0,459.0,0.2,18398,45.12806733605969,2.941,1
23.141,5.782,1805.0,78.0,0.2,18398,45.12806733605969,28.91,1
0.926,0.0,225.0,243.0,0.2,18398,45.12806733605969,7.428,1
0.0,0.0,0.0,248.0,1.0,18398,45.12806733605969,0.907,1
0.0,0.0,0.0,254.0,1.0,18398,45.12806733605969,0.0,0
0.0,0.0,0.0,1000.0,1.0,18398,45.12806733605969,0.0,0
7.793,0.0,1130.0,145.0,0.2,18398,45.12806733605969,7.793,1
2.941,0.0,1350.0,459.0,0.2,18398,45.12806733605969,2.941,1
26.026,2.885,2030.0,78.0,0.2,18398,45.12806733605969,28.91,1
1.856,0.93,451.0,243.0,0.2,18398,45.12806733605969,8.354,1
0.0,0.0,0.0,248.0,1.0,18398,45.12806733605969,1.819,1
0.0,0.0,0.0,254.0,1.0,18398,45.12806733605969,0.0,0
0.0,0.0,0.0,1000.0,1.0,18398,45.12806733605969,0.0,0
7.793,0.0,1130.0,145.0,0.2,18398,45.12806733605969,7.793,1
2.941,0.0,1350.0,459.0,0.2,18398,45.12806733605969,2.941,1
28.91,2.884,2255.0,78.0,0.2,18398,45.12806733605969,28.91,1
2.786,0.93,677.0,243.0,0.2,18398,45.12806733605969,9.28,1
0.0,0.0,0.0,248.0,1.0,18398,45.12806733605969,2.73,1
0.0,0.0,0.0,254.0,1.0,18398,45.12806733605969,0.0,0
0.0,0.0,0.0,1000.0,1.0,18398,45.12806733605969,0.0,0
7.793,0.0,1130.0,145.0,0.2,18398,45.12806733605969,7.793,1
2.941,0.0,1350.0,459.0,0.2,18398,45.12806733605969,2.941,1
28.91,0.0,2255.0,78.0,0.2,18398,45.12806733605969,28.91,1
3.716,0.93,903.0,243.0,0.2,18398,45.12806733605969,10.107,1
0.907,0.907,225.0,248.0,0.2,18398,45.12806733605969,2.831,1
0.0,0.0,0.0,254.0,1.0,18398,45.12806733605969,0.886,1
0.0,0.0,0.0,1000.0,1.0,18398,45.12806733605969,0.0,0
7.793,0.0,1130.0,145.0,0.2,18398,45.12806733605969,7.793,1
2.941,0.0,1350.0,459.0,0.2,18398,45.12806733605969,2.941,1
28.91,0.0,2255.0,78.0,0.2,18398,45.12806733605969,28.91,1
5.572,1.856,1354.0,243.0,0.2,18398,45.12806733605969,10.934,1
0.907,0.0,225.0,248.0,0.2,18398,45.12806733605969,3.839,1
0.0,0.0,0.0,254.0,1.0,18398,45.12806733605969,0.886,1
0.0,0.0,0.0,1000.0,1.0,18398,45.12806733605969,0.0,0
7.793,0.0,1130.0,145.0,0.2,18398,45.12806733605969,7.793,1
2.941,0.0,1350.0,459.0,0.2,18398,45.12806733605969,2.941,1
28.91,0.0,2255.0,78.0,0.2,18398,45.12806733605969,28.91,1
7.428,1.856,1805.0,243.0,0.2,18398,45.12806733605969,11.761,1
0.907,0.0,225.0,248.0,0.2,18398,45.12806733605969,4.847,1
0.0,0.0,0.0,254.0,1.0,18398,45.12806733605969,0.886,1
0.0,0.0,0.0,1000.0,1.0,18398,45.12806733605969,0.0,0
7.793,0.0,1130.0,145.0,0.2,18398,45.12806733605969,7.793,1
2.941,0.0,1350.0,459.0,0.2,18398,45.12806733605969,2.941,1
28.91,0.0,2255.0,78.0,0.2,18398,45.12806733605969,28.91,1
8.354,0.926,2030.0,243.0,0.2,18398,45.12806733605969,11.761,1
1.819,0.912,451.0,248.0,0.2,18398,45.12806733605969,4.847,1
0.0,0.0,0.0,254.0,1.0,18398,45.12806733605969,0.886,1
0.0,0.0,0.0,1000.0,1.0,18398,45.12806733605969,0.0,0
7.793,0.0,1130.0,145.0,0.2,18398,45.12806733605969,7.793,1
2.941,0.0,1350.0,459.0,0.2,18398,45.12806733605969,2.941,1
28.91,0.0,2255.0,78.0,0.2,18398,45.12806733605969,28.91,1
9.28,0.926,2255.0,243.0,0.2,18398,45.12806733605969,11.761,1
2.73,0.911,677.0,248.0,0.2,18398,45.12806733605969,4.847,1
0.0,0.0,0.0,254.0,1.0,18398,45.12806733605969,0.886,1
0.0,0.0,0.0,1000.0,1.0,18398,45.12806733605969,0.0,0
7.793,0.0,1130.0,145.0,0.2,18398,45.12806733605969,7.793,1
2.941,0.0,1350.0,459.0,0.2,18398,45.12806733605969,2.941,1
28.91,0.0,2255.0,78.0,0.2,18398,45.12806733605969,28.91,1
10.107,0.827,2456.0,243.0,0.2,18398,45.12806733605969,11.761,1
2.831,0.101,702.0,248.0,0.2,18398,45.12806733605969,4.847,1
0.886,0.886,225.0,254.0,0.2,18398,45.12806733605969,0.886,1
0.0,0.0,0.0,1000.0,1.0,18398,45.12806733605969,0.0,0
7.793,0.0,1130.0,145.0,0.2,18398,45.12806733605969,7.793,1
2.941,0.0,1350.0,459.0,0.2,18398,45.12806733605969,2.941,1
28.91,0.0,2255.0,78.0,0.2,18398,45.12806733605969,28.91,1
10.934,0.827,2657.0,243.0,0.2,18398,45.12806733605969,11.761,1
3.839,1.008,952.0,248.0,0.2,18398,45.12806733605969,4.847,1
0.886,0.0,225.0,254.0,0.2,18398,45.12806733605969,0.886,1
0.0,0.0,0.0,1000.0,1.0,18398,45.12806733605969,0.0,0
7.793,0.0,1130.0,145.0,0.2,18398,45.12806733605969,7.793,1
2.941,0.0,1350.0,459.0,0.2,18398,45.12806733605969,2.941,1
28.91,0.0,2255.0,78.0,0.2,18398,45.12806733605969,28.91,1
11.761,0.827,2858.0,243.0,0.2,18398,45.12806733605969,11.761,1
4.847,1.008,1202.0,248.0,0.2,18398,45.12806733605969,4.847,1
0.886,0.0,225.0,254.0,0.2,18398,45.12806733605969,0.886,1
0.0,0.0,0.0,1000.0,1.0,18398,45.12806733605969,0.0,0
1.359,0.0,481.0,354.0,0.2,17105,96.10965222138474,6.794,1
2.697,0.0,480.0,178.0,0.2,17105,96.10965222138474,16.18,1
0.0,0.0,0.0,225.0,1.0,17105,96.10965222138474,2.138,1
0.0,0.0,0.0,299.0,1.0,17105,96.10965222138474,0.0,0
0.0,0.0,0.0,119.0,1.0,17105,96.10965222138474,0.0,0
0.0,0.0,0.0,56.0,1.0,17105,96.10965222138474,0.0,0
0.0,0.0,0.0,1000.0,1.0,17105,96.10965222138474,0.0,0
2.718,1.359,962.0,354.0,0.2,17105,96.10965222138474,6.794,1
5.393,2.696,960.0,178.0,0.2,17105,96.10965222138474,16.18,1
0.0,0.0,0.0,225.0,1.0,17105,96.10965222138474,6.409,1
0.0,0.0,0.0,299.0,1.0,17105,96.10965222138474,0.0,0
0.0,0.0,0.0,119.0,1.0,17105,96.10965222138474,0.0,0
0.0,0.0,0.0,56.0,1.0,17105,96.10965222138474,0.0,0
0.0,0.0,0.0,1000.0,1.0,17105,96.10965222138474,0.0,0
4.076,1.358,1443.0,354.0,0.2,17105,96.10965222138474,6.794,1
8.09,2.697,1440.0,178.0,0.2,17105,96.10965222138474,16.18,1
0.0,0.0,0.0,225.0,1.0,17105,96.10965222138474,10.68,1
0.0,0.0,0.0,299.0,1.0,17105,96.10965222138474,0.0,0
0.0,0.0,0.0,119.0,1.0,17105,96.10965222138474,0.0,0
0.0,0.0,0.0,56.0,1.0,17105,96.10965222138474,0.0,0
0.0,0.0,0.0,1000.0,1.0,17105,96.10965222138474,0.0,0
5.435,1.359,1924.0,354.0,0.2,17105,96.10965222138474,6.794,1
10.787,2.697,1920.0,178.0,0.2,17105,96.10965222138474,16.18,1
0.0,0.0,0.0,225.0,1.0,17105,96.10965222138474,14.951,1
0.0,0.0,0.0,299.0,1.0,17105,96.10965222138474,0.0,0
0.0,0.0,0.0,119.0,1.0,17105,96.10965222138474,0.0,0
0.0,0.0,0.0,56.0,1.0,17105,96.10965222138474,0.0,0
0.0,0.0,0.0,1000.0,1.0,17105,96.10965222138474,0.0,0
6.794,1.359,2405.0,354.0,0.2,17105,96.10965222138474,6.794,1
13.483,2.696,2400.0,178.0,0.2,17105,96.10965222138474,16.18,1
0.0,0.0,0.0,225.0,1.0,17105,96.10965222138474,19.222,1
0.0,0.0,0.0,299.0,1.0,17105,96.10965222138474,0.0,0
0.0,0.0,0.0,119.0,1.0,17105,96.10965222138474,0.0,0
0.0,0.0,0.0,56.0,1.0,17105,96.10965222138474,0.0,0
0.0,0.0,0.0,1000.0,1.0,17105,96.10965222138474,0.0,0
6.794,0.0,2405.0,354.0,0.2,17105,96.10965222138474,6.794,1
16.18,2.697,2880.0,178.0,0.2,17105,96.10965222138474,16.18,1
2.138,2.138,481.0,225.0,0.2,17105,96.10965222138474,22.516,1
0.0,0.0,0.0,299.0,1.0,17105,96.10965222138474,0.736,0
0.0,0.0,0.0,119.0,1.0,17105,96.10965222138474,0.0,0
0.0,0.0,0.0,56.0,1.0,17105,96.10965222138474,0.0,0
0.0,0.0,0.0,1000.0,1.0,17105,96.10965222138474,0.0,0
6.794,0.0,2405.0,354.0,0.2,17105,96.10965222138474,6.794,1
16.18,0.0,2880.0,178.0,0.2,17105,96.10965222138474,16.18,1
6.409,4.271,1442.0,225.0,0.2,17105,96.10965222138474,25.809,1
0.0,0.0,0.0,299.0,1.0,17105,96.10965222138474,1.472,1
0.0,0.0,0.0,119.0,1.0,17105,96.10965222138474,0.0,0
0.0,0.0,0.0,56.0,1.0,17105,96.10965222138474,0.0,0
0.0,0.0,0.0,1000.0,1.0,17105,96.10965222138474,0.0,0
6.794,0.0,2405.0,354.0,0.2,17105,96.10965222138474,6.794,1
16.18,0.0,2880.0,178.0,0.2,17105,96.10965222138474,16.18,1
10.68,4.271,2403.0,225.0,0.2,17105,96.10965222138474,29.102,1
0.0,0.0,0.0,299.0,1.0,17105,96.10965222138474,2.207,1
0.0,0.0,0.0,119.0,1.0,17105,96.10965222138474,0.0,0
0.0,0.0,0.0,56.0,1.0,17105,96.10965222138474,0.0,0
0.0,0.0,0.0,1000.0,1.0,17105,96.10965222138474,0.0,0
6.794,0.0,2405.0,354.0,0.2,17105,96.10965222138474,6.794,1
16.18,0.0,2880.0,178.0,0.2,17105,96.10965222138474,16.18,1
14.951,4.271,3364.0,225.0,0.2,17105,96.10965222138474,32.396,1
0.0,0.0,0.0,299.0,1.0,17105,96.10965222138474,2.207,1
0.0,0.0,0.0,119.0,1.0,17105,96.10965222138474,1.849,1
0.0,0.0,0.0,56.0,1.0,17105,96.10965222138474,0.0,0
0.0,0.0,0.0,1000.0,1.0,17105,96.10965222138474,0.0,0
6.794,0.0,2405.0,354.0,0.2,17105,96.10965222138474,6.794,1
16.18,0.0,2880.0,178.0,0.2,17105,96.10965222138474,16.18,1
19.222,4.271,4325.0,225.0,0.2,17105,96.10965222138474,35.689,1
0.0,0.0,0.0,299.0,1.0,17105,96.10965222138474,2.943,1
0.0,0.0,0.0,119.0,1.0,17105,96.10965222138474,1.849,1
0.0,0.0,0.0,56.0,1.0,17105,96.10965222138474,0.0,0
0.0,0.0,0.0,1000.0,1.0,17105,96.10965222138474,0.0,0
6.794,0.0,2405.0,354.0,0.2,17105,96.10965222138474,6.794,1
16.18,0.0,2880.0,178.0,0.2,17105,96.10965222138474,16.18,1
22.516,3.294,5066.0,225.0,0.2,17105,96.10965222138474,38.982,1
0.736,0.736,220.0,299.0,0.5,17105,96.10965222138474,3.679,1
0.0,0.0,0.0,119.0,1.0,17105,96.10965222138474,1.849,1
0.0,0.0,0.0,56.0,1.0,17105,96.10965222138474,0.0,0
0.0,0.0,0.0,1000.0,1.0,17105,96.10965222138474,0.0,0
6.794,0.0,2405.0,354.0,0.2,17105,96.10965222138474,6.794,1
16.18,0.0,2880.0,178.0,0.2,17105,96.10965222138474,16.18,1
25.809,3.293,5807.0,225.0,0.2,17105,96.10965222138474,42.276,1
1.472,0.736,440.0,299.0,0.2,17105,96.10965222138474,3.679,1
0.0,0.0,0.0,119.0,1.0,17105,96.10965222138474,3.697,1
0.0,0.0,0.0,56.0,1.0,17105,96.10965222138474,0.0,0
0.0,0.0,0.0,1000.0,1.0,17105,96.10965222138474,0.0,0
6.794,0.0,2405.0,354.0,0.2,17105,96.10965222138474,6.52,1
16.18,0.0,2880.0,178.0,0.2,17105,96.10965222138474,15.64,1
29.102,3.293,6548.0,225.0,0.2,17105,96.10965222138474,45.569,1
2.207,0.735,660.0,299.0,0.2,17105,96.10965222138474,3.679,1
0.0,0.0,0.0,119.0,1.0,17105,96.10965222138474,5.546,1
0.0,0.0,0.0,56.0,1.0,17105,96.10965222138474,0.0,0
0.0,0.0,0.0,1000.0,1.0,17105,96.10965222138474,0.0,0
6.794,0.0,2405.0,354.0,0.2,17105,96.10965222138474,5.161,1
16.18,0.0,2880.0,178.0,0.2,17105,96.10965222138474,12.944,1
32.396,3.294,7289.0,225.0,0.2,17105,96.10965222138474,48.862,1
2.207,0.0,660.0,299.0,0.2,17105,96.10965222138474,3.679,1
1.849,1.849,220.0,119.0,0.2,17105,96.10965222138474,5.546,1
0.0,0.0,0.0,56.0,1.0,17105,96.10965222138474,3.929,1
0.0,0.0,0.0,1000.0,1.0,17105,96.10965222138474,0.0,0
6.794,0.0,2405.0,354.0,0.2,17105,96.10965222138474,3.802,1
16.18,0.0,2880.0,178.0,0.2,17105,96.10965222138474,10.247,1
35.689,3.293,8030.0,225.0,0.2,17105,96.10965222138474,52.156,1
2.943,0.736,880.0,299.0,0.2,17105,96.10965222138474,3.679,1
1.849,0.0,220.0,119.0,0.2,17105,96.10965222138474,7.395,1
0.0,0.0,0.0,56.0,1.0,17105,96.10965222138474,3.929,1
0.0,0.0,0.0,1000.0,1.0,17105,96.10965222138474,0.0,0
6.794,0.0,2405.0,354.0,0.2,17105,96.10965222138474,3.802,1
16.18,0.0,2880.0,178.0,0.2,17105,96.10965222138474,10.247,1
38.982,3.293,8771.0,225.0,0.2,17105,96.10965222138474,52.156,1
3.679,0.736,1100.0,299.0,0.2,17105,96.10965222138474,3.679,1
1.849,0.0,220.0,119.0,0.2,17105,96.10965222138474,7.395,1
0.0,0.0,0.0,56.0,1.0,17105,96.10965222138474,3.929,1
0.0,0.0,0.0,1000.0,1.0,17105,96.10965222138474,0.0,0
6.794,0.0,2405.0,354.0,0.2,17105,96.10965222138474,3.802,1
16.18,0.0,2880.0,178.0,0.2,17105,96.10965222138474,10.247,1
42.276,3.294,9512.0,225.0,0.2,17105,96.10965222138474,52.156,1
3.679,0.0,1100.0,299.0,0.2,17105,96.10965222138474,3.679,1
3.697,1.848,440.0,119.0,0.2,17105,96.10965222138474,7.395,1
0.0,0.0,0.0,56.0,1.0,17105,96.10965222138474,3.929,1
0.0,0.0,0.0,1000.0,1.0,17105,96.10965222138474,0.0,0
6.52,-0.274,2308.0,354.0,0.2,17105,96.10965222138474,3.802,1
15.64,-0.54,2784.0,178.0,0.2,17105,96.10965222138474,10.247,1
45.569,3.293,10253.0,225.0,0.2,17105,96.10965222138474,52.156,1
3.679,0.0,1100.0,299.0,0.2,17105,96.10965222138474,3.679,1
5.546,1.849,660.0,119.0,0.2,17105,96.10965222138474,7.395,1
0.0,0.0,0.0,56.0,1.0,17105,96.10965222138474,3.929,1
0.0,0.0,0.0,1000.0,1.0,17105,96.10965222138474,0.0,0
5.161,-1.359,1827.0,354.0,0.2,17105,96.10965222138474,3.802,1
12.944,-2.696,2304.0,178.0,0.2,17105,96.10965222138474,10.247,1
48.862,3.293,10994.0,225.0,0.2,17105,96.10965222138474,52.156,1
3.679,0.0,1100.0,299.0,0.2,17105,96.10965222138474,3.679,1
5.546,0.0,660.0,119.0,0.2,17105,96.10965222138474,7.395,1
3.929,3.929,220.0,56.0,0.2,17105,96.10965222138474,3.929,1
0.0,0.0,0.0,1000.0,1.0,17105,96.10965222138474,0.0,0
3.802,-1.359,1346.0,354.0,0.2,17105,96.10965222138474,3.802,1
10.247,-2.697,1824.0,178.0,0.2,17105,96.10965222138474,10.247,1
52.156,3.294,11735.0,225.0,0.2,17105,96.10965222138474,52.156,1
3.679,0.0,1100.0,299.0,0.2,17105,96.10965222138474,3.679,1
7.395,1.849,880.0,119.0,0.2,17105,96.10965222138474,7.395,1
3.929,0.0,220.0,56.0,0.2,17105,96.10965222138474,3.929,1
0.0,0.0,0.0,1000.0,1.0,17105,96.10965222138474,0.0,0
0.846,0.0,252.0,298.0,0.5,1547,50.43346896646335,1.755,1
0.583,0.0,252.0,432.0,0.8,1547,50.43346896646335,1.204,1
0.0,0.0,0.0,242.0,1.0,1547,50.43346896646335,2.083,1
0.0,0.0,0.0,162.0,1.0,1547,50.43346896646335,0.0,0
0.0,0.0,0.0,254.0,1.0,1547,50.43346896646335,0.0,0
0.0,0.0,0.0,111.0,1.0,1547,50.43346896646335,0.0,0
0.0,0.0,0.0,1000.0,1.0,1547,50.43346896646335,0.0,0
1.691,0.845,504.0,298.0,0.2,1547,50.43346896646335,0.909,1
1.167,0.584,504.0,432.0,0.2,1547,50.43346896646335,1.204,1
0.0,0.0,0.0,242.0,1.0,1547,50.43346896646335,3.124,1
0.0,0.0,0.0,162.0,1.0,1547,50.43346896646335,0.0,0
0.0,0.0,0.0,254.0,1.0,1547,50.43346896646335,0.0,0
0.0,0.0,0.0,111.0,1.0,1547,50.43346896646335,0.0,0
0.0,0.0,0.0,1000.0,1.0,1547,50.43346896646335,0.0,0
2.537,0.846,756.0,298.0,0.2,1547,50.43346896646335,0.064,0
1.75,0.583,756.0,432.0,0.2,1547,50.43346896646335,0.62,0
0.0,0.0,0.0,242.0,1.0,1547,50.43346896646335,5.207,1
0.0,0.0,0.0,162.0,1.0,1547,50.43346896646335,0.0,0
0.0,0.0,0.0,254.0,1.0,1547,50.43346896646335,0.0,0
0.0,0.0,0.0,111.0,1.0,1547,50.43346896646335,0.0,0
0.0,0.0,0.0,1000.0,1.0,1547,50.43346896646335,0.0,0
1.755,-0.782,523.0,298.0,0.2,1547,50.43346896646335,0.0,0
1.204,-0.546,520.0,432.0,0.2,1547,50.43346896646335,0.0,0
2.083,2.083,504.0,242.0,0.2,1547,50.43346896646335,5.525,1
0.0,0.0,0.0,162.0,1.0,1547,50.43346896646335,1.296,1
0.0,0.0,0.0,254.0,1.0,1547,50.43346896646335,0.0,0
0.0,0.0,0.0,111.0,1.0,1547,50.43346896646335,0.0,0
0.0,0.0,0.0,1000.0,1.0,1547,50.43346896646335,0.0,0
1.755,0.0,523.0,298.0,0.2,1547,50.43346896646335,0.0,0
1.204,0.0,520.0,432.0,0.2,1547,50.43346896646335,0.0,0
2.083,0.0,504.0,242.0,0.2,1547,50.43346896646335,5.525,1
0.0,0.0,0.0,162.0,1.0,1547,50.43346896646335,1.296,1
0.0,0.0,0.0,254.0,1.0,1547,50.43346896646335,0.0,0
0.0,0.0,0.0,111.0,1.0,1547,50.43346896646335,0.0,0
0.0,0.0,0.0,1000.0,1.0,1547,50.43346896646335,0.0,0
1.755,0.0,523.0,298.0,0.2,1547,50.43346896646335,0.0,0
1.204,0.0,520.0,432.0,0.2,1547,50.43346896646335,0.0,0
2.083,0.0,504.0,242.0,0.2,1547,50.43346896646335,5.525,1
0.0,0.0,0.0,162.0,1.0,1547,50.43346896646335,1.296,1
0.0,0.0,0.0,254.0,1.0,1547,50.43346896646335,0.0,0
0.0,0.0,0.0,111.0,1.0,1547,50.43346896646335,0.0,0
0.0,0.0,0.0,1000.0,1.0,1547,50.43346896646335,0.0,0
0.909,-0.846,271.0,298.0,0.2,1547,50.43346896646335,0.0,0
1.204,0.0,520.0,432.0,0.2,1547,50.43346896646335,0.0,0
3.124,1.041,756.0,242.0,0.2,1547,50.43346896646335,4.657,1
0.0,0.0,0.0,162.0,1.0,1547,50.43346896646335,2.593,1
0.0,0.0,0.0,254.0,1.0,1547,50.43346896646335,0.0,0
0.0,0.0,0.0,111.0,1.0,1547,50.43346896646335,0.0,0
0.0,0.0,0.0,1000.0,1.0,1547,50.43346896646335,0.0,0
0.064,-0.845,19.0,298.0,1.0,1547,50.43346896646335,0.0,0
0.62,-0.584,268.0,432.0,0.8,1547,50.43346896646335,0.0,0
5.207,2.083,1260.0,242.0,0.2,1547,50.43346896646335,3.789,1
0.0,0.0,0.0,162.0,1.0,1547,50.43346896646335,3.889,1
0.0,0.0,0.0,254.0,1.0,1547,50.43346896646335,0.0,0
0.0,0.0,0.0,111.0,1.0,1547,50.43346896646335,0.0,0
0.0,0.0,0.0,1000.0,1.0,1547,50.43346896646335,0.0,0
0.0,-0.064,0.0,298.0,1.0,1547,50.43346896646335,0.0,0
0.0,-0.62,0.0,432.0,1.0,1547,50.43346896646335,0.0,0
5.525,0.318,1337.0,242.0,0.2,1547,50.43346896646335,2.921,1
1.296,1.296,210.0,162.0,0.2,1547,50.43346896646335,3.889,1
0.0,0.0,0.0,254.0,1.0,1547,50.43346896646335,0.827,0
0.0,0.0,0.0,111.0,1.0,1547,50.43346896646335,0.0,0
0.0,0.0,0.0,1000.0,1.0,1547,50.43346896646335,0.0,0
0.0,0.0,0.0,298.0,1.0,1547,50.43346896646335,0.0,0
0.0,0.0,0.0,432.0,1.0,1547,50.43346896646335,0.0,0
5.525,0.0,1337.0,242.0,0.2,1547,50.43346896646335,2.921,1
1.296,0.0,210.0,162.0,0.2,1547,50.43346896646335,3.889,1
0.0,0.0,0.0,254.0,1.0,1547,50.43346896646335,0.827,0
0.0,0.0,0.0,111.0,1.0,1547,50.43346896646335,0.0,0
0.0,0.0,0.0,1000.0,1.0,1547,50.43346896646335,0.0,0
0.0,0.0,0.0,298.0,1.0,1547,50.43346896646335,0.0,0
0.0,0.0,0.0,432.0,1.0,1547,50.43346896646335,0.0,0
5.525,0.0,1337.0,242.0,0.2,1547,50.43346896646335,2.921,1
1.296,0.0,210.0,162.0,0.2,1547,50.43346896646335,3.889,1
0.0,0.0,0.0,254.0,1.0,1547,50.43346896646335,0.0,0
0.0,0.0,0.0,111.0,1.0,1547,50.43346896646335,1.892,1
0.0,0.0,0.0,1000.0,1.0,1547,50.43346896646335,0.0,0
0.0,0.0,0.0,298.0,1.0,1547,50.43346896646335,0.0,0
0.0,0.0,0.0,432.0,1.0,1547,50.43346896646335,0.0,0
4.657,-0.868,1127.0,242.0,0.2,1547,50.43346896646335,2.748,1
2.593,1.297,420.0,162.0,0.2,1547,50.43346896646335,2.852,1
0.0,0.0,0.0,254.0,1.0,1547,50.43346896646335,0.827,0
0.0,0.0,0.0,111.0,1.0,1547,50.43346896646335,1.892,1
0.0,0.0,0.0,1000.0,1.0,1547,50.43346896646335,0.0,0
0.0,0.0,0.0,298.0,1.0,1547,50.43346896646335,0.0,0
0.0,0.0,0.0,432.0,1.0,1547,50.43346896646335,0.0,0
3.789,-0.868,917.0,242.0,0.2,1547,50.43346896646335,1.88,1
3.889,1.296,630.0,162.0,0.2,1547,50.43346896646335,2.852,1
0.0,0.0,0.0,254.0,1.0,1547,50.43346896646335,1.654,1
0.0,0.0,0.0,111.0,1.0,1547,50.43346896646335,1.892,1
0.0,0.0,0.0,1000.0,1.0,1547,50.43346896646335,0.0,0
0.0,0.0,0.0,298.0,1.0,1547,50.43346896646335,0.0,0
0.0,0.0,0.0,432.0,1.0,1547,50.43346896646335,0.0,0
2.921,-0.868,707.0,242.0,0.2,1547,50.43346896646335,1.012,1
3.889,0.0,630.0,162.0,0.2,1547,50.43346896646335,2.852,1
0.827,0.827,210.0,254.0,0.5,1547,50.43346896646335,2.48,1
0.0,0.0,0.0,111.0,1.0,1547,50.43346896646335,1.892,1
0.0,0.0,0.0,1000.0,1.0,1547,50.43346896646335,0.0,0
0.0,0.0,0.0,298.0,1.0,1547,50.43346896646335,0.0,0
0.0,0.0,0.0,432.0,1.0,1547,50.43346896646335,0.0,0
2.921,0.0,707.0,242.0,0.2,1547,50.43346896646335,1.012,1
3.889,0.0,630.0,162.0,0.2,1547,50.43346896646335,2.852,1
0.827,0.0,210.0,254.0,0.5,1547,50.43346896646335,1.654,1
0.0,0.0,0.0,111.0,1.0,1547,50.43346896646335,3.784,1
0.0,0.0,0.0,1000.0,1.0,1547,50.43346896646335,0.0,0
0.0,0.0,0.0,298.0,1.0,1547,50.43346896646335,0.0,0
0.0,0.0,0.0,432.0,1.0,1547,50.43346896646335,0.0,0
2.921,0.0,707.0,242.0,0.2,1547,50.43346896646335,1.012,1
3.889,0.0,630.0,162.0,0.2,1547,50.43346896646335,2.852,1
0.0,-0.827,0.0,254.0,1.0,1547,50.43346896646335,1.654,1
1.892,1.892,210.0,111.0,0.2,1547,50.43346896646335,3.784,1
0.0,0.0,0.0,1000.0,1.0,1547,50.43346896646335,0.0,0
0.0,0.0,0.0,298.0,1.0,1547,50.43346896646335,0.0,0
0.0,0.0,0.0,432.0,1.0,1547,50.43346896646335,0.0,0
2.748,-0.173,665.0,242.0,0.2,1547,50.43346896646335,1.012,1
2.852,-1.037,462.0,162.0,0.2,1547,50.43346896646335,2.852,1
0.827,0.827,210.0,254.0,0.5,1547,50.43346896646335,1.654,1
1.892,0.0,210.0,111.0,0.2,1547,50.43346896646335,3.784,1
0.0,0.0,0.0,1000.0,1.0,1547,50.43346896646335,0.0,0
0.0,0.0,0.0,298.0,1.0,1547,50.43346896646335,0.0,0
0.0,0.0,0.0,432.0,1.0,1547,50.43346896646335,0.0,0
1.88,-0.868,455.0,242.0,0.2,1547,50.43346896646335,1.012,1
2.852,0.0,462.0,162.0,0.2,1547,50.43346896646335,2.852,1
1.654,0.827,420.0,254.0,0.2,1547,50.43346896646335,1.654,1
1.892,0.0,210.0,111.0,0.2,1547,50.43346896646335,3.784,1
0.0,0.0,0.0,1000.0,1.0,1547,50.43346896646335,0.0,0
0.0,0.0,0.0,298.0,1.0,1547,50.43346896646335,0.0,0
0.0,0.0,0.0,432.0,1.0,1547,50.43346896646335,0.0,0
1.012,-0.868,245.0,242.0,0.2,1547,50.43346896646335,1.012,1
2.852,0.0,462.0,162.0,0.2,1547,50.43346896646335,2.852,1
2.48,0.826,630.0,254.0,0.2,1547,50.43346896646335,1.654,1
1.892,0.0,210.0,111.0,0.2,1547,50.43346896646335,3.784,1
0.0,0.0,0.0,1000.0,1.0,1547,50.43346896646335,0.0,0
0.0,0.0,0.0,298.0,1.0,1547,50.43346896646335,0.0,0
0.0,0.0,0.0,432.0,1.0,1547,50.43346896646335,0.0,0
1.012,0.0,245.0,242.0,0.2,1547,50.43346896646335,1.012,1
2.852,0.0,462.0,162.0,0.2,1547,50.43346896646335,2.852,1
1.654,-0.826,420.0,254.0,0.2,1547,50.43346896646335,1.654,1
3.784,1.892,420.0,111.0,0.2,1547,50.43346896646335,3.784,1
0.0,0.0,0.0,1000.0,1.0,1547,50.43346896646335,0.0,0
2.292,0.0,722.0,315.0,0.2,8865,134.0193487211028,12.546,1
1.343,0.0,618.0,460.0,0.2,8865,134.0193487211028,8.061,1
0.0,0.0,0.0,266.0,1.0,8865,134.0193487211028,1.429,1
0.0,0.0,0.0,276.0,1.0,8865,134.0193487211028,0.0,0
0.0,0.0,0.0,187.0,1.0,8865,134.0193487211028,0.0,0
0.0,0.0,0.0,267.0,1.0,8865,134.0193487211028,0.0,0
0.0,0.0,0.0,1000.0,1.0,8865,134.0193487211028,0.0,0
4.584,2.292,1444.0,315.0,0.2,8865,134.0193487211028,12.651,1
2.687,1.344,1236.0,460.0,0.2,8865,134.0193487211028,7.613,1
0.0,0.0,0.0,266.0,1.0,8865,134.0193487211028,5.18,1
0.0,0.0,0.0,276.0,1.0,8865,134.0193487211028,0.0,0
0.0,0.0,0.0,187.0,1.0,8865,134.0193487211028,0.0,0
0.0,0.0,0.0,267.0,1.0,8865,134.0193487211028,0.0,0
0.0,0.0,0.0,1000.0,1.0,8865,134.0193487211028,0.0,0
6.876,2.292,2166.0,315.0,0.2,8865,134.0193487211028,11.444,1
4.03,1.343,1854.0,460.0,0.2,8865,134.0193487211028,6.27,1
0.0,0.0,0.0,266.0,1.0,8865,134.0193487211028,8.932,1
0.0,0.0,0.0,276.0,1.0,8865,134.0193487211028,0.0,0
0.0,0.0,0.0,187.0,1.0,8865,134.0193487211028,0.0,0
0.0,0.0,0.0,267.0,1.0,8865,134.0193487211028,0.0,0
0.0,0.0,0.0,1000.0,1.0,8865,134.0193487211028,0.0,0
9.168,2.292,2888.0,315.0,0.2,8865,134.0193487211028,10.238,1
5.374,1.344,2472.0,460.0,0.2,8865,134.0193487211028,4.926,1
0.0,0.0,0.0,266.0,1.0,8865,134.0193487211028,12.684,1
0.0,0.0,0.0,276.0,1.0,8865,134.0193487211028,0.0,0
0.0,0.0,0.0,187.0,1.0,8865,134.0193487211028,0.0,0
0.0,0.0,0.0,267.0,1.0,8865,134.0193487211028,0.0,0
0.0,0.0,0.0,1000.0,1.0,8865,134.0193487211028,0.0,0
11.46,2.292,3610.0,315.0,0.2,8865,134.0193487211028,9.032,1
6.717,1.343,3090.0,460.0,0.2,8865,134.0193487211028,3.583,1
0.0,0.0,0.0,266.0,1.0,8865,134.0193487211028,16.436,1
0.0,0.0,0.0,276.0,1.0,8865,134.0193487211028,0.0,0
0.0,0.0,0.0,187.0,1.0,8865,134.0193487211028,0.0,0
0.0,0.0,0.0,267.0,1.0,8865,134.0193487211028,0.0,0
0.0,0.0,0.0,1000.0,1.0,8865,134.0193487211028,0.0,0
12.546,1.086,3952.0,315.0,0.2,8865,134.0193487211028,7.825,1
8.061,1.344,3708.0,460.0,0.2,8865,134.0193487211028,2.239,1
1.429,1.429,380.0,266.0,0.2,8865,134.0193487211028,18.759,1
0.0,0.0,0.0,276.0,1.0,8865,134.0193487211028,1.377,1
0.0,0.0,0.0,187.0,1.0,8865,134.0193487211028,0.0,0
0.0,0.0,0.0,267.0,1.0,8865,134.0193487211028,0.0,0
0.0,0.0,0.0,1000.0,1.0,8865,134.0193487211028,0.0,0
12.651,0.105,3985.0,315.0,0.2,8865,134.0193487211028,6.619,1
7.613,-0.448,3502.0,460.0,0.2,8865,134.0193487211028,0.896,1
5.18,3.751,1378.0,266.0,0.2,8865,134.0193487211028,19.692,1
0.0,0.0,0.0,276.0,1.0,8865,134.0193487211028,4.094,1
0.0,0.0,0.0,187.0,1.0,8865,134.0193487211028,0.0,0
0.0,0.0,0.0,267.0,1.0,8865,134.0193487211028,0.0,0
0.0,0.0,0.0,1000.0,1.0,8865,134.0193487211028,0.0,0
11.444,-1.207,3605.0,315.0,0.2,8865,134.0193487211028,5.533,1
6.27,-1.343,2884.0,460.0,0.2,8865,134.0193487211028,0.0,0
8.932,3.752,2376.0,266.0,0.2,8865,134.0193487211028,19.707,1
0.0,0.0,0.0,276.0,1.0,8865,134.0193487211028,6.812,1
0.0,0.0,0.0,187.0,1.0,8865,134.0193487211028,0.0,0
0.0,0.0,0.0,267.0,1.0,8865,134.0193487211028,0.0,0
0.0,0.0,0.0,1000.0,1.0,8865,134.0193487211028,0.0,0
10.238,-1.206,3225.0,315.0,0.2,8865,134.0193487211028,4.448,1
4.926,-1.344,2266.0,460.0,0.2,8865,134.0193487211028,0.0,0
12.684,3.752,3374.0,266.0,0.2,8865,134.0193487211028,18.173,1
0.0,0.0,0.0,276.0,1.0,8865,134.0193487211028,9.529,1
0.0,0.0,0.0,187.0,1.0,8865,134.0193487211028,0.0,0
0.0,0.0,0.0,267.0,1.0,8865,134.0193487211028,0.0,0
0.0,0.0,0.0,1000.0,1.0,8865,134.0193487211028,0.0,0
9.032,-1.206,2845.0,315.0,0.2,8865,134.0193487211028,3.362,1
3.583,-1.343,1648.0,460.0,0.2,8865,134.0193487211028,0.0,0
16.436,3.752,4372.0,266.0,0.2,8865,134.0193487211028,16.639,1
0.0,0.0,0.0,276.0,1.0,8865,134.0193487211028,12.246,1
0.0,0.0,0.0,187.0,1.0,8865,134.0193487211028,0.0,0
0.0,0.0,0.0,267.0,1.0,8865,134.0193487211028,0.0,0
0.0,0.0,0.0,1000.0,1.0,8865,134.0193487211028,0.0,0
7.825,-1.207,2465.0,315.0,0.2,8865,134.0193487211028,2.156,1
2.239,-1.344,1030.0,460.0,0.2,8865,134.0193487211028,0.0,0
18.759,2.323,4990.0,266.0,0.2,8865,134.0193487211028,15.248,1
1.377,1.377,380.0,276.0,0.2,8865,134.0193487211028,13.587,1
0.0,0.0,0.0,187.0,1.0,8865,134.0193487211028,2.032,1
0.0,0.0,0.0,267.0,1.0,8865,134.0193487211028,0.0,0
0.0,0.0,0.0,1000.0,1.0,8865,134.0193487211028,0.0,0
6.619,-1.206,2085.0,315.0,0.2,8865,134.0193487211028,0.965,1
0.896,-1.343,412.0,460.0,0.2,8865,134.0193487211028,0.0,0
19.692,0.933,5238.0,266.0,0.2,8865,134.0193487211028,13.838,1
4.094,2.717,1130.0,276.0,0.2,8865,134.0193487211028,14.275,1
0.0,0.0,0.0,187.0,1.0,8865,134.0193487211028,5.027,1
0.0,0.0,0.0,267.0,1.0,8865,134.0193487211028,0.0,0
0.0,0.0,0.0,1000.0,1.0,8865,134.0193487211028,0.0,0
5.533,-1.086,1743.0,315.0,0.2,8865,134.0193487211028,0.965,1
0.0,-0.896,0.0,460.0,1.0,8865,134.0193487211028,0.0,0
19.707,0.015,5242.0,266.0,0.2,8865,134.0193487211028,11.019,1
6.812,2.718,1880.0,276.0,0.2,8865,134.0193487211028,14.964,1
0.0,0.0,0.0,187.0,1.0,8865,134.0193487211028,8.021,1
0.0,0.0,0.0,267.0,1.0,8865,134.0193487211028,0.0,0
0.0,0.0,0.0,1000.0,1.0,8865,134.0193487211028,0.0,0
4.448,-1.085,1401.0,315.0,0.2,8865,134.0193487211028,0.965,1
0.0,0.0,0.0,460.0,1.0,8865,134.0193487211028,0.0,0
18.173,-1.534,4834.0,266.0,0.2,8865,134.0193487211028,8.801,1
9.529,2.717,2630.0,276.0,0.2,8865,134.0193487211028,15.072,1
0.0,0.0,0.0,187.0,1.0,8865,134.0193487211028,11.016,1
0.0,0.0,0.0,267.0,1.0,8865,134.0193487211028,0.0,0
0.0,0.0,0.0,1000.0,1.0,8865,134.0193487211028,0.0,0
3.362,-1.086,1059.0,315.0,0.2,8865,134.0193487211028,0.965,1
0.0,0.0,0.0,460.0,1.0,8865,134.0193487211028,0.0,0
16.639,-1.534,4426.0,266.0,0.2,8865,134.0193487211028,6.583,1
12.246,2.717,3380.0,276.0,0.2,8865,134.0193487211028,15.181,1
0.0,0.0,0.0,187.0,1.0,8865,134.0193487211028,14.011,1
0.0,0.0,0.0,267.0,1.0,8865,134.0193487211028,0.0,0
0.0,0.0,0.0,1000.0,1.0,8865,134.0193487211028,0.0,0
2.156,-1.206,679.0,315.0,0.2,8865,134.0193487211028,0.965,1
0.0,0.0,0.0,460.0,1.0,8865,134.0193487211028,0.0,0
15.248,-1.391,4056.0,266.0,0.2,8865,134.0193487211028,6.583,1
13.587,1.341,3750.0,276.0,0.2,8865,134.0193487211028,15.181,1
2.032,2.032,380.0,187.0,0.2,8865,134.0193487211028,14.011,1
0.0,0.0,0.0,267.0,1.0,8865,134.0193487211028,0.0,0
0.0,0.0,0.0,1000.0,1.0,8865,134.0193487211028,0.0,0
0.965,-1.191,304.0,315.0,0.2,8865,134.0193487211028,0.965,1
0.0,0.0,0.0,460.0,1.0,8865,134.0193487211028,0.0,0
13.838,-1.41,3681.0,266.0,0.2,8865,134.0193487211028,6.583,1
14.275,0.688,3940.0,276.0,0.2,8865,134.0193487211028,15.181,1
5.027,2.995,940.0,187.0,0.2,8865,134.0193487211028,14.011,1
0.0,0.0,0.0,267.0,1.0,8865,134.0193487211028,0.0,0
0.0,0.0,0.0,1000.0,1.0,8865,134.0193487211028,0.0,0
0.965,0.0,304.0,315.0,0.2,8865,134.0193487211028,0.965,1
0.0,0.0,0.0,460.0,1.0,8865,134.0193487211028,0.0,0
11.019,-2.819,2931.0,266.0,0.2,8865,134.0193487211028,6.583,1
14.964,0.689,4130.0,276.0,0.2,8865,134.0193487211028,15.181,1
8.021,2.994,1500.0,187.0,0.2,8865,134.0193487211028,14.011,1
0.0,0.0,0.0,267.0,1.0,8865,134.0193487211028,0.0,0
0.0,0.0,0.0,1000.0,1.0,8865,134.0193487211028,0.0,0
0.965,0.0,304.0,315.0,0.2,8865,134.0193487211028,0.965,1
0.0,0.0,0.0,460.0,1.0,8865,134.0193487211028,0.0,0
8.801,-2.218,2341.0,266.0,0.2,8865,134.0193487211028,6.583,1
15.072,0.108,4160.0,276.0,0.2,8865,134.0193487211028,15.181,1
11.016,2.995,2060.0,187.0,0.2,8865,134.0193487211028,14.011,1
0.0,0.0,0.0,267.0,1.0,8865,134.0193487211028,0.0,0
0.0,0.0,0.0,1000.0,1.0,8865,134.0193487211028,0.0,0
0.965,0.0,304.0,315.0,0.2,8865,134.0193487211028,0.965,1
0.0,0.0,0.0,460.0,1.0,8865,134.0193487211028,0.0,0
6.583,-2.218,1751.0,266.0,0.2,8865,134.0193487211028,6.583,1
15.181,0.109,4190.0,276.0,0.2,8865,134.0193487211028,15.181,1
14.011,2.995,2620.0,187.0,0.2,8865,134.0193487211028,14.011,1
0.0,0.0,0.0,267.0,1.0,8865,134.0193487211028,0.0,0
0.0,0.0,0.0,1000.0,1.0,8865,134.0193487211028,0.0,0
1.259,0.0,292.0,232.0,0.2,18066,58.44756282860205,6.293,1
0.612,0.0,292.0,477.0,0.8,18066,58.44756282860205,3.061,1
0.0,0.0,0.0,181.0,1.0,18066,58.44756282860205,3.227,1
0.0,0.0,0.0,132.0,1.0,18066,58.44756282860205,0.0,0
0.0,0.0,0.0,265.0,1.0,18066,58.44756282860205,0.0,0
0.0,0.0,0.0,237.0,1.0,18066,58.44756282860205,0.0,0
0.0,0.0,0.0,1000.0,1.0,18066,58.44756282860205,0.0,0
2.517,1.258,584.0,232.0,0.2,18066,58.44756282860205,6.293,1
1.224,0.612,584.0,477.0,0.2,18066,58.44756282860205,3.673,1
0.0,0.0,0.0,181.0,1.0,18066,58.44756282860205,4.84,1
0.0,0.0,0.0,132.0,1.0,18066,58.44756282860205,0.0,0
0.0,0.0,0.0,265.0,1.0,18066,58.44756282860205,0.0,0
0.0,0.0,0.0,237.0,1.0,18066,58.44756282860205,0.0,0
0.0,0.0,0.0,1000.0,1.0,18066,58.44756282860205,0.0,0
3.776,1.259,876.0,232.0,0.2,18066,58.44756282860205,6.293,1
1.836,0.612,876.0,477.0,0.2,18066,58.44756282860205,3.673,1
0.0,0.0,0.0,181.0,1.0,18066,58.44756282860205,8.066,1
0.0,0.0,0.0,132.0,1.0,18066,58.44756282860205,0.0,0
0.0,0.0,0.0,265.0,1.0,18066,58.44756282860205,0.0,0
0.0,0.0,0.0,237.0,1.0,18066,58.44756282860205,0.0,0
0.0,0.0,0.0,1000.0,1.0,18066,58.44756282860205,0.0,0
5.034,1.258,1168.0,232.0,0.2,18066,58.44756282860205,6.293,1
1.836,0.0,876.0,477.0,0.2,18066,58.44756282860205,3.673,1
1.613,1.613,292.0,181.0,0.2,18066,58.44756282860205,9.68,1
0.0,0.0,0.0,132.0,1.0,18066,58.44756282860205,2.212,1
0.0,0.0,0.0,265.0,1.0,18066,58.44756282860205,0.0,0
0.0,0.0,0.0,237.0,1.0,18066,58.44756282860205,0.0,0
0.0,0.0,0.0,1000.0,1.0,18066,58.44756282860205,0.0,0
6.293,1.259,1460.0,232.0,0.2,18066,58.44756282860205,6.293,1
2.449,0.613,1168.0,477.0,0.2,18066,58.44756282860205,3.673,1
1.613,0.0,292.0,181.0,0.2,18066,58.44756282860205,12.906,1
0.0,0.0,0.0,132.0,1.0,18066,58.44756282860205,2.212,1
0.0,0.0,0.0,265.0,1.0,18066,58.44756282860205,0.0,0
0.0,0.0,0.0,237.0,1.0,18066,58.44756282860205,0.0,0
0.0,0.0,0.0,1000.0,1.0,18066,58.44756282860205,0.0,0
6.293,0.0,1460.0,232.0,0.2,18066,58.44756282860205,6.293,1
3.061,0.612,1460.0,477.0,0.2,18066,58.44756282860205,3.673,1
3.227,1.614,584.0,181.0,0.2,18066,58.44756282860205,14.519,1
0.0,0.0,0.0,132.0,1.0,18066,58.44756282860205,4.424,1
0.0,0.0,0.0,265.0,1.0,18066,58.44756282860205,0.0,0
0.0,0.0,0.0,237.0,1.0,18066,58.44756282860205,0.0,0
0.0,0.0,0.0,1000.0,1.0,18066,58.44756282860205,0.0,0
6.293,0.0,1460.0,232.0,0.2,18066,58.44756282860205,6.293,1
3.673,0.612,1752.0,477.0,0.2,18066,58.44756282860205,3.673,1
4.84,1.613,876.0,181.0,0.2,18066,58.44756282860205,16.133,1
0.0,0.0,0.0,132.0,1.0,18066,58.44756282860205,6.636,1
0.0,0.0,0.0,265.0,1.0,18066,58.44756282860205,0.0,0
0.0,0.0,0.0,237.0,1.0,18066,58.44756282860205,0.0,0
0.0,0.0,0.0,1000.0,1.0,18066,58.44756282860205,0.0,0
6.293,0.0,1460.0,232.0,0.2,18066,58.44756282860205,6.293,1
3.673,0.0,1752.0,477.0,0.2,18066,58.44756282860205,3.673,1
8.066,3.226,1460.0,181.0,0.2,18066,58.44756282860205,17.039,1
0.0,0.0,0.0,132.0,1.0,18066,58.44756282860205,9.818,1
0.0,0.0,0.0,265.0,1.0,18066,58.44756282860205,0.0,0
0.0,0.0,0.0,237.0,1.0,18066,58.44756282860205,0.0,0
0.0,0.0,0.0,1000.0,1.0,18066,58.44756282860205,0.0,0
6.293,0.0,1460.0,232.0,0.2,18066,58.44756282860205,6.293,1
3.673,0.0,1752.0,477.0,0.2,18066,58.44756282860205,3.673,1
9.68,1.614,1752.0,181.0,0.2,18066,58.44756282860205,17.945,1
2.212,2.212,292.0,132.0,0.2,18066,58.44756282860205,10.788,1
0.0,0.0,0.0,265.0,1.0,18066,58.44756282860205,1.102,1
0.0,0.0,0.0,237.0,1.0,18066,58.44756282860205,0.0,0
0.0,0.0,0.0,1000.0,1.0,18066,58.44756282860205,0.0,0
6.293,0.0,1460.0,232.0,0.2,18066,58.44756282860205,6.293,1
3.673,0.0,1752.0,477.0,0.2,18066,58.44756282860205,3.673,1
12.906,3.226,2336.0,181.0,0.2,18066,58.44756282860205,18.851,1
2.212,0.0,292.0,132.0,0.2,18066,58.44756282860205,13.97,1
0.0,0.0,0.0,265.0,1.0,18066,58.44756282860205,1.102,1
0.0,0.0,0.0,237.0,1.0,18066,58.44756282860205,0.0,0
0.0,0.0,0.0,1000.0,1.0,18066,58.44756282860205,0.0,0
6.293,0.0,1460.0,232.0,0.2,18066,58.44756282860205,6.293,1
3.673,0.0,1752.0,477.0,0.2,18066,58.44756282860205,3.673,1
14.519,1.613,2628.0,181.0,0.2,18066,58.44756282860205,19.757,1
4.424,2.212,584.0,132.0,0.2,18066,58.44756282860205,14.939,1
0.0,0.0,0.0,265.0,1.0,18066,58.44756282860205,2.204,1
0.0,0.0,0.0,237.0,1.0,18066,58.44756282860205,0.0,0
0.0,0.0,0.0,1000.0,1.0,18066,58.44756282860205,0.0,0
6.293,0.0,1460.0,232.0,0.2,18066,58.44756282860205,6.293,1
3.673,0.0,1752.0,477.0,0.2,18066,58.44756282860205,3.673,1
16.133,1.614,2920.0,181.0,0.2,18066,58.44756282860205,20.663,1
6.636,2.212,876.0,132.0,0.2,18066,58.44756282860205,15.909,1
0.0,0.0,0.0,265.0,1.0,18066,58.44756282860205,3.306,1
0.0,0.0,0.0,237.0,1.0,18066,58.44756282860205,0.0,0
0.0,0.0,0.0,1000.0,1.0,18066,58.44756282860205,0.0,0
6.293,0.0,1460.0,232.0,0.2,18066,58.44756282860205,6.293,1
3.673,0.0,1752.0,477.0,0.2,18066,58.44756282860205,3.673,1
17.039,0.906,3084.0,181.0,0.2,18066,58.44756282860205,21.569,1
9.818,3.182,1296.0,132.0,0.2,18066,58.44756282860205,15.985,1
0.0,0.0,0.0,265.0,1.0,18066,58.44756282860205,4.853,1
0.0,0.0,0.0,237.0,1.0,18066,58.44756282860205,0.0,0
0.0,0.0,0.0,1000.0,1.0,18066,58.44756282860205,0.0,0
6.293,0.0,1460.0,232.0,0.2,18066,58.44756282860205,6.293,1
3.673,0.0,1752.0,477.0,0.2,18066,58.44756282860205,3.673,1
17.945,0.906,3248.0,181.0,0.2,18066,58.44756282860205,22.475,1
10.788,0.97,1424.0,132.0,0.2,18066,58.44756282860205,16.061,1
1.102,1.102,292.0,265.0,0.2,18066,58.44756282860205,5.298,1
0.0,0.0,0.0,237.0,1.0,18066,58.44756282860205,1.232,1
0.0,0.0,0.0,1000.0,1.0,18066,58.44756282860205,0.0,0
6.293,0.0,1460.0,232.0,0.2,18066,58.44756282860205,6.293,1
3.673,0.0,1752.0,477.0,0.2,18066,58.44756282860205,3.673,1
18.851,0.906,3412.0,181.0,0.2,18066,58.44756282860205,23.381,1
13.97,3.182,1844.0,132.0,0.2,18066,58.44756282860205,16.136,1
1.102,0.0,292.0,265.0,0.2,18066,58.44756282860205,6.845,1
0.0,0.0,0.0,237.0,1.0,18066,58.44756282860205,1.232,1
0.0,0.0,0.0,1000.0,1.0,18066,58.44756282860205,0.0,0
6.293,0.0,1460.0,232.0,0.2,18066,58.44756282860205,6.293,1
3.673,0.0,1752.0,477.0,0.2,18066,58.44756282860205,3.673,1
19.757,0.906,3576.0,181.0,0.2,18066,58.44756282860205,23.381,1
14.939,0.969,1972.0,132.0,0.2,18066,58.44756282860205,16.136,1
2.204,1.102,584.0,265.0,0.2,18066,58.44756282860205,6.845,1
0.0,0.0,0.0,237.0,1.0,18066,58.44756282860205,1.232,1
0.0,0.0,0.0,1000.0,1.0,18066,58.44756282860205,0.0,0
6.293,0.0,1460.0,232.0,0.2,18066,58.44756282860205,6.293,1
3.673,0.0,1752.0,477.0,0.2,18066,58.44756282860205,3.673,1
20.663,0.906,3740.0,181.0,0.2,18066,58.44756282860205,23.381,1
15.909,0.97,2100.0,132.0,0.2,18066,58.44756282860205,16.136,1
3.306,1.102,876.0,265.0,0.2,18066,58.44756282860205,6.845,1
0.0,0.0,0.0,237.0,1.0,18066,58.44756282860205,1.232,1
0.0,0.0,0.0,1000.0,1.0,18066,58.44756282860205,0.0,0
6.293,0.0,1460.0,232.0,0.2,18066,58.44756282860205,6.293,1
3.673,0.0,1752.0,477.0,0.2,18066,58.44756282860205,3.673,1
21.569,0.906,3904.0,181.0,0.2,18066,58.44756282860205,23.381,1
15.985,0.076,2110.0,132.0,0.2,18066,58.44756282860205,16.136,1
4.853,1.547,1286.0,265.0,0.2,18066,58.44756282860205,6.845,1
0.0,0.0,0.0,237.0,1.0,18066,58.44756282860205,1.232,1
0.0,0.0,0.0,1000.0,1.0,18066,58.44756282860205,0.0,0
6.293,0.0,1460.0,232.0,0.2,18066,58.44756282860205,6.293,1
3.673,0.0,1752.0,477.0,0.2,18066,58.44756282860205,3.673,1
22.475,0.906,4068.0,181.0,0.2,18066,58.44756282860205,23.381,1
16.061,0.076,2120.0,132.0,0.2,18066,58.44756282860205,16.136,1
5.298,0.445,1404.0,265.0,0.2,18066,58.44756282860205,6.845,1
1.232,1.232,292.0,237.0,0.2,18066,58.44756282860205,1.232,1
0.0,0.0,0.0,1000.0,1.0,18066,58.44756282860205,0.0,0
6.293,0.0,1460.0,232.0,0.2,18066,58.44756282860205,6.293,1
3.673,0.0,1752.0,477.0,0.2,18066,58.44756282860205,3.673,1
23.381,0.906,4232.0,181.0,0.2,18066,58.44756282860205,23.381,1
16.136,0.075,2130.0,132.0,0.2,18066,58.44756282860205,16.136,1
6.845,1.547,1814.0,265.0,0.2,18066,58.44756282860205,6.845,1
1.232,0.0,292.0,237.0,0.2,18066,58.44756282860205,1.232,1
0.0,0.0,0.0,1000.0,1.0,18066,58.44756282860205,0.0,0
1.702,0.0,713.0,419.0,0.2,10583,142.58537626938602,9.232,1
4.506,0.0,712.0,158.0,0.2,10583,142.58537626938602,27.038,1
0.0,0.0,0.0,226.0,1.0,10583,142.58537626938602,1.814,1
0.0,0.0,0.0,143.0,1.0,10583,142.58537626938602,0.0,0
0.0,0.0,0.0,294.0,1.0,10583,142.58537626938602,0.0,0
0.0,0.0,0.0,56.0,1.0,10583,142.58537626938602,0.0,0
0.0,0.0,0.0,1000.0,1.0,10583,142.58537626938602,0.0,0
3.403,1.701,1426.0,419.0,0.2,10583,142.58537626938602,9.955,1
9.013,4.507,1424.0,158.0,0.2,10583,142.58537626938602,27.038,1
0.0,0.0,0.0,226.0,1.0,10583,142.58537626938602,6.779,1
0.0,0.0,0.0,143.0,1.0,10583,142.58537626938602,0.0,0
0.0,0.0,0.0,294.0,1.0,10583,142.58537626938602,0.0,0
0.0,0.0,0.0,56.0,1.0,10583,142.58537626938602,0.0,0
0.0,0.0,0.0,1000.0,1.0,10583,142.58537626938602,0.0,0
5.105,1.702,2139.0,419.0,0.2,10583,142.58537626938602,9.702,1
13.519,4.506,2136.0,158.0,0.2,10583,142.58537626938602,24.456,1
0.0,0.0,0.0,226.0,1.0,10583,142.58537626938602,11.743,1
0.0,0.0,0.0,143.0,1.0,10583,142.58537626938602,0.0,0
0.0,0.0,0.0,294.0,1.0,10583,142.58537626938602,0.0,0
0.0,0.0,0.0,56.0,1.0,10583,142.58537626938602,0.0,0
0.0,0.0,0.0,1000.0,1.0,10583,142.58537626938602,0.0,0
6.807,1.702,2852.0,419.0,0.2,10583,142.58537626938602,8.723,1
18.025,4.506,2848.0,158.0,0.2,10583,142.58537626938602,19.949,1
0.0,0.0,0.0,226.0,1.0,10583,142.58537626938602,16.708,1
0.0,0.0,0.0,143.0,1.0,10583,142.58537626938602,0.0,0
0.0,0.0,0.0,294.0,1.0,10583,142.58537626938602,0.0,0
0.0,0.0,0.0,56.0,1.0,10583,142.58537626938602,0.0,0
0.0,0.0,0.0,1000.0,1.0,10583,142.58537626938602,0.0,0
8.508,1.701,3565.0,419.0,0.2,10583,142.58537626938602,7.745,1
22.532,4.507,3560.0,158.0,0.2,10583,142.58537626938602,15.443,1
0.0,0.0,0.0,226.0,1.0,10583,142.58537626938602,21.673,1
0.0,0.0,0.0,143.0,1.0,10583,142.58537626938602,0.0,0
0.0,0.0,0.0,294.0,1.0,10583,142.58537626938602,0.0,0
0.0,0.0,0.0,56.0,1.0,10583,142.58537626938602,0.0,0
0.0,0.0,0.0,1000.0,1.0,10583,142.58537626938602,0.0,0
9.232,0.724,3868.0,419.0,0.2,10583,142.58537626938602,6.766,1
27.038,4.506,4272.0,158.0,0.2,10583,142.58537626938602,10.937,1
1.814,1.814,410.0,226.0,0.2,10583,142.58537626938602,25.133,1
0.0,0.0,0.0,143.0,1.0,10583,142.58537626938602,2.378,1
0.0,0.0,0.0,294.0,1.0,10583,142.58537626938602,0.0,0
0.0,0.0,0.0,56.0,1.0,10583,142.58537626938602,0.0,0
0.0,0.0,0.0,1000.0,1.0,10583,142.58537626938602,0.0,0
9.955,0.723,4171.0,419.0,0.2,10583,142.58537626938602,5.788,1
27.038,0.0,4272.0,158.0,0.2,10583,142.58537626938602,6.43,1
6.779,4.965,1532.0,226.0,0.2,10583,142.58537626938602,28.593,1
0.0,0.0,0.0,143.0,1.0,10583,142.58537626938602,4.755,1
0.0,0.0,0.0,294.0,1.0,10583,142.58537626938602,0.0,0
0.0,0.0,0.0,56.0,1.0,10583,142.58537626938602,0.0,0
0.0,0.0,0.0,1000.0,1.0,10583,142.58537626938602,0.0,0
9.702,-0.253,4065.0,419.0,0.2,10583,142.58537626938602,4.809,1
24.456,-2.582,3864.0,158.0,0.2,10583,142.58537626938602,1.924,1
11.743,4.964,2654.0,226.0,0.2,10583,142.58537626938602,32.053,1
0.0,0.0,0.0,143.0,1.0,10583,142.58537626938602,7.133,1
0.0,0.0,0.0,294.0,1.0,10583,142.58537626938602,0.0,0
0.0,0.0,0.0,56.0,1.0,10583,142.58537626938602,0.0,0
0.0,0.0,0.0,1000.0,1.0,10583,142.58537626938602,0.0,0
8.723,-0.979,3655.0,419.0,0.2,10583,142.58537626938602,4.086,1
19.949,-4.507,3152.0,158.0,0.2,10583,142.58537626938602,0.0,0
16.708,4.965,3776.0,226.0,0.2,10583,142.58537626938602,33.235,1
0.0,0.0,0.0,143.0,1.0,10583,142.58537626938602,9.51,1
0.0,0.0,0.0,294.0,1.0,10583,142.58537626938602,0.0,0
0.0,0.0,0.0,56.0,1.0,10583,142.58537626938602,0.0,0
0.0,0.0,0.0,1000.0,1.0,10583,142.58537626938602,0.0,0
7.745,-0.978,3245.0,419.0,0.2,10583,142.58537626938602,3.363,1
15.443,-4.506,2440.0,158.0,0.2,10583,142.58537626938602,0.0,0
21.673,4.965,4898.0,226.0,0.2,10583,142.58537626938602,33.071,1
0.0,0.0,0.0,143.0,1.0,10583,142.58537626938602,11.888,1
0.0,0.0,0.0,294.0,1.0,10583,142.58537626938602,0.0,0
0.0,0.0,0.0,56.0,1.0,10583,142.58537626938602,0.0,0
0.0,0.0,0.0,1000.0,1.0,10583,142.58537626938602,0.0,0
6.766,-0.979,2835.0,419.0,0.2,10583,142.58537626938602,2.384,1
10.937,-4.506,1728.0,158.0,0.2,10583,142.58537626938602,0.0,0
25.133,3.46,5680.0,226.0,0.2,10583,142.58537626938602,33.381,1
2.378,2.378,340.0,143.0,0.2,10583,142.58537626938602,11.888,1
0.0,0.0,0.0,294.0,1.0,10583,142.58537626938602,1.156,1
0.0,0.0,0.0,56.0,1.0,10583,142.58537626938602,0.0,0
0.0,0.0,0.0,1000.0,1.0,10583,142.58537626938602,0.0,0
5.788,-0.978,2425.0,419.0,0.2,10583,142.58537626938602,1.406,1
6.43,-4.507,1016.0,158.0,0.2,10583,142.58537626938602,0.0,0
28.593,3.46,6462.0,226.0,0.2,10583,142.58537626938602,33.69,1
4.755,2.377,680.0,143.0,0.2,10583,142.58537626938602,11.888,1
0.0,0.0,0.0,294.0,1.0,10583,142.58537626938602,2.313,1
0.0,0.0,0.0,56.0,1.0,10583,142.58537626938602,0.0,0
0.0,0.0,0.0,1000.0,1.0,10583,142.58537626938602,0.0,0
4.809,-0.979,2015.0,419.0,0.2,10583,142.58537626938602,0.936,1
1.924,-4.506,304.0,158.0,0.2,10583,142.58537626938602,0.0,0
32.053,3.46,7244.0,226.0,0.2,10583,142.58537626938602,33.058,1
7.133,2.378,1020.0,143.0,0.2,10583,142.58537626938602,11.888,1
0.0,0.0,0.0,294.0,1.0,10583,142.58537626938602,3.469,1
0.0,0.0,0.0,56.0,1.0,10583,142.58537626938602,0.0,0
0.0,0.0,0.0,1000.0,1.0,10583,142.58537626938602,0.0,0
4.086,-0.723,1712.0,419.0,0.2,10583,142.58537626938602,0.936,1
0.0,-1.924,0.0,158.0,1.0,10583,142.58537626938602,0.0,0
33.235,1.182,7511.0,226.0,0.2,10583,142.58537626938602,31.553,1
9.51,2.377,1360.0,143.0,0.2,10583,142.58537626938602,11.888,1
0.0,0.0,0.0,294.0,1.0,10583,142.58537626938602,4.626,1
0.0,0.0,0.0,56.0,1.0,10583,142.58537626938602,0.0,0
0.0,0.0,0.0,1000.0,1.0,10583,142.58537626938602,0.0,0
3.363,-0.723,1409.0,419.0,0.2,10583,142.58537626938602,0.936,1
0.0,0.0,0.0,158.0,1.0,10583,142.58537626938602,0.0,0
33.071,-0.164,7474.0,226.0,0.2,10583,142.58537626938602,30.049,1
11.888,2.378,1700.0,143.0,0.2,10583,142.58537626938602,11.888,1
0.0,0.0,0.0,294.0,1.0,10583,142.58537626938602,5.782,1
0.0,0.0,0.0,56.0,1.0,10583,142.58537626938602,0.0,0
0.0,0.0,0.0,1000.0,1.0,10583,142.58537626938602,0.0,0
2.384,-0.979,999.0,419.0,0.2,10583,142.58537626938602,0.936,1
0.0,0.0,0.0,158.0,1.0,10583,142.58537626938602,0.0,0
33.381,0.31,7544.0,226.0,0.2,10583,142.58537626938602,30.049,1
11.888,0.0,1700.0,143.0,0.2,10583,142.58537626938602,11.888,1
1.156,1.156,340.0,294.0,0.2,10583,142.58537626938602,5.782,1
0.0,0.0,0.0,56.0,1.0,10583,142.58537626938602,0.0,0
0.0,0.0,0.0,1000.0,1.0,10583,142.58537626938602,0.0,0
1.406,-0.978,589.0,419.0,0.2,10583,142.58537626938602,0.936,1
0.0,0.0,0.0,158.0,1.0,10583,142.58537626938602,0.0,0
33.69,0.309,7614.0,226.0,0.2,10583,142.58537626938602,30.049,1
11.888,0.0,1700.0,143.0,0.2,10583,142.58537626938602,11.888,1
2.313,1.157,680.0,294.0,0.2,10583,142.58537626938602,5.782,1
0.0,0.0,0.0,56.0,1.0,10583,142.58537626938602,0.0,0
0.0,0.0,0.0,1000.0,1.0,10583,142.58537626938602,0.0,0
0.936,-0.47,392.0,419.0,0.2,10583,142.58537626938602,0.936,1
0.0,0.0,0.0,158.0,1.0,10583,142.58537626938602,0.0,0
33.058,-0.632,7471.0,226.0,0.2,10583,142.58537626938602,30.049,1
11.888,0.0,1700.0,143.0,0.2,10583,142.58537626938602,11.888,1
3.469,1.156,1020.0,294.0,0.2,10583,142.58537626938602,5.782,1
0.0,0.0,0.0,56.0,1.0,10583,142.58537626938602,0.0,0
0.0,0.0,0.0,1000.0,1.0,10583,142.58537626938602,0.0,0
0.936,0.0,392.0,419.0,0.2,10583,142.58537626938602,0.936,1
0.0,0.0,0.0,158.0,1.0,10583,142.58537626938602,0.0,0
31.553,-1.505,7131.0,226.0,0.2,10583,142.58537626938602,30.049,1
11.888,0.0,1700.0,143.0,0.2,10583,142.58537626938602,11.888,1
4.626,1.157,1360.0,294.0,0.2,10583,142.58537626938602,5.782,1
0.0,0.0,0.0,56.0,1.0,10583,142.58537626938602,0.0,0
0.0,0.0,0.0,1000.0,1.0,10583,142.58537626938602,0.0,0
0.936,0.0,392.0,419.0,0.2,10583,142.58537626938602,0.936,1
0.0,0.0,0.0,158.0,1.0,10583,142.58537626938602,0.0,0
30.049,-1.504,6791.0,226.0,0.2,10583,142.58537626938602,30.049,1
11.888,0.0,1700.0,143.0,0.2,10583,142.58537626938602,11.888,1
5.782,1.156,1700.0,294.0,0.2,10583,142.58537626938602,5.782,1
0.0,0.0,0.0,56.0,1.0,10583,142.58537626938602,0.0,0
0.0,0.0,0.0,1000.0,1.0,10583,142.58537626938602,0.0,0
1.518,0.0,539.0,355.0,0.2,3900,107.77029415180841,3.98,1
1.234,0.0,538.0,436.0,0.2,3900,107.77029415180841,4.468,1
0.0,0.0,0.0,229.0,1.0,3900,107.77029415180841,2.354,1
0.0,0.0,0.0,190.0,1.0,3900,107.77029415180841,0.0,0
0.0,0.0,0.0,278.0,1.0,3900,107.77029415180841,0.0,0
0.0,0.0,0.0,164.0,1.0,3900,107.77029415180841,0.0,0
0.0,0.0,0.0,1000.0,1.0,3900,107.77029415180841,0.0,0
3.037,1.519,1078.0,355.0,0.2,3900,107.77029415180841,2.462,1
2.468,1.234,1076.0,436.0,0.2,3900,107.77029415180841,3.234,1
0.0,0.0,0.0,229.0,1.0,3900,107.77029415180841,7.057,1
0.0,0.0,0.0,190.0,1.0,3900,107.77029415180841,0.0,0
0.0,0.0,0.0,278.0,1.0,3900,107.77029415180841,0.0,0
0.0,0.0,0.0,164.0,1.0,3900,107.77029415180841,0.0,0
0.0,0.0,0.0,1000.0,1.0,3900,107.77029415180841,0.0,0
4.555,1.518,1617.0,355.0,0.2,3900,107.77029415180841,0.944,1
3.702,1.234,1614.0,436.0,0.2,3900,107.77029415180841,2.0,1
0.0,0.0,0.0,229.0,1.0,3900,107.77029415180841,11.76,1
0.0,0.0,0.0,190.0,1.0,3900,107.77029415180841,0.0,0
0.0,0.0,0.0,278.0,1.0,3900,107.77029415180841,0.0,0
0.0,0.0,0.0,164.0,1.0,3900,107.77029415180841,0.0,0
0.0,0.0,0.0,1000.0,1.0,3900,107.77029415180841,0.0,0
5.499,0.944,1952.0,355.0,0.2,3900,107.77029415180841,0.0,0
4.468,0.766,1948.0,436.0,0.2,3900,107.77029415180841,0.766,0
0.0,0.0,0.0,229.0,1.0,3900,107.77029415180841,15.572,1
0.0,0.0,0.0,190.0,1.0,3900,107.77029415180841,0.0,0
0.0,0.0,0.0,278.0,1.0,3900,107.77029415180841,0.0,0
0.0,0.0,0.0,164.0,1.0,3900,107.77029415180841,0.0,0
0.0,0.0,0.0,1000.0,1.0,3900,107.77029415180841,0.0,0
5.499,0.0,1952.0,355.0,0.2,3900,107.77029415180841,0.0,0
4.468,0.0,1948.0,436.0,0.2,3900,107.77029415180841,0.0,0
0.0,0.0,0.0,229.0,1.0,3900,107.77029415180841,17.031,1
0.0,0.0,0.0,190.0,1.0,3900,107.77029415180841,0.0,0
0.0,0.0,0.0,278.0,1.0,3900,107.77029415180841,0.0,0
0.0,0.0,0.0,164.0,1.0,3900,107.77029415180841,0.0,0
0.0,0.0,0.0,1000.0,1.0,3900,107.77029415180841,0.0,0
3.98,-1.519,1413.0,355.0,0.2,3900,107.77029415180841,0.0,0
4.468,0.0,1948.0,436.0,0.2,3900,107.77029415180841,0.0,0
2.354,2.354,539.0,229.0,0.2,3900,107.77029415180841,14.891,1
0.0,0.0,0.0,190.0,1.0,3900,107.77029415180841,2.579,1
0.0,0.0,0.0,278.0,1.0,3900,107.77029415180841,0.0,0
0.0,0.0,0.0,164.0,1.0,3900,107.77029415180841,0.0,0
0.0,0.0,0.0,1000.0,1.0,3900,107.77029415180841,0.0,0
2.462,-1.518,874.0,355.0,0.2,3900,107.77029415180841,0.0,0
3.234,-1.234,1410.0,436.0,0.2,3900,107.77029415180841,0.0,0
7.057,4.703,1616.0,229.0,0.2,3900,107.77029415180841,12.751,1
0.0,0.0,0.0,190.0,1.0,3900,107.77029415180841,5.158,1
0.0,0.0,0.0,278.0,1.0,3900,107.77029415180841,0.0,0
0.0,0.0,0.0,164.0,1.0,3900,107.77029415180841,0.0,0
0.0,0.0,0.0,1000.0,1.0,3900,107.77029415180841,0.0,0
0.944,-1.518,335.0,355.0,0.2,3900,107.77029415180841,0.0,0
2.0,-1.234,872.0,436.0,0.2,3900,107.77029415180841,0.0,0
11.76,4.703,2693.0,229.0,0.2,3900,107.77029415180841,10.611,1
0.0,0.0,0.0,190.0,1.0,3900,107.77029415180841,7.737,1
0.0,0.0,0.0,278.0,1.0,3900,107.77029415180841,0.0,0
0.0,0.0,0.0,164.0,1.0,3900,107.77029415180841,0.0,0
0.0,0.0,0.0,1000.0,1.0,3900,107.77029415180841,0.0,0
0.0,-0.944,0.0,355.0,1.0,3900,107.77029415180841,0.0,0
0.766,-1.234,334.0,436.0,0.5,3900,107.77029415180841,0.0,0
15.572,3.812,3566.0,229.0,0.2,3900,107.77029415180841,8.472,1
0.0,0.0,0.0,190.0,1.0,3900,107.77029415180841,10.316,1
0.0,0.0,0.0,278.0,1.0,3900,107.77029415180841,0.0,0
0.0,0.0,0.0,164.0,1.0,3900,107.77029415180841,0.0,0
0.0,0.0,0.0,1000.0,1.0,3900,107.77029415180841,0.0,0
0.0,0.0,0.0,355.0,1.0,3900,107.77029415180841,0.0,0
0.0,-0.766,0.0,436.0,1.0,3900,107.77029415180841,0.0,0
17.031,1.459,3900.0,229.0,0.2,3900,107.77029415180841,7.013,1
0.0,0.0,0.0,190.0,1.0,3900,107.77029415180841,12.074,1
0.0,0.0,0.0,278.0,1.0,3900,107.77029415180841,0.0,0
0.0,0.0,0.0,164.0,1.0,3900,107.77029415180841,0.0,0
0.0,0.0,0.0,1000.0,1.0,3900,107.77029415180841,0.0,0
0.0,0.0,0.0,355.0,1.0,3900,107.77029415180841,0.0,0
0.0,0.0,0.0,436.0,1.0,3900,107.77029415180841,0.0,0
14.891,-2.14,3410.0,229.0,0.2,3900,107.77029415180841,6.799,1
2.579,2.579,490.0,190.0,0.2,3900,107.77029415180841,9.911,1
0.0,0.0,0.0,278.0,1.0,3900,107.77029415180841,1.655,1
0.0,0.0,0.0,164.0,1.0,3900,107.77029415180841,0.0,0
0.0,0.0,0.0,1000.0,1.0,3900,107.77029415180841,0.0,0
0.0,0.0,0.0,355.0,1.0,3900,107.77029415180841,0.0,0
0.0,0.0,0.0,436.0,1.0,3900,107.77029415180841,0.0,0
12.751,-2.14,2920.0,229.0,0.2,3900,107.77029415180841,4.659,1
5.158,2.579,980.0,190.0,0.2,3900,107.77029415180841,10.068,1
0.0,0.0,0.0,278.0,1.0,3900,107.77029415180841,3.309,1
0.0,0.0,0.0,164.0,1.0,3900,107.77029415180841,0.0,0
0.0,0.0,0.0,1000.0,1.0,3900,107.77029415180841,0.0,0
0.0,0.0,0.0,355.0,1.0,3900,107.77029415180841,0.0,0
0.0,0.0,0.0,436.0,1.0,3900,107.77029415180841,0.0,0
10.611,-2.14,2430.0,229.0,0.2,3900,107.77029415180841,2.52,1
7.737,2.579,1470.0,190.0,0.2,3900,107.77029415180841,10.226,1
0.0,0.0,0.0,278.0,1.0,3900,107.77029415180841,4.964,1
0.0,0.0,0.0,164.0,1.0,3900,107.77029415180841,0.0,0
0.0,0.0,0.0,1000.0,1.0,3900,107.77029415180841,0.0,0
0.0,0.0,0.0,355.0,1.0,3900,107.77029415180841,0.0,0
0.0,0.0,0.0,436.0,1.0,3900,107.77029415180841,0.0,0
8.472,-2.139,1940.0,229.0,0.2,3900,107.77029415180841,0.847,0
10.316,2.579,1960.0,190.0,0.2,3900,107.77029415180841,9.821,1
0.0,0.0,0.0,278.0,1.0,3900,107.77029415180841,6.619,1
0.0,0.0,0.0,164.0,1.0,3900,107.77029415180841,0.0,0
0.0,0.0,0.0,1000.0,1.0,3900,107.77029415180841,0.0,0
0.0,0.0,0.0,355.0,1.0,3900,107.77029415180841,0.0,0
0.0,0.0,0.0,436.0,1.0,3900,107.77029415180841,0.0,0
7.013,-1.459,1606.0,229.0,0.2,3900,107.77029415180841,0.424,0
12.074,1.758,2294.0,190.0,0.2,3900,107.77029415180841,8.574,1
0.0,0.0,0.0,278.0,1.0,3900,107.77029415180841,7.82,1
0.0,0.0,0.0,164.0,1.0,3900,107.77029415180841,0.0,0
0.0,0.0,0.0,1000.0,1.0,3900,107.77029415180841,0.0,0
0.0,0.0,0.0,355.0,1.0,3900,107.77029415180841,0.0,0
0.0,0.0,0.0,436.0,1.0,3900,107.77029415180841,0.0,0
6.799,-0.214,1557.0,229.0,0.2,3900,107.77029415180841,0.424,0
9.911,-2.163,1883.0,190.0,0.2,3900,107.77029415180841,8.574,1
1.655,1.655,460.0,278.0,0.2,3900,107.77029415180841,7.82,1
0.0,0.0,0.0,164.0,1.0,3900,107.77029415180841,0.0,0
0.0,0.0,0.0,1000.0,1.0,3900,107.77029415180841,0.0,0
0.0,0.0,0.0,355.0,1.0,3900,107.77029415180841,0.0,0
0.0,0.0,0.0,436.0,1.0,3900,107.77029415180841,0.0,0
4.659,-2.14,1067.0,229.0,0.2,3900,107.77029415180841,0.424,0
10.068,0.157,1913.0,190.0,0.2,3900,107.77029415180841,8.574,1
3.309,1.654,920.0,278.0,0.2,3900,107.77029415180841,7.82,1
0.0,0.0,0.0,164.0,1.0,3900,107.77029415180841,0.0,0
0.0,0.0,0.0,1000.0,1.0,3900,107.77029415180841,0.0,0
0.0,0.0,0.0,355.0,1.0,3900,107.77029415180841,0.0,0
0.0,0.0,0.0,436.0,1.0,3900,107.77029415180841,0.0,0
2.52,-2.139,577.0,229.0,0.2,3900,107.77029415180841,0.424,0
10.226,0.158,1943.0,190.0,0.2,3900,107.77029415180841,8.574,1
4.964,1.655,1380.0,278.0,0.2,3900,107.77029415180841,7.82,1
0.0,0.0,0.0,164.0,1.0,3900,107.77029415180841,0.0,0
0.0,0.0,0.0,1000.0,1.0,3900,107.77029415180841,0.0,0
0.0,0.0,0.0,355.0,1.0,3900,107.77029415180841,0.0,0
0.0,0.0,0.0,436.0,1.0,3900,107.77029415180841,0.0,0
0.847,-1.673,194.0,229.0,0.5,3900,107.77029415180841,0.424,0
9.821,-0.405,1866.0,190.0,0.2,3900,107.77029415180841,8.574,1
6.619,1.655,1840.0,278.0,0.2,3900,107.77029415180841,7.82,1
0.0,0.0,0.0,164.0,1.0,3900,107.77029415180841,0.0,0
0.0,0.0,0.0,1000.0,1.0,3900,107.77029415180841,0.0,0
0.0,0.0,0.0,355.0,1.0,3900,107.77029415180841,0.0,0
0.0,0.0,0.0,436.0,1.0,3900,107.77029415180841,0.0,0
0.424,-0.423,97.0,229.0,1.0,3900,107.77029415180841,0.424,0
8.574,-1.247,1629.0,190.0,0.2,3900,107.77029415180841,8.574,1
7.82,1.201,2174.0,278.0,0.2,3900,107.77029415180841,7.82,1
0.0,0.0,0.0,164.0,1.0,3900,107.77029415180841,0.0,0
0.0,0.0,0.0,1000.0,1.0,3900,107.77029415180841,0.0,0
3.88,0.0,745.0,192.0,0.2,1538,148.90224548745798,0.13,0
7.44,0.0,744.0,100.0,0.2,1538,148.90224548745798,7.68,1
0.0,0.0,0.0,125.0,1.0,1538,148.90224548745798,5.96,1
0.0,0.0,0.0,75.0,1.0,1538,148.90224548745798,0.0,0
0.0,0.0,0.0,141.0,1.0,1538,148.90224548745798,0.0,0
0.0,0.0,0.0,212.0,1.0,1538,148.90224548745798,0.0,0
0.0,0.0,0.0,1000.0,1.0,1538,148.90224548745798,0.0,0
4.01,0.13,770.0,192.0,0.2,1538,148.90224548745798,0.0,0
7.68,0.24,768.0,100.0,0.2,1538,148.90224548745798,0.24,0
0.0,0.0,0.0,125.0,1.0,1538,148.90224548745798,12.112,1
0.0,0.0,0.0,75.0,1.0,1538,148.90224548745798,0.0,0
0.0,0.0,0.0,141.0,1.0,1538,148.90224548745798,0.0,0
0.0,0.0,0.0,212.0,1.0,1538,148.90224548745798,0.0,0
0.0,0.0,0.0,1000.0,1.0,1538,148.90224548745798,0.0,0
4.01,0.0,770.0,192.0,0.2,1538,148.90224548745798,0.0,0
7.68,0.0,768.0,100.0,0.2,1538,148.90224548745798,0.0,0
0.0,0.0,0.0,125.0,1.0,1538,148.90224548745798,12.304,1
0.0,0.0,0.0,75.0,1.0,1538,148.90224548745798,0.0,0
0.0,0.0,0.0,141.0,1.0,1538,148.90224548745798,0.0,0
0.0,0.0,0.0,212.0,1.0,1538,148.90224548745798,0.0,0
0.0,0.0,0.0,1000.0,1.0,1538,148.90224548745798,0.0,0
4.01,0.0,770.0,192.0,0.2,1538,148.90224548745798,0.0,0
7.68,0.0,768.0,100.0,0.2,1538,148.90224548745798,0.0,0
0.0,0.0,0.0,125.0,1.0,1538,148.90224548745798,12.304,1
0.0,0.0,0.0,75.0,1.0,1538,148.90224548745798,0.0,0
0.0,0.0,0.0,141.0,1.0,1538,148.90224548745798,0.0,0
0.0,0.0,0.0,212.0,1.0,1538,148.90224548745798,0.0,0
0.0,0.0,0.0,1000.0,1.0,1538,148.90224548745798,0.0,0
4.01,0.0,770.0,192.0,0.2,1538,148.90224548745798,0.0,0
7.68,0.0,768.0,100.0,0.2,1538,148.90224548745798,0.0,0
0.0,0.0,0.0,125.0,1.0,1538,148.90224548745798,12.304,1
0.0,0.0,0.0,75.0,1.0,1538,148.90224548745798,0.0,0
0.0,0.0,0.0,141.0,1.0,1538,148.90224548745798,0.0,0
0.0,0.0,0.0,212.0,1.0,1538,148.90224548745798,0.0,0
0.0,0.0,0.0,1000.0,1.0,1538,148.90224548745798,0.0,0
0.13,-3.88,25.0,192.0,1.0,1538,148.90224548745798,0.0,0
7.68,0.0,768.0,100.0,0.2,1538,148.90224548745798,0.0,0
5.96,5.96,745.0,125.0,0.2,1538,148.90224548745798,10.144,1
0.0,0.0,0.0,75.0,1.0,1538,148.90224548745798,3.6,1
0.0,0.0,0.0,141.0,1.0,1538,148.90224548745798,0.0,0
0.0,0.0,0.0,212.0,1.0,1538,148.90224548745798,0.0,0
0.0,0.0,0.0,1000.0,1.0,1538,148.90224548745798,0.0,0
0.0,-0.13,0.0,192.0,1.0,1538,148.90224548745798,0.0,0
0.24,-7.44,24.0,100.0,1.0,1538,148.90224548745798,0.0,0
12.112,6.152,1514.0,125.0,0.2,1538,148.90224548745798,7.984,1
0.0,0.0,0.0,75.0,1.0,1538,148.90224548745798,7.2,1
0.0,0.0,0.0,141.0,1.0,1538,148.90224548745798,0.0,0
0.0,0.0,0.0,212.0,1.0,1538,148.90224548745798,0.0,0
0.0,0.0,0.0,1000.0,1.0,1538,148.90224548745798,0.0,0
0.0,0.0,0.0,192.0,1.0,1538,148.90224548745798,0.0,0
0.0,-0.24,0.0,100.0,1.0,1538,148.90224548745798,0.0,0
12.304,0.192,1538.0,125.0,0.2,1538,148.90224548745798,7.792,1
0.0,0.0,0.0,75.0,1.0,1538,148.90224548745798,7.52,1
0.0,0.0,0.0,141.0,1.0,1538,148.90224548745798,0.0,0
0.0,0.0,0.0,212.0,1.0,1538,148.90224548745798,0.0,0
0.0,0.0,0.0,1000.0,1.0,1538,148.90224548745798,0.0,0
0.0,0.0,0.0,192.0,1.0,1538,148.90224548745798,0.0,0
0.0,0.0,0.0,100.0,1.0,1538,148.90224548745798,0.0,0
12.304,0.0,1538.0,125.0,0.2,1538,148.90224548745798,7.792,1
0.0,0.0,0.0,75.0,1.0,1538,148.90224548745798,7.52,1
0.0,0.0,0.0,141.0,1.0,1538,148.90224548745798,0.0,0
0.0,0.0,0.0,212.0,1.0,1538,148.90224548745798,0.0,0
0.0,0.0,0.0,1000.0,1.0,1538,148.90224548745798,0.0,0
0.0,0.0,0.0,192.0,1.0,1538,148.90224548745798,0.0,0
0.0,0.0,0.0,100.0,1.0,1538,148.90224548745798,0.0,0
12.304,0.0,1538.0,125.0,0.2,1538,148.90224548745798,7.792,1
0.0,0.0,0.0,75.0,1.0,1538,148.90224548745798,7.52,1
0.0,0.0,0.0,141.0,1.0,1538,148.90224548745798,0.0,0
0.0,0.0,0.0,212.0,1.0,1538,148.90224548745798,0.0,0
0.0,0.0,0.0,1000.0,1.0,1538,148.90224548745798,0.0,0
0.0,0.0,0.0,192.0,1.0,1538,148.90224548745798,0.0,0
0.0,0.0,0.0,100.0,1.0,1538,148.90224548745798,0.0,0
10.144,-2.16,1268.0,125.0,0.2,1538,148.90224548745798,5.632,1
3.6,3.6,270.0,75.0,0.2,1538,148.90224548745798,7.52,1
0.0,0.0,0.0,141.0,1.0,1538,148.90224548745798,1.915,1
0.0,0.0,0.0,212.0,1.0,1538,148.90224548745798,0.0,0
0.0,0.0,0.0,1000.0,1.0,1538,148.90224548745798,0.0,0
0.0,0.0,0.0,192.0,1.0,1538,148.90224548745798,0.0,0
0.0,0.0,0.0,100.0,1.0,1538,148.90224548745798,0.0,0
7.984,-2.16,998.0,125.0,0.2,1538,148.90224548745798,3.472,1
7.2,3.6,540.0,75.0,0.2,1538,148.90224548745798,7.52,1
0.0,0.0,0.0,141.0,1.0,1538,148.90224548745798,3.83,1
0.0,0.0,0.0,212.0,1.0,1538,148.90224548745798,0.0,0
0.0,0.0,0.0,1000.0,1.0,1538,148.90224548745798,0.0,0
0.0,0.0,0.0,192.0,1.0,1538,148.90224548745798,0.0,0
0.0,0.0,0.0,100.0,1.0,1538,148.90224548745798,0.0,0
7.792,-0.192,974.0,125.0,0.2,1538,148.90224548745798,3.472,1
7.52,0.32,564.0,75.0,0.2,1538,148.90224548745798,7.2,1
0.0,0.0,0.0,141.0,1.0,1538,148.90224548745798,4.0,1
0.0,0.0,0.0,212.0,1.0,1538,148.90224548745798,0.0,0
0.0,0.0,0.0,1000.0,1.0,1538,148.90224548745798,0.0,0
0.0,0.0,0.0,192.0,1.0,1538,148.90224548745798,0.0,0
0.0,0.0,0.0,100.0,1.0,1538,148.90224548745798,0.0,0
7.792,0.0,974.0,125.0,0.2,1538,148.90224548745798,3.472,1
7.52,0.0,564.0,75.0,0.2,1538,148.90224548745798,7.2,1
0.0,0.0,0.0,141.0,1.0,1538,148.90224548745798,4.0,1
0.0,0.0,0.0,212.0,1.0,1538,148.90224548745798,0.0,0
0.0,0.0,0.0,1000.0,1.0,1538,148.90224548745798,0.0,0
0.0,0.0,0.0,192.0,1.0,1538,148.90224548745798,0.0,0
0.0,0.0,0.0,100.0,1.0,1538,148.90224548745798,0.0,0
7.792,0.0,974.0,125.0,0.2,1538,148.90224548745798,3.472,1
7.52,0.0,564.0,75.0,0.2,1538,148.90224548745798,7.2,1
0.0,0.0,0.0,141.0,1.0,1538,148.90224548745798,4.0,1
0.0,0.0,0.0,212.0,1.0,1538,148.90224548745798,0.0,0
0.0,0.0,0.0,1000.0,1.0,1538,148.90224548745798,0.0,0
0.0,0.0,0.0,192.0,1.0,1538,148.90224548745798,0.0,0
0.0,0.0,0.0,100.0,1.0,1538,148.90224548745798,0.0,0
5.632,-2.16,704.0,125.0,0.2,1538,148.90224548745798,3.472,1
7.52,0.0,564.0,75.0,0.2,1538,148.90224548745798,7.2,1
1.915,1.915,270.0,141.0,0.2,1538,148.90224548745798,4.0,1
0.0,0.0,0.0,212.0,1.0,1538,148.90224548745798,0.0,0
0.0,0.0,0.0,1000.0,1.0,1538,148.90224548745798,0.0,0
0.0,0.0,0.0,192.0,1.0,1538,148.90224548745798,0.0,0
0.0,0.0,0.0,100.0,1.0,1538,148.90224548745798,0.0,0
3.472,-2.16,434.0,125.0,0.2,1538,148.90224548745798,3.472,1
7.52,0.0,564.0,75.0,0.2,1538,148.90224548745798,7.2,1
3.83,1.915,540.0,141.0,0.2,1538,148.90224548745798,4.0,1
0.0,0.0,0.0,212.0,1.0,1538,148.90224548745798,0.0,0
0.0,0.0,0.0,1000.0,1.0,1538,148.90224548745798,0.0,0
0.0,0.0,0.0,192.0,1.0,1538,148.90224548745798,0.0,0
0.0,0.0,0.0,100.0,1.0,1538,148.90224548745798,0.0,0
3.472,0.0,434.0,125.0,0.2,1538,148.90224548745798,3.472,1
7.2,-0.32,540.0,75.0,0.2,1538,148.90224548745798,7.2,1
4.0,0.17,564.0,141.0,0.2,1538,148.90224548745798,4.0,1
0.0,0.0,0.0,212.0,1.0,1538,148.90224548745798,0.0,0
0.0,0.0,0.0,1000.0,1.0,1538,148.90224548745798,0.0,0
0.0,0.0,0.0,192.0,1.0,1538,148.90224548745798,0.0,0
0.0,0.0,0.0,100.0,1.0,1538,148.90224548745798,0.0,0
3.472,0.0,434.0,125.0,0.2,1538,148.90224548745798,3.472,1
7.2,0.0,540.0,75.0,0.2,1538,148.90224548745798,7.2,1
4.0,0.0,564.0,141.0,0.2,1538,148.90224548745798,4.0,1
0.0,0.0,0.0,212.0,1.0,1538,148.90224548745798,0.0,0
0.0,0.0,0.0,1000.0,1.0,1538,148.90224548745798,0.0,0
0.0,0.0,0.0,192.0,1.0,1538,148.90224548745798,0.0,0
0.0,0.0,0.0,100.0,1.0,1538,148.90224548745798,0.0,0
3.472,0.0,434.0,125.0,0.2,1538,148.90224548745798,3.472,1
7.2,0.0,540.0,75.0,0.2,1538,148.90224548745798,7.2,1
4.0,0.0,564.0,141.0,0.2,1538,148.90224548745798,4.0,1
0.0,0.0,0.0,212.0,1.0,1538,148.90224548745798,0.0,0
0.0,0.0,0.0,1000.0,1.0,1538,148.90224548745798,0.0,0
3.912,0.0,489.0,125.0,0.2,2774,97.89792380450034,8.456,1
2.982,0.0,489.0,164.0,0.2,2774,97.89792380450034,8.457,1
0.0,0.0,0.0,239.0,1.0,2774,97.89792380450034,1.381,1
0.0,0.0,0.0,222.0,1.0,2774,97.89792380450034,0.0,0
0.0,0.0,0.0,154.0,1.0,2774,97.89792380450034,0.0,0
0.0,0.0,0.0,137.0,1.0,2774,97.89792380450034,0.0,0
0.0,0.0,0.0,1000.0,1.0,2774,97.89792380450034,0.0,0
7.824,3.912,978.0,125.0,0.2,2774,97.89792380450034,5.816,1
5.963,2.981,978.0,164.0,0.2,2774,97.89792380450034,5.476,1
0.0,0.0,0.0,239.0,1.0,2774,97.89792380450034,4.808,1
0.0,0.0,0.0,222.0,1.0,2774,97.89792380450034,0.0,0
0.0,0.0,0.0,154.0,1.0,2774,97.89792380450034,0.0,0
0.0,0.0,0.0,137.0,1.0,2774,97.89792380450034,0.0,0
0.0,0.0,0.0,1000.0,1.0,2774,97.89792380450034,0.0,0
11.096,3.272,1387.0,125.0,0.2,2774,97.89792380450034,3.176,1
8.457,2.494,1387.0,164.0,0.2,2774,97.89792380450034,2.494,1
0.0,0.0,0.0,239.0,1.0,2774,97.89792380450034,8.234,1
0.0,0.0,0.0,222.0,1.0,2774,97.89792380450034,0.0,0
0.0,0.0,0.0,154.0,1.0,2774,97.89792380450034,0.0,0
0.0,0.0,0.0,137.0,1.0,2774,97.89792380450034,0.0,0
0.0,0.0,0.0,1000.0,1.0,2774,97.89792380450034,0.0,0
11.096,0.0,1387.0,125.0,0.2,2774,97.89792380450034,3.176,1
8.457,0.0,1387.0,164.0,0.2,2774,97.89792380450034,0.0,0
0.0,0.0,0.0,239.0,1.0,2774,97.89792380450034,9.946,1
0.0,0.0,0.0,222.0,1.0,2774,97.89792380450034,0.0,0
0.0,0.0,0.0,154.0,1.0,2774,97.89792380450034,0.0,0
0.0,0.0,0.0,137.0,1.0,2774,97.89792380450034,0.0,0
0.0,0.0,0.0,1000.0,1.0,2774,97.89792380450034,0.0,0
11.096,0.0,1387.0,125.0,0.2,2774,97.89792380450034,3.176,1
8.457,0.0,1387.0,164.0,0.2,2774,97.89792380450034,0.0,0
0.0,0.0,0.0,239.0,1.0,2774,97.89792380450034,9.946,1
0.0,0.0,0.0,222.0,1.0,2774,97.89792380450034,0.0,0
0.0,0.0,0.0,154.0,1.0,2774,97.89792380450034,0.0,0
0.0,0.0,0.0,137.0,1.0,2774,97.89792380450034,0.0,0
0.0,0.0,0.0,1000.0,1.0,2774,97.89792380450034,0.0,0
8.456,-2.64,1057.0,125.0,0.2,2774,97.89792380450034,1.904,1
8.457,0.0,1387.0,164.0,0.2,2774,97.89792380450034,0.0,0
1.381,1.381,330.0,239.0,0.2,2774,97.89792380450034,9.272,1
0.0,0.0,0.0,222.0,1.0,2774,97.89792380450034,1.441,1
0.0,0.0,0.0,154.0,1.0,2774,97.89792380450034,0.0,0
0.0,0.0,0.0,137.0,1.0,2774,97.89792380450034,0.0,0
0.0,0.0,0.0,1000.0,1.0,2774,97.89792380450034,0.0,0
5.816,-2.64,727.0,125.0,0.2,2774,97.89792380450034,0.632,0
5.476,-2.981,898.0,164.0,0.2,2774,97.89792380450034,0.0,0
4.808,3.427,1149.0,239.0,0.2,2774,97.89792380450034,8.598,1
0.0,0.0,0.0,222.0,1.0,2774,97.89792380450034,2.883,1
0.0,0.0,0.0,154.0,1.0,2774,97.89792380450034,0.0,0
0.0,0.0,0.0,137.0,1.0,2774,97.89792380450034,0.0,0
0.0,0.0,0.0,1000.0,1.0,2774,97.89792380450034,0.0,0
3.176,-2.64,397.0,125.0,0.2,2774,97.89792380450034,0.0,0
2.494,-2.982,409.0,164.0,0.2,2774,97.89792380450034,0.0,0
8.234,3.426,1968.0,239.0,0.2,2774,97.89792380450034,7.59,1
0.0,0.0,0.0,222.0,1.0,2774,97.89792380450034,4.324,1
0.0,0.0,0.0,154.0,1.0,2774,97.89792380450034,0.0,0
0.0,0.0,0.0,137.0,1.0,2774,97.89792380450034,0.0,0
0.0,0.0,0.0,1000.0,1.0,2774,97.89792380450034,0.0,0
3.176,0.0,397.0,125.0,0.2,2774,97.89792380450034,0.0,0
0.0,-2.494,0.0,164.0,1.0,2774,97.89792380450034,0.0,0
9.946,1.712,2377.0,239.0,0.2,2774,97.89792380450034,6.251,1
0.0,0.0,0.0,222.0,1.0,2774,97.89792380450034,5.766,1
0.0,0.0,0.0,154.0,1.0,2774,97.89792380450034,0.0,0
0.0,0.0,0.0,137.0,1.0,2774,97.89792380450034,0.0,0
0.0,0.0,0.0,1000.0,1.0,2774,97.89792380450034,0.0,0
3.176,0.0,397.0,125.0,0.2,2774,97.89792380450034,0.0,0
0.0,0.0,0.0,164.0,1.0,2774,97.89792380450034,0.0,0
9.946,0.0,2377.0,239.0,0.2,2774,97.89792380450034,6.251,1
0.0,0.0,0.0,222.0,1.0,2774,97.89792380450034,5.766,1
0.0,0.0,0.0,154.0,1.0,2774,97.89792380450034,0.0,0
0.0,0.0,0.0,137.0,1.0,2774,97.89792380450034,0.0,0
0.0,0.0,0.0,1000.0,1.0,2774,97.89792380450034,0.0,0
1.904,-1.272,238.0,125.0,0.2,2774,97.89792380450034,0.0,0
0.0,0.0,0.0,164.0,1.0,2774,97.89792380450034,0.0,0
9.272,-0.674,2216.0,239.0,0.2,2774,97.89792380450034,5.544,1
1.441,1.441,320.0,222.0,0.2,2774,97.89792380450034,5.536,1
0.0,0.0,0.0,154.0,1.0,2774,97.89792380450034,1.429,1
0.0,0.0,0.0,137.0,1.0,2774,97.89792380450034,0.0,0
0.0,0.0,0.0,1000.0,1.0,2774,97.89792380450034,0.0,0
0.632,-1.272,79.0,125.0,0.8,2774,97.89792380450034,0.0,0
0.0,0.0,0.0,164.0,1.0,2774,97.89792380450034,0.0,0
8.598,-0.674,2055.0,239.0,0.2,2774,97.89792380450034,4.205,1
2.883,1.442,640.0,222.0,0.2,2774,97.89792380450034,5.986,1
0.0,0.0,0.0,154.0,1.0,2774,97.89792380450034,2.857,1
0.0,0.0,0.0,137.0,1.0,2774,97.89792380450034,0.0,0
0.0,0.0,0.0,1000.0,1.0,2774,97.89792380450034,0.0,0
0.0,-0.632,0.0,125.0,1.0,2774,97.89792380450034,0.0,0
0.0,0.0,0.0,164.0,1.0,2774,97.89792380450034,0.0,0
7.59,-1.008,1814.0,239.0,0.2,2774,97.89792380450034,2.866,1
4.324,1.441,960.0,222.0,0.2,2774,97.89792380450034,6.437,1
0.0,0.0,0.0,154.0,1.0,2774,97.89792380450034,4.286,1
0.0,0.0,0.0,137.0,1.0,2774,97.89792380450034,0.0,0
0.0,0.0,0.0,1000.0,1.0,2774,97.89792380450034,0.0,0
0.0,0.0,0.0,125.0,1.0,2774,97.89792380450034,0.0,0
0.0,0.0,0.0,164.0,1.0,2774,97.89792380450034,0.0,0
6.251,-1.339,1494.0,239.0,0.2,2774,97.89792380450034,2.494,1
5.766,1.442,1280.0,222.0,0.2,2774,97.89792380450034,5.847,1
0.0,0.0,0.0,154.0,1.0,2774,97.89792380450034,5.714,1
0.0,0.0,0.0,137.0,1.0,2774,97.89792380450034,0.0,0
0.0,0.0,0.0,1000.0,1.0,2774,97.89792380450034,0.0,0
0.0,0.0,0.0,125.0,1.0,2774,97.89792380450034,0.0,0
0.0,0.0,0.0,164.0,1.0,2774,97.89792380450034,0.0,0
6.251,0.0,1494.0,239.0,0.2,2774,97.89792380450034,2.494,1
5.766,0.0,1280.0,222.0,0.2,2774,97.89792380450034,5.847,1
0.0,0.0,0.0,154.0,1.0,2774,97.89792380450034,5.714,1
0.0,0.0,0.0,137.0,1.0,2774,97.89792380450034,0.0,0
0.0,0.0,0.0,1000.0,1.0,2774,97.89792380450034,0.0,0
0.0,0.0,0.0,125.0,1.0,2774,97.89792380450034,0.0,0
0.0,0.0,0.0,164.0,1.0,2774,97.89792380450034,0.0,0
5.544,-0.707,1325.0,239.0,0.2,2774,97.89792380450034,2.494,1
5.536,-0.23,1229.0,222.0,0.2,2774,97.89792380450034,5.847,1
1.429,1.429,220.0,154.0,0.2,2774,97.89792380450034,5.714,1
0.0,0.0,0.0,137.0,1.0,2774,97.89792380450034,0.0,0
0.0,0.0,0.0,1000.0,1.0,2774,97.89792380450034,0.0,0
0.0,0.0,0.0,125.0,1.0,2774,97.89792380450034,0.0,0
0.0,0.0,0.0,164.0,1.0,2774,97.89792380450034,0.0,0
4.205,-1.339,1005.0,239.0,0.2,2774,97.89792380450034,2.494,1
5.986,0.45,1329.0,222.0,0.2,2774,97.89792380450034,5.847,1
2.857,1.428,440.0,154.0,0.2,2774,97.89792380450034,5.714,1
0.0,0.0,0.0,137.0,1.0,2774,97.89792380450034,0.0,0
0.0,0.0,0.0,1000.0,1.0,2774,97.89792380450034,0.0,0
0.0,0.0,0.0,125.0,1.0,2774,97.89792380450034,0.0,0
0.0,0.0,0.0,164.0,1.0,2774,97.89792380450034,0.0,0
2.866,-1.339,685.0,239.0,0.2,2774,97.89792380450034,2.494,1
6.437,0.451,1429.0,222.0,0.2,2774,97.89792380450034,5.847,1
4.286,1.429,660.0,154.0,0.2,2774,97.89792380450034,5.714,1
0.0,0.0,0.0,137.0,1.0,2774,97.89792380450034,0.0,0
0.0,0.0,0.0,1000.0,1.0,2774,97.89792380450034,0.0,0
0.0,0.0,0.0,125.0,1.0,2774,97.89792380450034,0.0,0
0.0,0.0,0.0,164.0,1.0,2774,97.89792380450034,0.0,0
2.494,-0.372,596.0,239.0,0.2,2774,97.89792380450034,2.494,1
5.847,-0.59,1298.0,222.0,0.2,2774,97.89792380450034,5.847,1
5.714,1.428,880.0,154.0,0.2,2774,97.89792380450034,5.714,1
0.0,0.0,0.0,137.0,1.0,2774,97.89792380450034,0.0,0
0.0,0.0,0.0,1000.0,1.0,2774,97.89792380450034,0.0,0
0.0,0.0,0.0,125.0,1.0,2774,97.89792380450034,0.0,0
0.0,0.0,0.0,164.0,1.0,2774,97.89792380450034,0.0,0
2.494,0.0,596.0,239.0,0.2,2774,97.89792380450034,2.494,1
5.847,0.0,1298.0,222.0,0.2,2774,97.89792380450034,5.847,1
5.714,0.0,880.0,154.0,0.2,2774,97.89792380450034,5.714,1
0.0,0.0,0.0,137.0,1.0,2774,97.89792380450034,0.0,0
0.0,0.0,0.0,1000.0,1.0,2774,97.89792380450034,0.0,0
1.979,0.0,744.0,376.0,0.2,10525,138.24849536710587,9.894,1
1.541,0.0,638.0,414.0,0.2,10525,138.24849536710587,9.246,1
0.0,0.0,0.0,279.0,1.0,10525,138.24849536710587,2.667,1
0.0,0.0,0.0,109.0,1.0,10525,138.24849536710587,0.0,0
0.0,0.0,0.0,62.0,1.0,10525,138.24849536710587,0.0,0
0.0,0.0,0.0,189.0,1.0,10525,138.24849536710587,0.0,0
0.0,0.0,0.0,1000.0,1.0,10525,138.24849536710587,0.0,0
3.957,1.978,1488.0,376.0,0.2,10525,138.24849536710587,9.894,1
3.082,1.541,1276.0,414.0,0.2,10525,138.24849536710587,9.604,1
0.0,0.0,0.0,279.0,1.0,10525,138.24849536710587,7.09,1
0.0,0.0,0.0,109.0,1.0,10525,138.24849536710587,0.0,0
0.0,0.0,0.0,62.0,1.0,10525,138.24849536710587,0.0,0
0.0,0.0,0.0,189.0,1.0,10525,138.24849536710587,0.0,0
0.0,0.0,0.0,1000.0,1.0,10525,138.24849536710587,0.0,0
5.936,1.979,2232.0,376.0,0.2,10525,138.24849536710587,9.048,1
4.623,1.541,1914.0,414.0,0.2,10525,138.24849536710587,9.447,1
0.0,0.0,0.0,279.0,1.0,10525,138.24849536710587,11.513,1
0.0,0.0,0.0,109.0,1.0,10525,138.24849536710587,0.0,0
0.0,0.0,0.0,62.0,1.0,10525,138.24849536710587,0.0,0
0.0,0.0,0.0,189.0,1.0,10525,138.24849536710587,0.0,0
0.0,0.0,0.0,1000.0,1.0,10525,138.24849536710587,0.0,0
7.915,1.979,2976.0,376.0,0.2,10525,138.24849536710587,7.069,1
6.164,1.541,2552.0,414.0,0.2,10525,138.24849536710587,8.263,1
0.0,0.0,0.0,279.0,1.0,10525,138.24849536710587,15.935,1
0.0,0.0,0.0,109.0,1.0,10525,138.24849536710587,0.0,0
0.0,0.0,0.0,62.0,1.0,10525,138.24849536710587,0.0,0
0.0,0.0,0.0,189.0,1.0,10525,138.24849536710587,0.0,0
0.0,0.0,0.0,1000.0,1.0,10525,138.24849536710587,0.0,0
9.894,1.979,3720.0,376.0,0.2,10525,138.24849536710587,5.09,1
7.705,1.541,3190.0,414.0,0.2,10525,138.24849536710587,7.08,1
0.0,0.0,0.0,279.0,1.0,10525,138.24849536710587,20.358,1
0.0,0.0,0.0,109.0,1.0,10525,138.24849536710587,0.0,0
0.0,0.0,0.0,62.0,1.0,10525,138.24849536710587,0.0,0
0.0,0.0,0.0,189.0,1.0,10525,138.24849536710587,0.0,0
0.0,0.0,0.0,1000.0,1.0,10525,138.24849536710587,0.0,0
9.894,0.0,3720.0,376.0,0.2,10525,138.24849536710587,3.112,1
9.246,1.541,3828.0,414.0,0.2,10525,138.24849536710587,5.896,1
2.667,2.667,744.0,279.0,0.2,10525,138.24849536710587,22.115,1
0.0,0.0,0.0,109.0,1.0,10525,138.24849536710587,6.826,1
0.0,0.0,0.0,62.0,1.0,10525,138.24849536710587,0.0,0
0.0,0.0,0.0,189.0,1.0,10525,138.24849536710587,0.0,0
0.0,0.0,0.0,1000.0,1.0,10525,138.24849536710587,0.0,0
9.894,0.0,3720.0,376.0,0.2,10525,138.24849536710587,1.133,1
9.604,0.358,3976.0,414.0,0.2,10525,138.24849536710587,4.713,1
7.09,4.423,1978.0,279.0,0.2,10525,138.24849536710587,23.67,1
0.0,0.0,0.0,109.0,1.0,10525,138.24849536710587,14.165,1
0.0,0.0,0.0,62.0,1.0,10525,138.24849536710587,0.0,0
0.0,0.0,0.0,189.0,1.0,10525,138.24849536710587,0.0,0
0.0,0.0,0.0,1000.0,1.0,10525,138.24849536710587,0.0,0
9.048,-0.846,3402.0,376.0,0.2,10525,138.24849536710587,0.0,0
9.447,-0.157,3911.0,414.0,0.2,10525,138.24849536710587,3.529,1
11.513,4.423,3212.0,279.0,0.2,10525,138.24849536710587,24.086,1
0.0,0.0,0.0,109.0,1.0,10525,138.24849536710587,21.505,1
0.0,0.0,0.0,62.0,1.0,10525,138.24849536710587,0.0,0
0.0,0.0,0.0,189.0,1.0,10525,138.24849536710587,0.0,0
0.0,0.0,0.0,1000.0,1.0,10525,138.24849536710587,0.0,0
7.069,-1.979,2658.0,376.0,0.2,10525,138.24849536710587,0.0,0
8.263,-1.184,3421.0,414.0,0.2,10525,138.24849536710587,2.345,1
15.935,4.422,4446.0,279.0,0.2,10525,138.24849536710587,22.975,1
0.0,0.0,0.0,109.0,1.0,10525,138.24849536710587,28.844,1
0.0,0.0,0.0,62.0,1.0,10525,138.24849536710587,0.0,0
0.0,0.0,0.0,189.0,1.0,10525,138.24849536710587,0.0,0
0.0,0.0,0.0,1000.0,1.0,10525,138.24849536710587,0.0,0
5.09,-1.979,1914.0,376.0,0.2,10525,138.24849536710587,0.0,0
7.08,-1.183,2931.0,414.0,0.2,10525,138.24849536710587,1.988,1
20.358,4.423,5680.0,279.0,0.2,10525,138.24849536710587,20.638,1
0.0,0.0,0.0,109.0,1.0,10525,138.24849536710587,36.183,1
0.0,0.0,0.0,62.0,1.0,10525,138.24849536710587,0.0,0
0.0,0.0,0.0,189.0,1.0,10525,138.24849536710587,0.0,0
0.0,0.0,0.0,1000.0,1.0,10525,138.24849536710587,0.0,0
3.112,-1.978,1170.0,376.0,0.2,10525,138.24849536710587,0.0,0
5.896,-1.184,2441.0,414.0,0.2,10525,138.24849536710587,1.63,1
22.115,1.757,6170.0,279.0,0.2,10525,138.24849536710587,18.301,1
6.826,6.826,744.0,109.0,0.2,10525,138.24849536710587,36.697,1
0.0,0.0,0.0,62.0,1.0,10525,138.24849536710587,12.0,1
0.0,0.0,0.0,189.0,1.0,10525,138.24849536710587,0.0,0
0.0,0.0,0.0,1000.0,1.0,10525,138.24849536710587,0.0,0
1.133,-1.979,426.0,376.0,0.2,10525,138.24849536710587,0.0,0
4.713,-1.183,1951.0,414.0,0.2,10525,138.24849536710587,1.273,1
23.67,1.555,6604.0,279.0,0.2,10525,138.24849536710587,15.964,1
14.165,7.339,1544.0,109.0,0.2,10525,138.24849536710587,37.156,1
0.0,0.0,0.0,62.0,1.0,10525,138.24849536710587,24.097,1
0.0,0.0,0.0,189.0,1.0,10525,138.24849536710587,0.0,0
0.0,0.0,0.0,1000.0,1.0,10525,138.24849536710587,0.0,0
0.0,-1.133,0.0,376.0,1.0,10525,138.24849536710587,0.0,0
3.529,-1.184,1461.0,414.0,0.2,10525,138.24849536710587,0.915,1
24.086,0.416,6720.0,279.0,0.2,10525,138.24849536710587,13.627,1
21.505,7.34,2344.0,109.0,0.2,10525,138.24849536710587,37.615,1
0.0,0.0,0.0,62.0,1.0,10525,138.24849536710587,36.194,1
0.0,0.0,0.0,189.0,1.0,10525,138.24849536710587,0.0,0
0.0,0.0,0.0,1000.0,1.0,10525,138.24849536710587,0.0,0
0.0,0.0,0.0,376.0,1.0,10525,138.24849536710587,0.0,0
2.345,-1.184,971.0,414.0,0.2,10525,138.24849536710587,0.2,0
22.975,-1.111,6410.0,279.0,0.2,10525,138.24849536710587,11.821,1
28.844,7.339,3144.0,109.0,0.2,10525,138.24849536710587,38.073,1
0.0,0.0,0.0,62.0,1.0,10525,138.24849536710587,48.29,1
0.0,0.0,0.0,189.0,1.0,10525,138.24849536710587,0.0,0
0.0,0.0,0.0,1000.0,1.0,10525,138.24849536710587,0.0,0
0.0,0.0,0.0,376.0,1.0,10525,138.24849536710587,0.0,0
1.988,-0.357,823.0,414.0,0.2,10525,138.24849536710587,0.0,0
20.638,-2.337,5758.0,279.0,0.2,10525,138.24849536710587,10.032,1
36.183,7.339,3944.0,109.0,0.2,10525,138.24849536710587,36.532,1
0.0,0.0,0.0,62.0,1.0,10525,138.24849536710587,60.387,1
0.0,0.0,0.0,189.0,1.0,10525,138.24849536710587,0.0,0
0.0,0.0,0.0,1000.0,1.0,10525,138.24849536710587,0.0,0
0.0,0.0,0.0,376.0,1.0,10525,138.24849536710587,0.0,0
1.63,-0.358,675.0,414.0,0.2,10525,138.24849536710587,0.0,0
18.301,-2.337,5106.0,279.0,0.2,10525,138.24849536710587,10.032,1
36.697,0.514,4000.0,109.0,0.2,10525,138.24849536710587,36.532,1
12.0,12.0,744.0,62.0,0.2,10525,138.24849536710587,60.387,1
0.0,0.0,0.0,189.0,1.0,10525,138.24849536710587,0.0,0
0.0,0.0,0.0,1000.0,1.0,10525,138.24849536710587,0.0,0
0.0,0.0,0.0,376.0,1.0,10525,138.24849536710587,0.0,0
1.273,-0.357,527.0,414.0,0.2,10525,138.24849536710587,0.0,0
15.964,-2.337,4454.0,279.0,0.2,10525,138.24849536710587,10.032,1
37.156,0.459,4050.0,109.0,0.2,10525,138.24849536710587,36.532,1
24.097,12.097,1494.0,62.0,0.2,10525,138.24849536710587,60.387,1
0.0,0.0,0.0,189.0,1.0,10525,138.24849536710587,0.0,0
0.0,0.0,0.0,1000.0,1.0,10525,138.24849536710587,0.0,0
0.0,0.0,0.0,376.0,1.0,10525,138.24849536710587,0.0,0
0.915,-0.358,379.0,414.0,0.2,10525,138.24849536710587,0.0,0
13.627,-2.337,3802.0,279.0,0.2,10525,138.24849536710587,10.032,1
37.615,0.459,4100.0,109.0,0.2,10525,138.24849536710587,36.532,1
36.194,12.097,2244.0,62.0,0.2,10525,138.24849536710587,60.387,1
0.0,0.0,0.0,189.0,1.0,10525,138.24849536710587,0.0,0
0.0,0.0,0.0,1000.0,1.0,10525,138.24849536710587,0.0,0
0.0,0.0,0.0,376.0,1.0,10525,138.24849536710587,0.0,0
0.2,-0.715,83.0,414.0,1.0,10525,138.24849536710587,0.0,0
11.821,-1.806,3298.0,279.0,0.2,10525,138.24849536710587,10.032,1
38.073,0.458,4150.0,109.0,0.2,10525,138.24849536710587,36.532,1
48.29,12.096,2994.0,62.0,0.2,10525,138.24849536710587,60.387,1
0.0,0.0,0.0,189.0,1.0,10525,138.24849536710587,0.0,0
0.0,0.0,0.0,1000.0,1.0,10525,138.24849536710587,0.0,0
0.0,0.0,0.0,376.0,1.0,10525,138.24849536710587,0.0,0
0.0,-0.2,0.0,414.0,1.0,10525,138.24849536710587,0.0,0
10.032,-1.789,2799.0,279.0,0.2,10525,138.24849536710587,10.032,1
36.532,-1.541,3982.0,109.0,0.2,10525,138.24849536710587,36.532,1
60.387,12.097,3744.0,62.0,0.2,10525,138.24849536710587,60.387,1
0.0,0.0,0.0,189.0,1.0,10525,138.24849536710587,0.0,0
0.0,0.0,0.0,1000.0,1.0,10525,138.24849536710587,0.0,0
1.016,0.0,194.0,191.0,0.2,18404,38.706960774623354,5.079,1
0.675,0.0,193.0,286.0,0.8,18404,38.706960774623354,3.374,1
0.0,0.0,0.0,85.0,1.0,18404,38.706960774623354,4.553,1
0.0,0.0,0.0,156.0,1.0,18404,38.706960774623354,0.0,0
0.0,0.0,0.0,199.0,1.0,18404,38.706960774623354,0.0,0
0.0,0.0,0.0,61.0,1.0,18404,38.706960774623354,0.0,0
0.0,0.0,0.0,1000.0,1.0,18404,38.706960774623354,0.0,0
2.031,1.015,388.0,191.0,0.2,18404,38.706960774623354,5.079,1
1.35,0.675,386.0,286.0,0.2,18404,38.706960774623354,4.049,1
0.0,0.0,0.0,85.0,1.0,18404,38.706960774623354,6.835,1
0.0,0.0,0.0,156.0,1.0,18404,38.706960774623354,0.0,0
0.0,0.0,0.0,199.0,1.0,18404,38.706960774623354,0.0,0
0.0,0.0,0.0,61.0,1.0,18404,38.706960774623354,0.0,0
0.0,0.0,0.0,1000.0,1.0,18404,38.706960774623354,0.0,0
3.047,1.016,582.0,191.0,0.2,18404,38.706960774623354,5.079,1
2.024,0.674,579.0,286.0,0.2,18404,38.706960774623354,4.049,1
0.0,0.0,0.0,85.0,1.0,18404,38.706960774623354,11.388,1
0.0,0.0,0.0,156.0,1.0,18404,38.706960774623354,0.0,0
0.0,0.0,0.0,199.0,1.0,18404,38.706960774623354,0.0,0
0.0,0.0,0.0,61.0,1.0,18404,38.706960774623354,0.0,0
0.0,0.0,0.0,1000.0,1.0,18404,38.706960774623354,0.0,0
4.063,1.016,776.0,191.0,0.2,18404,38.706960774623354,5.079,1
2.024,0.0,579.0,286.0,0.2,18404,38.706960774623354,4.049,1
2.271,2.271,193.0,85.0,0.2,18404,38.706960774623354,13.671,1
0.0,0.0,0.0,156.0,1.0,18404,38.706960774623354,1.237,1
0.0,0.0,0.0,199.0,1.0,18404,38.706960774623354,0.0,0
0.0,0.0,0.0,61.0,1.0,18404,38.706960774623354,0.0,0
0.0,0.0,0.0,1000.0,1.0,18404,38.706960774623354,0.0,0
5.079,1.016,970.0,191.0,0.2,18404,38.706960774623354,5.079,1
2.699,0.675,772.0,286.0,0.2,18404,38.706960774623354,4.049,1
2.271,0.0,193.0,85.0,0.2,18404,38.706960774623354,18.224,1
0.0,0.0,0.0,156.0,1.0,18404,38.706960774623354,1.237,1
0.0,0.0,0.0,199.0,1.0,18404,38.706960774623354,0.0,0
0.0,0.0,0.0,61.0,1.0,18404,38.706960774623354,0.0,0
0.0,0.0,0.0,1000.0,1.0,18404,38.706960774623354,0.0,0
5.079,0.0,970.0,191.0,0.2,18404,38.706960774623354,5.079,1
3.374,0.675,965.0,286.0,0.2,18404,38.706960774623354,4.049,1
4.553,2.282,387.0,85.0,0.2,18404,38.706960774623354,20.494,1
0.0,0.0,0.0,156.0,1.0,18404,38.706960774623354,2.481,1
0.0,0.0,0.0,199.0,1.0,18404,38.706960774623354,0.0,0
0.0,0.0,0.0,61.0,1.0,18404,38.706960774623354,0.0,0
0.0,0.0,0.0,1000.0,1.0,18404,38.706960774623354,0.0,0
5.079,0.0,970.0,191.0,0.2,18404,38.706960774623354,5.079,1
4.049,0.675,1158.0,286.0,0.2,18404,38.706960774623354,4.049,1
6.835,2.282,581.0,85.0,0.2,18404,38.706960774623354,22.765,1
0.0,0.0,0.0,156.0,1.0,18404,38.706960774623354,3.724,1
0.0,0.0,0.0,199.0,1.0,18404,38.706960774623354,0.0,0
0.0,0.0,0.0,61.0,1.0,18404,38.706960774623354,0.0,0
0.0,0.0,0.0,1000.0,1.0,18404,38.706960774623354,0.0,0
5.079,0.0,970.0,191.0,0.2,18404,38.706960774623354,5.079,1
4.049,0.0,1158.0,286.0,0.2,18404,38.706960774623354,4.049,1
11.388,4.553,968.0,85.0,0.2,18404,38.706960774623354,22.765,1
0.0,0.0,0.0,156.0,1.0,18404,38.706960774623354,6.205,1
0.0,0.0,0.0,199.0,1.0,18404,38.706960774623354,0.0,0
0.0,0.0,0.0,61.0,1.0,18404,38.706960774623354,0.0,0
0.0,0.0,0.0,1000.0,1.0,18404,38.706960774623354,0.0,0
5.079,0.0,970.0,191.0,0.2,18404,38.706960774623354,5.079,1
4.049,0.0,1158.0,286.0,0.2,18404,38.706960774623354,4.049,1
13.671,2.283,1162.0,85.0,0.2,18404,38.706960774623354,22.765,1
1.237,1.237,193.0,156.0,0.2,18404,38.706960774623354,7.449,1
0.0,0.0,0.0,199.0,1.0,18404,38.706960774623354,0.97,1
0.0,0.0,0.0,61.0,1.0,18404,38.706960774623354,0.0,0
0.0,0.0,0.0,1000.0,1.0,18404,38.706960774623354,0.0,0
5.079,0.0,970.0,191.0,0.2,18404,38.706960774623354,5.079,1
4.049,0.0,1158.0,286.0,0.2,18404,38.706960774623354,4.049,1
18.224,4.553,1549.0,85.0,0.2,18404,38.706960774623354,22.765,1
1.237,0.0,193.0,156.0,0.2,18404,38.706960774623354,9.929,1
0.0,0.0,0.0,199.0,1.0,18404,38.706960774623354,0.97,1
0.0,0.0,0.0,61.0,1.0,18404,38.706960774623354,0.0,0
0.0,0.0,0.0,1000.0,1.0,18404,38.706960774623354,0.0,0
5.079,0.0,970.0,191.0,0.2,18404,38.706960774623354,5.079,1
4.049,0.0,1158.0,286.0,0.2,18404,38.706960774623354,4.049,1
20.494,2.27,1742.0,85.0,0.2,18404,38.706960774623354,22.765,1
2.481,1.244,387.0,156.0,0.2,18404,38.706960774623354,11.167,1
0.0,0.0,0.0,199.0,1.0,18404,38.706960774623354,1.945,1
0.0,0.0,0.0,61.0,1.0,18404,38.706960774623354,0.0,0
0.0,0.0,0.0,1000.0,1.0,18404,38.706960774623354,0.0,0
5.079,0.0,970.0,191.0,0.2,18404,38.706960774623354,5.079,1
4.049,0.0,1158.0,286.0,0.2,18404,38.706960774623354,4.049,1
22.765,2.271,1935.0,85.0,0.2,18404,38.706960774623354,22.765,1
3.724,1.243,581.0,156.0,0.2,18404,38.706960774623354,12.404,1
0.0,0.0,0.0,199.0,1.0,18404,38.706960774623354,2.92,1
0.0,0.0,0.0,61.0,1.0,18404,38.706960774623354,0.0,0
0.0,0.0,0.0,1000.0,1.0,18404,38.706960774623354,0.0,0
5.079,0.0,970.0,191.0,0.2,18404,38.706960774623354,5.079,1
4.049,0.0,1158.0,286.0,0.2,18404,38.706960774623354,4.049,1
22.765,0.0,1935.0,85.0,0.2,18404,38.706960774623354,22.765,1
6.205,2.481,968.0,156.0,0.2,18404,38.706960774623354,13.09,1
0.0,0.0,0.0,199.0,1.0,18404,38.706960774623354,4.327,1
0.0,0.0,0.0,61.0,1.0,18404,38.706960774623354,0.0,0
0.0,0.0,0.0,1000.0,1.0,18404,38.706960774623354,0.0,0
5.079,0.0,970.0,191.0,0.2,18404,38.706960774623354,5.079,1
4.049,0.0,1158.0,286.0,0.2,18404,38.706960774623354,4.049,1
22.765,0.0,1935.0,85.0,0.2,18404,38.706960774623354,22.765,1
7.449,1.244,1162.0,156.0,0.2,18404,38.706960774623354,13.776,1
0.97,0.97,193.0,199.0,0.2,18404,38.706960774623354,4.764,1
0.0,0.0,0.0,61.0,1.0,18404,38.706960774623354,3.164,1
0.0,0.0,0.0,1000.0,1.0,18404,38.706960774623354,0.0,0
5.079,0.0,970.0,191.0,0.2,18404,38.706960774623354,5.079,1
4.049,0.0,1158.0,286.0,0.2,18404,38.706960774623354,4.049,1
22.765,0.0,1935.0,85.0,0.2,18404,38.706960774623354,22.765,1
9.929,2.48,1549.0,156.0,0.2,18404,38.706960774623354,14.462,1
0.97,0.0,193.0,199.0,0.2,18404,38.706960774623354,6.171,1
0.0,0.0,0.0,61.0,1.0,18404,38.706960774623354,3.164,1
0.0,0.0,0.0,1000.0,1.0,18404,38.706960774623354,0.0,0
5.079,0.0,970.0,191.0,0.2,18404,38.706960774623354,5.079,1
4.049,0.0,1158.0,286.0,0.2,18404,38.706960774623354,4.049,1
22.765,0.0,1935.0,85.0,0.2,18404,38.706960774623354,22.765,1
11.167,1.238,1742.0,156.0,0.2,18404,38.706960774623354,14.462,1
1.945,0.975,387.0,199.0,0.2,18404,38.706960774623354,6.171,1
0.0,0.0,0.0,61.0,1.0,18404,38.706960774623354,3.164,1
0.0,0.0,0.0,1000.0,1.0,18404,38.706960774623354,0.0,0
5.079,0.0,970.0,191.0,0.2,18404,38.706960774623354,5.079,1
4.049,0.0,1158.0,286.0,0.2,18404,38.706960774623354,4.049,1
22.765,0.0,1935.0,85.0,0.2,18404,38.706960774623354,22.765,1
12.404,1.237,1935.0,156.0,0.2,18404,38.706960774623354,14.462,1
2.92,0.975,581.0,199.0,0.2,18404,38.706960774623354,6.171,1
0.0,0.0,0.0,61.0,1.0,18404,38.706960774623354,3.164,1
0.0,0.0,0.0,1000.0,1.0,18404,38.706960774623354,0.0,0
5.079,0.0,970.0,191.0,0.2,18404,38.706960774623354,5.079,1
4.049,0.0,1158.0,286.0,0.2,18404,38.706960774623354,4.049,1
22.765,0.0,1935.0,85.0,0.2,18404,38.706960774623354,22.765,1
13.09,0.686,2042.0,156.0,0.2,18404,38.706960774623354,14.462,1
4.327,1.407,861.0,199.0,0.2,18404,38.706960774623354,6.171,1
0.0,0.0,0.0,61.0,1.0,18404,38.706960774623354,3.164,1
0.0,0.0,0.0,1000.0,1.0,18404,38.706960774623354,0.0,0
5.079,0.0,970.0,191.0,0.2,18404,38.706960774623354,5.079,1
4.049,0.0,1158.0,286.0,0.2,18404,38.706960774623354,4.049,1
22.765,0.0,1935.0,85.0,0.2,18404,38.706960774623354,22.765,1
13.776,0.686,2149.0,156.0,0.2,18404,38.706960774623354,14.462,1
4.764,0.437,948.0,199.0,0.2,18404,38.706960774623354,6.171,1
3.164,3.164,193.0,61.0,0.2,18404,38.706960774623354,3.164,1
0.0,0.0,0.0,1000.0,1.0,18404,38.706960774623354,0.0,0
5.079,0.0,970.0,191.0,0.2,18404,38.706960774623354,5.079,1
4.049,0.0,1158.0,286.0,0.2,18404,38.706960774623354,4.049,1
22.765,0.0,1935.0,85.0,0.2,18404,38.706960774623354,22.765,1
14.462,0.686,2256.0,156.0,0.2,18404,38.706960774623354,14.462,1
6.171,1.407,1228.0,199.0,0.2,18404,38.706960774623354,6.171,1
3.164,0.0,193.0,61.0,0.2,18404,38.706960774623354,3.164,1
0.0,0.0,0.0,1000.0,1.0,18404,38.706960774623354,0.0,0
1.102,0.0,495.0,449.0,0.2,7466,99.03745270184108,5.512,1
1.146,0.0,495.0,432.0,0.2,7466,99.03745270184108,6.875,1
0.0,0.0,0.0,202.0,1.0,7466,99.03745270184108,2.45,1
0.0,0.0,0.0,78.0,1.0,7466,99.03745270184108,0.0,0
0.0,0.0,0.0,70.0,1.0,7466,99.03745270184108,0.0,0
0.0,0.0,0.0,55.0,1.0,7466,99.03745270184108,0.0,0
0.0,0.0,0.0,1000.0,1.0,7466,99.03745270184108,0.0,0
2.205,1.103,990.0,449.0,0.2,7466,99.03745270184108,5.512,1
2.292,1.146,990.0,432.0,0.2,7466,99.03745270184108,6.875,1
0.0,0.0,0.0,202.0,1.0,7466,99.03745270184108,7.351,1
0.0,0.0,0.0,78.0,1.0,7466,99.03745270184108,0.0,0
0.0,0.0,0.0,70.0,1.0,7466,99.03745270184108,0.0,0
0.0,0.0,0.0,55.0,1.0,7466,99.03745270184108,0.0,0
0.0,0.0,0.0,1000.0,1.0,7466,99.03745270184108,0.0,0
3.307,1.102,1485.0,449.0,0.2,7466,99.03745270184108,5.007,1
3.438,1.146,1485.0,432.0,0.2,7466,99.03745270184108,6.35,1
0.0,0.0,0.0,202.0,1.0,7466,99.03745270184108,12.252,1
0.0,0.0,0.0,78.0,1.0,7466,99.03745270184108,0.0,0
0.0,0.0,0.0,70.0,1.0,7466,99.03745270184108,0.0,0
0.0,0.0,0.0,55.0,1.0,7466,99.03745270184108,0.0,0
0.0,0.0,0.0,1000.0,1.0,7466,99.03745270184108,0.0,0
4.41,1.103,1980.0,449.0,0.2,7466,99.03745270184108,3.904,1
4.583,1.145,1980.0,432.0,0.2,7466,99.03745270184108,5.204,1
0.0,0.0,0.0,202.0,1.0,7466,99.03745270184108,17.153,1
0.0,0.0,0.0,78.0,1.0,7466,99.03745270184108,0.0,0
0.0,0.0,0.0,70.0,1.0,7466,99.03745270184108,0.0,0
0.0,0.0,0.0,55.0,1.0,7466,99.03745270184108,0.0,0
0.0,0.0,0.0,1000.0,1.0,7466,99.03745270184108,0.0,0
5.512,1.102,2475.0,449.0,0.2,7466,99.03745270184108,2.802,1
5.729,1.146,2475.0,432.0,0.2,7466,99.03745270184108,4.058,1
0.0,0.0,0.0,202.0,1.0,7466,99.03745270184108,22.054,1
0.0,0.0,0.0,78.0,1.0,7466,99.03745270184108,0.0,0
0.0,0.0,0.0,70.0,1.0,7466,99.03745270184108,0.0,0
0.0,0.0,0.0,55.0,1.0,7466,99.03745270184108,0.0,0
0.0,0.0,0.0,1000.0,1.0,7466,99.03745270184108,0.0,0
5.512,0.0,2475.0,449.0,0.2,7466,99.03745270184108,1.699,1
6.875,1.146,2970.0,432.0,0.2,7466,99.03745270184108,2.912,1
2.45,2.45,495.0,202.0,0.2,7466,99.03745270184108,24.579,1
0.0,0.0,0.0,78.0,1.0,7466,99.03745270184108,6.154,1
0.0,0.0,0.0,70.0,1.0,7466,99.03745270184108,0.0,0
0.0,0.0,0.0,55.0,1.0,7466,99.03745270184108,0.0,0
0.0,0.0,0.0,1000.0,1.0,7466,99.03745270184108,0.0,0
5.512,0.0,2475.0,449.0,0.2,7466,99.03745270184108,0.597,0
6.875,0.0,2970.0,432.0,0.2,7466,99.03745270184108,1.766,1
7.351,4.901,1485.0,202.0,0.2,7466,99.03745270184108,27.104,1
0.0,0.0,0.0,78.0,1.0,7466,99.03745270184108,12.308,1
0.0,0.0,0.0,70.0,1.0,7466,99.03745270184108,0.0,0
0.0,0.0,0.0,55.0,1.0,7466,99.03745270184108,0.0,0
0.0,0.0,0.0,1000.0,1.0,7466,99.03745270184108,0.0,0
5.007,-0.505,2248.0,449.0,0.2,7466,99.03745270184108,0.0,0
6.35,-0.525,2743.0,432.0,0.2,7466,99.03745270184108,0.62,0
12.252,4.901,2475.0,202.0,0.2,7466,99.03745270184108,28.505,1
0.0,0.0,0.0,78.0,1.0,7466,99.03745270184108,18.462,1
0.0,0.0,0.0,70.0,1.0,7466,99.03745270184108,0.0,0
0.0,0.0,0.0,55.0,1.0,7466,99.03745270184108,0.0,0
0.0,0.0,0.0,1000.0,1.0,7466,99.03745270184108,0.0,0
3.904,-1.103,1753.0,449.0,0.2,7466,99.03745270184108,0.0,0
5.204,-1.146,2248.0,432.0,0.2,7466,99.03745270184108,0.0,0
17.153,4.901,3465.0,202.0,0.2,7466,99.03745270184108,27.455,1
0.0,0.0,0.0,78.0,1.0,7466,99.03745270184108,24.615,1
0.0,0.0,0.0,70.0,1.0,7466,99.03745270184108,0.0,0
0.0,0.0,0.0,55.0,1.0,7466,99.03745270184108,0.0,0
0.0,0.0,0.0,1000.0,1.0,7466,99.03745270184108,0.0,0
2.802,-1.102,1258.0,449.0,0.2,7466,99.03745270184108,0.0,0
4.058,-1.146,1753.0,432.0,0.2,7466,99.03745270184108,0.0,0
22.054,4.901,4455.0,202.0,0.2,7466,99.03745270184108,25.079,1
0.0,0.0,0.0,78.0,1.0,7466,99.03745270184108,30.769,1
0.0,0.0,0.0,70.0,1.0,7466,99.03745270184108,0.0,0
0.0,0.0,0.0,55.0,1.0,7466,99.03745270184108,0.0,0
0.0,0.0,0.0,1000.0,1.0,7466,99.03745270184108,0.0,0
1.699,-1.103,763.0,449.0,0.2,7466,99.03745270184108,0.0,0
2.912,-1.146,1258.0,432.0,0.2,7466,99.03745270184108,0.0,0
24.579,2.525,4965.0,202.0,0.2,7466,99.03745270184108,22.703,1
6.154,6.154,480.0,78.0,0.2,7466,99.03745270184108,33.462,1
0.0,0.0,0.0,70.0,1.0,7466,99.03745270184108,3.857,1
0.0,0.0,0.0,55.0,1.0,7466,99.03745270184108,0.0,0
0.0,0.0,0.0,1000.0,1.0,7466,99.03745270184108,0.0,0
0.597,-1.102,268.0,449.0,0.8,7466,99.03745270184108,0.0,0
1.766,-1.146,763.0,432.0,0.2,7466,99.03745270184108,0.0,0
27.104,2.525,5475.0,202.0,0.2,7466,99.03745270184108,20.327,1
12.308,6.154,960.0,78.0,0.2,7466,99.03745270184108,36.154,1
0.0,0.0,0.0,70.0,1.0,7466,99.03745270184108,7.714,1
0.0,0.0,0.0,55.0,1.0,7466,99.03745270184108,0.0,0
0.0,0.0,0.0,1000.0,1.0,7466,99.03745270184108,0.0,0
0.0,-0.597,0.0,449.0,1.0,7466,99.03745270184108,0.0,0
0.62,-1.146,268.0,432.0,0.8,7466,99.03745270184108,0.0,0
28.505,1.401,5758.0,202.0,0.2,7466,99.03745270184108,17.95,1
18.462,6.154,1440.0,78.0,0.2,7466,99.03745270184108,38.846,1
0.0,0.0,0.0,70.0,1.0,7466,99.03745270184108,11.571,1
0.0,0.0,0.0,55.0,1.0,7466,99.03745270184108,0.0,0
0.0,0.0,0.0,1000.0,1.0,7466,99.03745270184108,0.0,0
0.0,0.0,0.0,449.0,1.0,7466,99.03745270184108,0.0,0
0.0,-0.62,0.0,432.0,1.0,7466,99.03745270184108,0.0,0
27.455,-1.05,5546.0,202.0,0.2,7466,99.03745270184108,15.574,1
24.615,6.153,1920.0,78.0,0.2,7466,99.03745270184108,41.538,1
0.0,0.0,0.0,70.0,1.0,7466,99.03745270184108,15.429,1
0.0,0.0,0.0,55.0,1.0,7466,99.03745270184108,0.0,0
0.0,0.0,0.0,1000.0,1.0,7466,99.03745270184108,0.0,0
0.0,0.0,0.0,449.0,1.0,7466,99.03745270184108,0.0,0
0.0,0.0,0.0,432.0,1.0,7466,99.03745270184108,0.0,0
25.079,-2.376,5066.0,202.0,0.2,7466,99.03745270184108,13.198,1
30.769,6.154,2400.0,78.0,0.2,7466,99.03745270184108,44.231,1
0.0,0.0,0.0,70.0,1.0,7466,99.03745270184108,19.286,1
0.0,0.0,0.0,55.0,1.0,7466,99.03745270184108,0.0,0
0.0,0.0,0.0,1000.0,1.0,7466,99.03745270184108,0.0,0
0.0,0.0,0.0,449.0,1.0,7466,99.03745270184108,0.0,0
0.0,0.0,0.0,432.0,1.0,7466,99.03745270184108,0.0,0
22.703,-2.376,4586.0,202.0,0.2,7466,99.03745270184108,13.198,1
33.462,2.693,2610.0,78.0,0.2,7466,99.03745270184108,44.231,1
3.857,3.857,270.0,70.0,0.2,7466,99.03745270184108,19.286,1
0.0,0.0,0.0,55.0,1.0,7466,99.03745270184108,0.0,0
0.0,0.0,0.0,1000.0,1.0,7466,99.03745270184108,0.0,0
0.0,0.0,0.0,449.0,1.0,7466,99.03745270184108,0.0,0
0.0,0.0,0.0,432.0,1.0,7466,99.03745270184108,0.0,0
20.327,-2.376,4106.0,202.0,0.2,7466,99.03745270184108,13.198,1
36.154,2.692,2820.0,78.0,0.2,7466,99.03745270184108,44.231,1
7.714,3.857,540.0,70.0,0.2,7466,99.03745270184108,19.286,1
0.0,0.0,0.0,55.0,1.0,7466,99.03745270184108,0.0,0
0.0,0.0,0.0,1000.0,1.0,7466,99.03745270184108,0.0,0
0.0,0.0,0.0,449.0,1.0,7466,99.03745270184108,0.0,0
0.0,0.0,0.0,432.0,1.0,7466,99.03745270184108,0.0,0
17.95,-2.377,3626.0,202.0,0.2,7466,99.03745270184108,13.198,1
38.846,2.692,3030.0,78.0,0.2,7466,99.03745270184108,44.231,1
11.571,3.857,810.0,70.0,0.2,7466,99.03745270184108,19.286,1
0.0,0.0,0.0,55.0,1.0,7466,99.03745270184108,0.0,0
0.0,0.0,0.0,1000.0,1.0,7466,99.03745270184108,0.0,0
0.0,0.0,0.0,449.0,1.0,7466,99.03745270184108,0.0,0
0.0,0.0,0.0,432.0,1.0,7466,99.03745270184108,0.0,0
15.574,-2.376,3146.0,202.0,0.2,7466,99.03745270184108,13.198,1
41.538,2.692,3240.0,78.0,0.2,7466,99.03745270184108,44.231,1
15.429,3.858,1080.0,70.0,0.2,7466,99.03745270184108,19.286,1
0.0,0.0,0.0,55.0,1.0,7466,99.03745270184108,0.0,0
0.0,0.0,0.0,1000.0,1.0,7466,99.03745270184108,0.0,0
0.0,0.0,0.0,449.0,1.0,7466,99.03745270184108,0.0,0
0.0,0.0,0.0,432.0,1.0,7466,99.03745270184108,0.0,0
13.198,-2.376,2666.0,202.0,0.2,7466,99.03745270184108,13.198,1
44.231,2.693,3450.0,78.0,0.2,7466,99.03745270184108,44.231,1
19.286,3.857,1350.0,70.0,0.2,7466,99.03745270184108,19.286,1
0.0,0.0,0.0,55.0,1.0,7466,99.03745270184108,0.0,0
0.0,0.0,0.0,1000.0,1.0,7466,99.03745270184108,0.0,0
1.757,0.0,404.0,230.0,0.2,7884,80.80013293064133,9.017,1
1.971,0.0,404.0,205.0,0.2,7884,80.80013293064133,11.824,1
0.0,0.0,0.0,292.0,1.0,7884,80.80013293064133,1.199,1
0.0,0.0,0.0,178.0,1.0,7884,80.80013293064133,0.0,0
0.0,0.0,0.0,123.0,1.0,7884,80.80013293064133,0.0,0
0.0,0.0,0.0,286.0,1.0,7884,80.80013293064133,0.0,0
0.0,0.0,0.0,1000.0,1.0,7884,80.80013293064133,0.0,0
3.513,1.756,808.0,230.0,0.2,7884,80.80013293064133,9.252,1
3.941,1.97,808.0,205.0,0.2,7884,80.80013293064133,11.824,1
0.0,0.0,0.0,292.0,1.0,7884,80.80013293064133,3.781,1
0.0,0.0,0.0,178.0,1.0,7884,80.80013293064133,0.0,0
0.0,0.0,0.0,123.0,1.0,7884,80.80013293064133,0.0,0
0.0,0.0,0.0,286.0,1.0,7884,80.80013293064133,0.0,0
0.0,0.0,0.0,1000.0,1.0,7884,80.80013293064133,0.0,0
5.27,1.757,1212.0,230.0,0.2,7884,80.80013293064133,9.487,1
5.912,1.971,1212.0,205.0,0.2,7884,80.80013293064133,11.824,1
0.0,0.0,0.0,292.0,1.0,7884,80.80013293064133,6.363,1
0.0,0.0,0.0,178.0,1.0,7884,80.80013293064133,0.0,0
0.0,0.0,0.0,123.0,1.0,7884,80.80013293064133,0.0,0
0.0,0.0,0.0,286.0,1.0,7884,80.80013293064133,0.0,0
0.0,0.0,0.0,1000.0,1.0,7884,80.80013293064133,0.0,0
7.026,1.756,1616.0,230.0,0.2,7884,80.80013293064133,9.722,1
7.883,1.971,1616.0,205.0,0.2,7884,80.80013293064133,11.824,1
0.0,0.0,0.0,292.0,1.0,7884,80.80013293064133,8.945,1
0.0,0.0,0.0,178.0,1.0,7884,80.80013293064133,0.0,0
0.0,0.0,0.0,123.0,1.0,7884,80.80013293064133,0.0,0
0.0,0.0,0.0,286.0,1.0,7884,80.80013293064133,0.0,0
0.0,0.0,0.0,1000.0,1.0,7884,80.80013293064133,0.0,0
8.783,1.757,2020.0,230.0,0.2,7884,80.80013293064133,9.53,1
9.854,1.971,2020.0,205.0,0.2,7884,80.80013293064133,11.346,1
0.0,0.0,0.0,292.0,1.0,7884,80.80013293064133,11.527,1
0.0,0.0,0.0,178.0,1.0,7884,80.80013293064133,0.0,0
0.0,0.0,0.0,123.0,1.0,7884,80.80013293064133,0.0,0
0.0,0.0,0.0,286.0,1.0,7884,80.80013293064133,0.0,0
0.0,0.0,0.0,1000.0,1.0,7884,80.80013293064133,0.0,0
9.017,0.234,2074.0,230.0,0.2,7884,80.80013293064133,8.009,1
11.824,1.97,2424.0,205.0,0.2,7884,80.80013293064133,9.376,1
1.199,1.199,350.0,292.0,0.2,7884,80.80013293064133,12.911,1
0.0,0.0,0.0,178.0,1.0,7884,80.80013293064133,1.966,1
0.0,0.0,0.0,123.0,1.0,7884,80.80013293064133,0.0,0
0.0,0.0,0.0,286.0,1.0,7884,80.80013293064133,0.0,0
0.0,0.0,0.0,1000.0,1.0,7884,80.80013293064133,0.0,0
9.252,0.235,2128.0,230.0,0.2,7884,80.80013293064133,6.487,1
11.824,0.0,2424.0,205.0,0.2,7884,80.80013293064133,7.405,1
3.781,2.582,1104.0,292.0,0.2,7884,80.80013293064133,13.61,1
0.0,0.0,0.0,178.0,1.0,7884,80.80013293064133,5.056,1
0.0,0.0,0.0,123.0,1.0,7884,80.80013293064133,0.0,0
0.0,0.0,0.0,286.0,1.0,7884,80.80013293064133,0.0,0
0.0,0.0,0.0,1000.0,1.0,7884,80.80013293064133,0.0,0
9.487,0.235,2182.0,230.0,0.2,7884,80.80013293064133,4.965,1
11.824,0.0,2424.0,205.0,0.2,7884,80.80013293064133,5.434,1
6.363,2.582,1858.0,292.0,0.2,7884,80.80013293064133,14.308,1
0.0,0.0,0.0,178.0,1.0,7884,80.80013293064133,8.146,1
0.0,0.0,0.0,123.0,1.0,7884,80.80013293064133,0.0,0
0.0,0.0,0.0,286.0,1.0,7884,80.80013293064133,0.0,0
0.0,0.0,0.0,1000.0,1.0,7884,80.80013293064133,0.0,0
9.722,0.235,2236.0,230.0,0.2,7884,80.80013293064133,3.443,1
11.824,0.0,2424.0,205.0,0.2,7884,80.80013293064133,3.463,1
8.945,2.582,2612.0,292.0,0.2,7884,80.80013293064133,15.007,1
0.0,0.0,0.0,178.0,1.0,7884,80.80013293064133,11.236,1
0.0,0.0,0.0,123.0,1.0,7884,80.80013293064133,0.0,0
0.0,0.0,0.0,286.0,1.0,7884,80.80013293064133,0.0,0
0.0,0.0,0.0,1000.0,1.0,7884,80.80013293064133,0.0,0
9.53,-0.192,2192.0,230.0,0.2,7884,80.80013293064133,1.922,1
11.346,-0.478,2326.0,205.0,0.2,7884,80.80013293064133,1.493,1
11.527,2.582,3366.0,292.0,0.2,7884,80.80013293064133,15.705,1
0.0,0.0,0.0,178.0,1.0,7884,80.80013293064133,14.326,1
0.0,0.0,0.0,123.0,1.0,7884,80.80013293064133,0.0,0
0.0,0.0,0.0,286.0,1.0,7884,80.80013293064133,0.0,0
0.0,0.0,0.0,1000.0,1.0,7884,80.80013293064133,0.0,0
8.009,-1.521,1842.0,230.0,0.2,7884,80.80013293064133,1.452,1
9.376,-1.97,1922.0,205.0,0.2,7884,80.80013293064133,0.0,0
12.911,1.384,3770.0,292.0,0.2,7884,80.80013293064133,15.24,1
1.966,1.966,350.0,178.0,0.2,7884,80.80013293064133,15.449,1
0.0,0.0,0.0,123.0,1.0,7884,80.80013293064133,2.846,1
0.0,0.0,0.0,286.0,1.0,7884,80.80013293064133,0.0,0
0.0,0.0,0.0,1000.0,1.0,7884,80.80013293064133,0.0,0
6.487,-1.522,1492.0,230.0,0.2,7884,80.80013293064133,0.983,1
7.405,-1.971,1518.0,205.0,0.2,7884,80.80013293064133,0.0,0
13.61,0.699,3974.0,292.0,0.2,7884,80.80013293064133,13.726,1
5.056,3.09,900.0,178.0,0.2,7884,80.80013293064133,15.449,1
0.0,0.0,0.0,123.0,1.0,7884,80.80013293064133,7.317,1
0.0,0.0,0.0,286.0,1.0,7884,80.80013293064133,0.0,0
0.0,0.0,0.0,1000.0,1.0,7884,80.80013293064133,0.0,0
4.965,-1.522,1142.0,230.0,0.2,7884,80.80013293064133,0.513,0
5.434,-1.971,1114.0,205.0,0.2,7884,80.80013293064133,0.0,0
14.308,0.698,4178.0,292.0,0.2,7884,80.80013293064133,12.212,1
8.146,3.09,1450.0,178.0,0.2,7884,80.80013293064133,15.449,1
0.0,0.0,0.0,123.0,1.0,7884,80.80013293064133,11.789,1
0.0,0.0,0.0,286.0,1.0,7884,80.80013293064133,0.0,0
0.0,0.0,0.0,1000.0,1.0,7884,80.80013293064133,0.0,0
3.443,-1.522,792.0,230.0,0.2,7884,80.80013293064133,0.0,0
3.463,-1.971,710.0,205.0,0.2,7884,80.80013293064133,0.0,0
15.007,0.699,4382.0,292.0,0.2,7884,80.80013293064133,10.733,1
11.236,3.09,2000.0,178.0,0.2,7884,80.80013293064133,15.449,1
0.0,0.0,0.0,123.0,1.0,7884,80.80013293064133,16.26,1
0.0,0.0,0.0,286.0,1.0,7884,80.80013293064133,0.0,0
0.0,0.0,0.0,1000.0,1.0,7884,80.80013293064133,0.0,0
1.922,-1.521,442.0,230.0,0.2,7884,80.80013293064133,0.0,0
1.493,-1.97,306.0,205.0,0.2,7884,80.80013293064133,0.0,0
15.705,0.698,4586.0,292.0,0.2,7884,80.80013293064133,8.849,1
14.326,3.09,2550.0,178.0,0.2,7884,80.80013293064133,15.449,1
0.0,0.0,0.0,123.0,1.0,7884,80.80013293064133,20.732,1
0.0,0.0,0.0,286.0,1.0,7884,80.80013293064133,0.0,0
0.0,0.0,0.0,1000.0,1.0,7884,80.80013293064133,0.0,0
1.452,-0.47,334.0,230.0,0.2,7884,80.80013293064133,0.0,0
0.0,-1.493,0.0,205.0,1.0,7884,80.80013293064133,0.0,0
15.24,-0.465,4450.0,292.0,0.2,7884,80.80013293064133,8.849,1
15.449,1.123,2750.0,178.0,0.2,7884,80.80013293064133,15.449,1
2.846,2.846,350.0,123.0,0.2,7884,80.80013293064133,20.732,1
0.0,0.0,0.0,286.0,1.0,7884,80.80013293064133,0.0,0
0.0,0.0,0.0,1000.0,1.0,7884,80.80013293064133,0.0,0
0.983,-0.469,226.0,230.0,0.2,7884,80.80013293064133,0.0,0
0.0,0.0,0.0,205.0,1.0,7884,80.80013293064133,0.0,0
13.726,-1.514,4008.0,292.0,0.2,7884,80.80013293064133,8.849,1
15.449,0.0,2750.0,178.0,0.2,7884,80.80013293064133,15.449,1
7.317,4.471,900.0,123.0,0.2,7884,80.80013293064133,20.732,1
0.0,0.0,0.0,286.0,1.0,7884,80.80013293064133,0.0,0
0.0,0.0,0.0,1000.0,1.0,7884,80.80013293064133,0.0,0
0.513,-0.47,118.0,230.0,0.8,7884,80.80013293064133,0.0,0
0.0,0.0,0.0,205.0,1.0,7884,80.80013293064133,0.0,0
12.212,-1.514,3566.0,292.0,0.2,7884,80.80013293064133,8.849,1
15.449,0.0,2750.0,178.0,0.2,7884,80.80013293064133,15.449,1
11.789,4.472,1450.0,123.0,0.2,7884,80.80013293064133,20.732,1
0.0,0.0,0.0,286.0,1.0,7884,80.80013293064133,0.0,0
0.0,0.0,0.0,1000.0,1.0,7884,80.80013293064133,0.0,0
0.0,-0.513,0.0,230.0,1.0,7884,80.80013293064133,0.0,0
0.0,0.0,0.0,205.0,1.0,7884,80.80013293064133,0.0,0
10.733,-1.479,3134.0,292.0,0.2,7884,80.80013293064133,8.849,1
15.449,0.0,2750.0,178.0,0.2,7884,80.80013293064133,15.449,1
16.26,4.471,2000.0,123.0,0.2,7884,80.80013293064133,20.732,1
0.0,0.0,0.0,286.0,1.0,7884,80.80013293064133,0.0,0
0.0,0.0,0.0,1000.0,1.0,7884,80.80013293064133,0.0,0
0.0,0.0,0.0,230.0,1.0,7884,80.80013293064133,0.0,0
0.0,0.0,0.0,205.0,1.0,7884,80.80013293064133,0.0,0
8.849,-1.884,2584.0,292.0,0.2,7884,80.80013293064133,8.849,1
15.449,0.0,2750.0,178.0,0.2,7884,80.80013293064133,15.449,1
20.732,4.472,2550.0,123.0,0.2,7884,80.80013293064133,20.732,1
0.0,0.0,0.0,286.0,1.0,7884,80.80013293064133,0.0,0
0.0,0.0,0.0,1000.0,1.0,7884,80.80013293064133,0.0,0
2.688,0.0,301.0,112.0,0.2,8482,60.25062631782118,13.438,1
0.915,0.0,301.0,329.0,0.2,8482,60.25062631782118,5.489,1
0.0,0.0,0.0,150.0,1.0,8482,60.25062631782118,2.007,1
0.0,0.0,0.0,192.0,1.0,8482,60.25062631782118,0.0,0
0.0,0.0,0.0,235.0,1.0,8482,60.25062631782118,0.0,0
0.0,0.0,0.0,292.0,1.0,8482,60.25062631782118,0.0,0
0.0,0.0,0.0,1000.0,1.0,8482,60.25062631782118,0.0,0
5.375,2.687,602.0,112.0,0.2,8482,60.25062631782118,13.438,1
1.83,0.915,602.0,329.0,0.2,8482,60.25062631782118,5.489,1
0.0,0.0,0.0,150.0,1.0,8482,60.25062631782118,6.02,1
0.0,0.0,0.0,192.0,1.0,8482,60.25062631782118,0.0,0
0.0,0.0,0.0,235.0,1.0,8482,60.25062631782118,0.0,0
0.0,0.0,0.0,292.0,1.0,8482,60.25062631782118,0.0,0
0.0,0.0,0.0,1000.0,1.0,8482,60.25062631782118,0.0,0
8.062,2.687,903.0,112.0,0.2,8482,60.25062631782118,13.438,1
2.745,0.915,903.0,329.0,0.2,8482,60.25062631782118,5.489,1
0.0,0.0,0.0,150.0,1.0,8482,60.25062631782118,10.033,1
0.0,0.0,0.0,192.0,1.0,8482,60.25062631782118,0.0,0
0.0,0.0,0.0,235.0,1.0,8482,60.25062631782118,0.0,0
0.0,0.0,0.0,292.0,1.0,8482,60.25062631782118,0.0,0
0.0,0.0,0.0,1000.0,1.0,8482,60.25062631782118,0.0,0
10.75,2.688,1204.0,112.0,0.2,8482,60.25062631782118,13.438,1
3.66,0.915,1204.0,329.0,0.2,8482,60.25062631782118,5.489,1
0.0,0.0,0.0,150.0,1.0,8482,60.25062631782118,14.047,1
0.0,0.0,0.0,192.0,1.0,8482,60.25062631782118,0.0,0
0.0,0.0,0.0,235.0,1.0,8482,60.25062631782118,0.0,0
0.0,0.0,0.0,292.0,1.0,8482,60.25062631782118,0.0,0
0.0,0.0,0.0,1000.0,1.0,8482,60.25062631782118,0.0,0
13.438,2.688,1505.0,112.0,0.2,8482,60.25062631782118,13.438,1
4.574,0.914,1505.0,329.0,0.2,8482,60.25062631782118,5.489,1
0.0,0.0,0.0,150.0,1.0,8482,60.25062631782118,18.06,1
0.0,0.0,0.0,192.0,1.0,8482,60.25062631782118,0.0,0
0.0,0.0,0.0,235.0,1.0,8482,60.25062631782118,0.0,0
0.0,0.0,0.0,292.0,1.0,8482,60.25062631782118,0.0,0
0.0,0.0,0.0,1000.0,1.0,8482,60.25062631782118,0.0,0
13.438,0.0,1505.0,112.0,0.2,8482,60.25062631782118,13.438,1
5.489,0.915,1806.0,329.0,0.2,8482,60.25062631782118,5.489,1
2.007,2.007,301.0,150.0,0.2,8482,60.25062631782118,20.067,1
0.0,0.0,0.0,192.0,1.0,8482,60.25062631782118,1.568,1
0.0,0.0,0.0,235.0,1.0,8482,60.25062631782118,0.0,0
0.0,0.0,0.0,292.0,1.0,8482,60.25062631782118,0.0,0
0.0,0.0,0.0,1000.0,1.0,8482,60.25062631782118,0.0,0
13.438,0.0,1505.0,112.0,0.2,8482,60.25062631782118,13.438,1
5.489,0.0,1806.0,329.0,0.2,8482,60.25062631782118,5.489,1
6.02,4.013,903.0,150.0,0.2,8482,60.25062631782118,20.547,1
0.0,0.0,0.0,192.0,1.0,8482,60.25062631782118,4.328,1
0.0,0.0,0.0,235.0,1.0,8482,60.25062631782118,0.0,0
0.0,0.0,0.0,292.0,1.0,8482,60.25062631782118,0.0,0
0.0,0.0,0.0,1000.0,1.0,8482,60.25062631782118,0.0,0
13.438,0.0,1505.0,112.0,0.2,8482,60.25062631782118,13.438,1
5.489,0.0,1806.0,329.0,0.2,8482,60.25062631782118,5.489,1
10.033,4.013,1505.0,150.0,0.2,8482,60.25062631782118,21.027,1
0.0,0.0,0.0,192.0,1.0,8482,60.25062631782118,7.089,1
0.0,0.0,0.0,235.0,1.0,8482,60.25062631782118,0.0,0
0.0,0.0,0.0,292.0,1.0,8482,60.25062631782118,0.0,0
0.0,0.0,0.0,1000.0,1.0,8482,60.25062631782118,0.0,0
13.438,0.0,1505.0,112.0,0.2,8482,60.25062631782118,13.438,1
5.489,0.0,1806.0,329.0,0.2,8482,60.25062631782118,5.489,1
14.047,4.014,2107.0,150.0,0.2,8482,60.25062631782118,21.507,1
0.0,0.0,0.0,192.0,1.0,8482,60.25062631782118,9.849,1
0.0,0.0,0.0,235.0,1.0,8482,60.25062631782118,0.0,0
0.0,0.0,0.0,292.0,1.0,8482,60.25062631782118,0.0,0
0.0,0.0,0.0,1000.0,1.0,8482,60.25062631782118,0.0,0
13.438,0.0,1505.0,112.0,0.2,8482,60.25062631782118,10.991,1
5.489,0.0,1806.0,329.0,0.2,8482,60.25062631782118,4.657,1
18.06,4.013,2709.0,150.0,0.2,8482,60.25062631782118,21.987,1
0.0,0.0,0.0,192.0,1.0,8482,60.25062631782118,12.609,1
0.0,0.0,0.0,235.0,1.0,8482,60.25062631782118,0.0,0
0.0,0.0,0.0,292.0,1.0,8482,60.25062631782118,0.0,0
0.0,0.0,0.0,1000.0,1.0,8482,60.25062631782118,0.0,0
13.438,0.0,1505.0,112.0,0.2,8482,60.25062631782118,8.304,1
5.489,0.0,1806.0,329.0,0.2,8482,60.25062631782118,3.742,1
20.067,2.007,3010.0,150.0,0.2,8482,60.25062631782118,22.467,1
1.568,1.568,301.0,192.0,0.2,8482,60.25062631782118,13.802,1
0.0,0.0,0.0,235.0,1.0,8482,60.25062631782118,1.281,1
0.0,0.0,0.0,292.0,1.0,8482,60.25062631782118,0.0,0
0.0,0.0,0.0,1000.0,1.0,8482,60.25062631782118,0.0,0
13.438,0.0,1505.0,112.0,0.2,8482,60.25062631782118,5.616,1
5.489,0.0,1806.0,329.0,0.2,8482,60.25062631782118,2.827,1
20.547,0.48,3082.0,150.0,0.2,8482,60.25062631782118,22.947,1
4.328,2.76,831.0,192.0,0.2,8482,60.25062631782118,14.271,1
0.0,0.0,0.0,235.0,1.0,8482,60.25062631782118,3.153,1
0.0,0.0,0.0,292.0,1.0,8482,60.25062631782118,0.0,0
0.0,0.0,0.0,1000.0,1.0,8482,60.25062631782118,0.0,0
13.438,0.0,1505.0,112.0,0.2,8482,60.25062631782118,2.929,1
5.489,0.0,1806.0,329.0,0.2,8482,60.25062631782118,1.912,1
21.027,0.48,3154.0,150.0,0.2,8482,60.25062631782118,23.427,1
7.089,2.761,1361.0,192.0,0.2,8482,60.25062631782118,14.74,1
0.0,0.0,0.0,235.0,1.0,8482,60.25062631782118,5.026,1
0.0,0.0,0.0,292.0,1.0,8482,60.25062631782118,0.0,0
0.0,0.0,0.0,1000.0,1.0,8482,60.25062631782118,0.0,0
13.438,0.0,1505.0,112.0,0.2,8482,60.25062631782118,0.241,0
5.489,0.0,1806.0,329.0,0.2,8482,60.25062631782118,0.997,1
21.507,0.48,3226.0,150.0,0.2,8482,60.25062631782118,23.907,1
9.849,2.76,1891.0,192.0,0.2,8482,60.25062631782118,15.208,1
0.0,0.0,0.0,235.0,1.0,8482,60.25062631782118,6.898,1
0.0,0.0,0.0,292.0,1.0,8482,60.25062631782118,0.0,0
0.0,0.0,0.0,1000.0,1.0,8482,60.25062631782118,0.0,0
10.991,-2.447,1231.0,112.0,0.2,8482,60.25062631782118,0.0,0
4.657,-0.832,1532.0,329.0,0.2,8482,60.25062631782118,0.082,0
21.987,0.48,3298.0,150.0,0.2,8482,60.25062631782118,22.56,1
12.609,2.76,2421.0,192.0,0.2,8482,60.25062631782118,15.677,1
0.0,0.0,0.0,235.0,1.0,8482,60.25062631782118,8.77,1
0.0,0.0,0.0,292.0,1.0,8482,60.25062631782118,0.0,0
0.0,0.0,0.0,1000.0,1.0,8482,60.25062631782118,0.0,0
8.304,-2.687,930.0,112.0,0.2,8482,60.25062631782118,0.0,0
3.742,-0.915,1231.0,329.0,0.2,8482,60.25062631782118,0.082,0
22.467,0.48,3370.0,150.0,0.2,8482,60.25062631782118,22.56,1
13.802,1.193,2650.0,192.0,0.2,8482,60.25062631782118,15.677,1
1.281,1.281,301.0,235.0,0.2,8482,60.25062631782118,8.77,1
0.0,0.0,0.0,292.0,1.0,8482,60.25062631782118,0.0,0
0.0,0.0,0.0,1000.0,1.0,8482,60.25062631782118,0.0,0
5.616,-2.688,629.0,112.0,0.2,8482,60.25062631782118,0.0,0
2.827,-0.915,930.0,329.0,0.2,8482,60.25062631782118,0.082,0
22.947,0.48,3442.0,150.0,0.2,8482,60.25062631782118,22.56,1
14.271,0.469,2740.0,192.0,0.2,8482,60.25062631782118,15.677,1
3.153,1.872,741.0,235.0,0.2,8482,60.25062631782118,8.77,1
0.0,0.0,0.0,292.0,1.0,8482,60.25062631782118,0.0,0
0.0,0.0,0.0,1000.0,1.0,8482,60.25062631782118,0.0,0
2.929,-2.687,328.0,112.0,0.2,8482,60.25062631782118,0.0,0
1.912,-0.915,629.0,329.0,0.2,8482,60.25062631782118,0.082,0
23.427,0.48,3514.0,150.0,0.2,8482,60.25062631782118,22.56,1
14.74,0.469,2830.0,192.0,0.2,8482,60.25062631782118,15.677,1
5.026,1.873,1181.0,235.0,0.2,8482,60.25062631782118,8.77,1
0.0,0.0,0.0,292.0,1.0,8482,60.25062631782118,0.0,0
0.0,0.0,0.0,1000.0,1.0,8482,60.25062631782118,0.0,0
0.241,-2.688,27.0,112.0,1.0,8482,60.25062631782118,0.0,0
0.997,-0.915,328.0,329.0,0.2,8482,60.25062631782118,0.082,0
23.907,0.48,3586.0,150.0,0.2,8482,60.25062631782118,22.56,1
15.208,0.468,2920.0,192.0,0.2,8482,60.25062631782118,15.677,1
6.898,1.872,1621.0,235.0,0.2,8482,60.25062631782118,8.77,1
0.0,0.0,0.0,292.0,1.0,8482,60.25062631782118,0.0,0
0.0,0.0,0.0,1000.0,1.0,8482,60.25062631782118,0.0,0
0.0,-0.241,0.0,112.0,1.0,8482,60.25062631782118,0.0,0
0.082,-0.915,27.0,329.0,1.0,8482,60.25062631782118,0.082,0
22.56,-1.347,3384.0,150.0,0.2,8482,60.25062631782118,22.56,1
15.677,0.469,3010.0,192.0,0.2,8482,60.25062631782118,15.677,1
8.77,1.872,2061.0,235.0,0.2,8482,60.25062631782118,8.77,1
0.0,0.0,0.0,292.0,1.0,8482,60.25062631782118,0.0,0
0.0,0.0,0.0,1000.0,1.0,8482,60.25062631782118,0.0,0
2.559,0.0,412.0,161.0,0.2,8510,82.47246742938614,12.795,1
1.241,0.0,412.0,332.0,0.2,8510,82.47246742938614,7.446,1
0.0,0.0,0.0,106.0,1.0,8510,82.47246742938614,3.887,1
0.0,0.0,0.0,255.0,1.0,8510,82.47246742938614,0.0,0
0.0,0.0,0.0,250.0,1.0,8510,82.47246742938614,0.0,0
0.0,0.0,0.0,292.0,1.0,8510,82.47246742938614,0.0,0
0.0,0.0,0.0,1000.0,1.0,8510,82.47246742938614,0.0,0
5.118,2.559,824.0,161.0,0.2,8510,82.47246742938614,12.795,1
2.482,1.241,824.0,332.0,0.2,8510,82.47246742938614,7.446,1
0.0,0.0,0.0,106.0,1.0,8510,82.47246742938614,11.66,1
0.0,0.0,0.0,255.0,1.0,8510,82.47246742938614,0.0,0
0.0,0.0,0.0,250.0,1.0,8510,82.47246742938614,0.0,0
0.0,0.0,0.0,292.0,1.0,8510,82.47246742938614,0.0,0
0.0,0.0,0.0,1000.0,1.0,8510,82.47246742938614,0.0,0
7.677,2.559,1236.0,161.0,0.2,8510,82.47246742938614,12.795,1
3.723,1.241,1236.0,332.0,0.2,8510,82.47246742938614,7.446,1
0.0,0.0,0.0,106.0,1.0,8510,82.47246742938614,19.434,1
0.0,0.0,0.0,255.0,1.0,8510,82.47246742938614,0.0,0
0.0,0.0,0.0,250.0,1.0,8510,82.47246742938614,0.0,0
0.0,0.0,0.0,292.0,1.0,8510,82.47246742938614,0.0,0
0.0,0.0,0.0,1000.0,1.0,8510,82.47246742938614,0.0,0
10.236,2.559,1648.0,161.0,0.2,8510,82.47246742938614,12.795,1
4.964,1.241,1648.0,332.0,0.2,8510,82.47246742938614,7.446,1
0.0,0.0,0.0,106.0,1.0,8510,82.47246742938614,27.208,1
0.0,0.0,0.0,255.0,1.0,8510,82.47246742938614,0.0,0
0.0,0.0,0.0,250.0,1.0,8510,82.47246742938614,0.0,0
0.0,0.0,0.0,292.0,1.0,8510,82.47246742938614,0.0,0
0.0,0.0,0.0,1000.0,1.0,8510,82.47246742938614,0.0,0
12.795,2.559,2060.0,161.0,0.2,8510,82.47246742938614,12.795,1
6.205,1.241,2060.0,332.0,0.2,8510,82.47246742938614,7.446,1
0.0,0.0,0.0,106.0,1.0,8510,82.47246742938614,34.981,1
0.0,0.0,0.0,255.0,1.0,8510,82.47246742938614,0.0,0
0.0,0.0,0.0,250.0,1.0,8510,82.47246742938614,0.0,0
0.0,0.0,0.0,292.0,1.0,8510,82.47246742938614,0.0,0
0.0,0.0,0.0,1000.0,1.0,8510,82.47246742938614,0.0,0
12.795,0.0,2060.0,161.0,0.2,8510,82.47246742938614,11.075,1
7.446,1.241,2472.0,332.0,0.2,8510,82.47246742938614,6.611,1
3.887,3.887,412.0,106.0,0.2,8510,82.47246742938614,40.868,1
0.0,0.0,0.0,255.0,1.0,8510,82.47246742938614,0.784,0
0.0,0.0,0.0,250.0,1.0,8510,82.47246742938614,0.0,0
0.0,0.0,0.0,292.0,1.0,8510,82.47246742938614,0.0,0
0.0,0.0,0.0,1000.0,1.0,8510,82.47246742938614,0.0,0
12.795,0.0,2060.0,161.0,0.2,8510,82.47246742938614,8.516,1
7.446,0.0,2472.0,332.0,0.2,8510,82.47246742938614,5.37,1
11.66,7.773,1236.0,106.0,0.2,8510,82.47246742938614,46.755,1
0.0,0.0,0.0,255.0,1.0,8510,82.47246742938614,1.569,1
0.0,0.0,0.0,250.0,1.0,8510,82.47246742938614,0.0,0
0.0,0.0,0.0,292.0,1.0,8510,82.47246742938614,0.0,0
0.0,0.0,0.0,1000.0,1.0,8510,82.47246742938614,0.0,0
12.795,0.0,2060.0,161.0,0.2,8510,82.47246742938614,5.957,1
7.446,0.0,2472.0,332.0,0.2,8510,82.47246742938614,4.13,1
19.434,7.774,2060.0,106.0,0.2,8510,82.47246742938614,52.642,1
0.0,0.0,0.0,255.0,1.0,8510,82.47246742938614,2.353,1
0.0,0.0,0.0,250.0,1.0,8510,82.47246742938614,0.0,0
0.0,0.0,0.0,292.0,1.0,8510,82.47246742938614,0.0,0
0.0,0.0,0.0,1000.0,1.0,8510,82.47246742938614,0.0,0
12.795,0.0,2060.0,161.0,0.2,8510,82.47246742938614,3.398,1
7.446,0.0,2472.0,332.0,0.2,8510,82.47246742938614,2.889,1
27.208,7.774,2884.0,106.0,0.2,8510,82.47246742938614,58.528,1
0.0,0.0,0.0,255.0,1.0,8510,82.47246742938614,2.353,1
0.0,0.0,0.0,250.0,1.0,8510,82.47246742938614,0.8,0
0.0,0.0,0.0,292.0,1.0,8510,82.47246742938614,0.0,0
0.0,0.0,0.0,1000.0,1.0,8510,82.47246742938614,0.0,0
12.795,0.0,2060.0,161.0,0.2,8510,82.47246742938614,0.839,0
7.446,0.0,2472.0,332.0,0.2,8510,82.47246742938614,1.648,1
34.981,7.773,3708.0,106.0,0.2,8510,82.47246742938614,64.415,1
0.0,0.0,0.0,255.0,1.0,8510,82.47246742938614,3.137,1
0.0,0.0,0.0,250.0,1.0,8510,82.47246742938614,0.8,0
0.0,0.0,0.0,292.0,1.0,8510,82.47246742938614,0.0,0
0.0,0.0,0.0,1000.0,1.0,8510,82.47246742938614,0.0,0
11.075,-1.72,1783.0,161.0,0.2,8510,82.47246742938614,0.0,0
6.611,-0.835,2195.0,332.0,0.2,8510,82.47246742938614,0.407,0
40.868,5.887,4332.0,106.0,0.2,8510,82.47246742938614,67.689,1
0.784,0.784,200.0,255.0,0.5,8510,82.47246742938614,3.922,1
0.0,0.0,0.0,250.0,1.0,8510,82.47246742938614,0.0,0
0.0,0.0,0.0,292.0,1.0,8510,82.47246742938614,0.685,0
0.0,0.0,0.0,1000.0,1.0,8510,82.47246742938614,0.0,0
8.516,-2.559,1371.0,161.0,0.2,8510,82.47246742938614,0.0,0
5.37,-1.241,1783.0,332.0,0.2,8510,82.47246742938614,0.0,0
46.755,5.887,4956.0,106.0,0.2,8510,82.47246742938614,67.075,1
1.569,0.785,400.0,255.0,0.2,8510,82.47246742938614,3.922,1
0.0,0.0,0.0,250.0,1.0,8510,82.47246742938614,0.8,0
0.0,0.0,0.0,292.0,1.0,8510,82.47246742938614,0.685,0
0.0,0.0,0.0,1000.0,1.0,8510,82.47246742938614,0.0,0
5.957,-2.559,959.0,161.0,0.2,8510,82.47246742938614,0.0,0
4.13,-1.24,1371.0,332.0,0.2,8510,82.47246742938614,0.0,0
52.642,5.887,5580.0,106.0,0.2,8510,82.47246742938614,65.189,1
2.353,0.784,600.0,255.0,0.2,8510,82.47246742938614,3.922,1
0.0,0.0,0.0,250.0,1.0,8510,82.47246742938614,1.6,1
0.0,0.0,0.0,292.0,1.0,8510,82.47246742938614,0.0,0
0.0,0.0,0.0,1000.0,1.0,8510,82.47246742938614,0.2,0
3.398,-2.559,547.0,161.0,0.2,8510,82.47246742938614,0.0,0
2.889,-1.241,959.0,332.0,0.2,8510,82.47246742938614,0.0,0
58.528,5.886,6204.0,106.0,0.2,8510,82.47246742938614,63.302,1
2.353,0.0,600.0,255.0,0.2,8510,82.47246742938614,3.922,1
0.8,0.8,200.0,250.0,0.5,8510,82.47246742938614,2.4,1
0.0,0.0,0.0,292.0,1.0,8510,82.47246742938614,0.0,0
0.0,0.0,0.0,1000.0,1.0,8510,82.47246742938614,0.0,0
0.839,-2.559,135.0,161.0,0.5,8510,82.47246742938614,0.0,0
1.648,-1.241,547.0,332.0,0.2,8510,82.47246742938614,0.0,0
64.415,5.887,6828.0,106.0,0.2,8510,82.47246742938614,61.415,1
3.137,0.784,800.0,255.0,0.2,8510,82.47246742938614,3.922,1
0.8,0.0,200.0,250.0,0.5,8510,82.47246742938614,2.4,1
0.0,0.0,0.0,292.0,1.0,8510,82.47246742938614,0.685,0
0.0,0.0,0.0,1000.0,1.0,8510,82.47246742938614,0.0,0
0.0,-0.839,0.0,161.0,1.0,8510,82.47246742938614,0.0,0
0.407,-1.241,135.0,332.0,1.0,8510,82.47246742938614,0.0,0
67.689,3.274,7175.0,106.0,0.2,8510,82.47246742938614,61.415,1
3.922,0.785,1000.0,255.0,0.2,8510,82.47246742938614,3.922,1
0.0,-0.8,0.0,250.0,1.0,8510,82.47246742938614,2.4,1
0.685,0.685,200.0,292.0,0.8,8510,82.47246742938614,0.685,0
0.0,0.0,0.0,1000.0,1.0,8510,82.47246742938614,0.0,0
0.0,0.0,0.0,161.0,1.0,8510,82.47246742938614,0.0,0
0.0,-0.407,0.0,332.0,1.0,8510,82.47246742938614,0.0,0
67.075,-0.614,7110.0,106.0,0.2,8510,82.47246742938614,61.415,1
3.922,0.0,1000.0,255.0,0.2,8510,82.47246742938614,3.922,1
0.8,0.8,200.0,250.0,0.5,8510,82.47246742938614,2.4,1
0.685,0.0,200.0,292.0,0.8,8510,82.47246742938614,0.685,0
0.0,0.0,0.0,1000.0,1.0,8510,82.47246742938614,0.0,0
0.0,0.0,0.0,161.0,1.0,8510,82.47246742938614,0.0,0
0.0,0.0,0.0,332.0,1.0,8510,82.47246742938614,0.0,0
65.189,-1.886,6910.0,106.0,0.2,8510,82.47246742938614,61.415,1
3.922,0.0,1000.0,255.0,0.2,8510,82.47246742938614,3.922,1
1.6,0.8,400.0,250.0,0.2,8510,82.47246742938614,2.4,1
0.0,-0.685,0.0,292.0,1.0,8510,82.47246742938614,0.685,0
0.2,0.2,200.0,1000.0,1.0,8510,82.47246742938614,0.0,0
0.0,0.0,0.0,161.0,1.0,8510,82.47246742938614,0.0,0
0.0,0.0,0.0,332.0,1.0,8510,82.47246742938614,0.0,0
63.302,-1.887,6710.0,106.0,0.2,8510,82.47246742938614,61.415,1
3.922,0.0,1000.0,255.0,0.2,8510,82.47246742938614,3.922,1
2.4,0.8,600.0,250.0,0.2,8510,82.47246742938614,2.4,1
0.0,0.0,0.0,292.0,1.0,8510,82.47246742938614,0.685,0
0.0,-0.2,0.0,1000.0,1.0,8510,82.47246742938614,0.0,0
0.0,0.0,0.0,161.0,1.0,8510,82.47246742938614,0.0,0
0.0,0.0,0.0,332.0,1.0,8510,82.47246742938614,0.0,0
61.415,-1.887,6510.0,106.0,0.2,8510,82.47246742938614,61.415,1
3.922,0.0,1000.0,255.0,0.2,8510,82.47246742938614,3.922,1
2.4,0.0,600.0,250.0,0.2,8510,82.47246742938614,2.4,1
0.685,0.685,200.0,292.0,0.8,8510,82.47246742938614,0.685,0
0.0,0.0,0.0,1000.0,1.0,8510,82.47246742938614,0.0,0
3.211,0.0,745.0,232.0,0.2,11661,149.0803034316727,17.328,1
1.753,0.0,745.0,425.0,0.2,11661,149.0803034316727,10.518,1
0.0,0.0,0.0,162.0,1.0,11661,149.0803034316727,2.778,1
0.0,0.0,0.0,220.0,1.0,11661,149.0803034316727,0.0,0
0.0,0.0,0.0,251.0,1.0,11661,149.0803034316727,0.0,0
0.0,0.0,0.0,92.0,1.0,11661,149.0803034316727,0.0,0
0.0,0.0,0.0,1000.0,1.0,11661,149.0803034316727,0.0,0
6.422,3.211,1490.0,232.0,0.2,11661,149.0803034316727,18.599,1
3.506,1.753,1490.0,425.0,0.2,11661,149.0803034316727,10.671,1
0.0,0.0,0.0,162.0,1.0,11661,149.0803034316727,9.753,1
0.0,0.0,0.0,220.0,1.0,11661,149.0803034316727,0.0,0
0.0,0.0,0.0,251.0,1.0,11661,149.0803034316727,0.0,0
0.0,0.0,0.0,92.0,1.0,11661,149.0803034316727,0.0,0
0.0,0.0,0.0,1000.0,1.0,11661,149.0803034316727,0.0,0
9.634,3.212,2235.0,232.0,0.2,11661,149.0803034316727,19.315,1
5.259,1.753,2235.0,425.0,0.2,11661,149.0803034316727,10.518,1
0.0,0.0,0.0,162.0,1.0,11661,149.0803034316727,16.728,1
0.0,0.0,0.0,220.0,1.0,11661,149.0803034316727,0.0,0
0.0,0.0,0.0,251.0,1.0,11661,149.0803034316727,0.0,0
0.0,0.0,0.0,92.0,1.0,11661,149.0803034316727,0.0,0
0.0,0.0,0.0,1000.0,1.0,11661,149.0803034316727,0.0,0
12.845,3.211,2980.0,232.0,0.2,11661,149.0803034316727,17.375,1
7.012,1.753,2980.0,425.0,0.2,11661,149.0803034316727,8.918,1
0.0,0.0,0.0,162.0,1.0,11661,149.0803034316727,23.704,1
0.0,0.0,0.0,220.0,1.0,11661,149.0803034316727,0.0,0
0.0,0.0,0.0,251.0,1.0,11661,149.0803034316727,0.0,0
0.0,0.0,0.0,92.0,1.0,11661,149.0803034316727,0.0,0
0.0,0.0,0.0,1000.0,1.0,11661,149.0803034316727,0.0,0
16.056,3.211,3725.0,232.0,0.2,11661,149.0803034316727,15.435,1
8.765,1.753,3725.0,425.0,0.2,11661,149.0803034316727,7.318,1
0.0,0.0,0.0,162.0,1.0,11661,149.0803034316727,30.679,1
0.0,0.0,0.0,220.0,1.0,11661,149.0803034316727,0.0,0
0.0,0.0,0.0,251.0,1.0,11661,149.0803034316727,0.0,0
0.0,0.0,0.0,92.0,1.0,11661,149.0803034316727,0.0,0
0.0,0.0,0.0,1000.0,1.0,11661,149.0803034316727,0.0,0
17.328,1.272,4020.0,232.0,0.2,11661,149.0803034316727,13.496,1
10.518,1.753,4470.0,425.0,0.2,11661,149.0803034316727,5.718,1
2.778,2.778,450.0,162.0,0.2,11661,149.0803034316727,34.877,1
0.0,0.0,0.0,220.0,1.0,11661,149.0803034316727,2.045,1
0.0,0.0,0.0,251.0,1.0,11661,149.0803034316727,0.0,0
0.0,0.0,0.0,92.0,1.0,11661,149.0803034316727,0.0,0
0.0,0.0,0.0,1000.0,1.0,11661,149.0803034316727,0.0,0
18.599,1.271,4315.0,232.0,0.2,11661,149.0803034316727,11.556,1
10.671,0.153,4535.0,425.0,0.2,11661,149.0803034316727,4.118,1
9.753,6.975,1580.0,162.0,0.2,11661,149.0803034316727,36.914,1
0.0,0.0,0.0,220.0,1.0,11661,149.0803034316727,5.682,1
0.0,0.0,0.0,251.0,1.0,11661,149.0803034316727,0.0,0
0.0,0.0,0.0,92.0,1.0,11661,149.0803034316727,0.0,0
0.0,0.0,0.0,1000.0,1.0,11661,149.0803034316727,0.0,0
19.315,0.716,4481.0,232.0,0.2,11661,149.0803034316727,9.616,1
10.518,-0.153,4470.0,425.0,0.2,11661,149.0803034316727,2.518,1
16.728,6.975,2710.0,162.0,0.2,11661,149.0803034316727,38.951,1
0.0,0.0,0.0,220.0,1.0,11661,149.0803034316727,9.318,1
0.0,0.0,0.0,251.0,1.0,11661,149.0803034316727,0.0,0
0.0,0.0,0.0,92.0,1.0,11661,149.0803034316727,0.0,0
0.0,0.0,0.0,1000.0,1.0,11661,149.0803034316727,0.0,0
17.375,-1.94,4031.0,232.0,0.2,11661,149.0803034316727,8.345,1
8.918,-1.6,3790.0,425.0,0.2,11661,149.0803034316727,0.918,1
23.704,6.976,3840.0,162.0,0.2,11661,149.0803034316727,40.031,1
0.0,0.0,0.0,220.0,1.0,11661,149.0803034316727,12.955,1
0.0,0.0,0.0,251.0,1.0,11661,149.0803034316727,0.0,0
0.0,0.0,0.0,92.0,1.0,11661,149.0803034316727,0.0,0
0.0,0.0,0.0,1000.0,1.0,11661,149.0803034316727,0.0,0
15.435,-1.94,3581.0,232.0,0.2,11661,149.0803034316727,7.073,1
7.318,-1.6,3110.0,425.0,0.2,11661,149.0803034316727,0.765,0
30.679,6.975,4970.0,162.0,0.2,11661,149.0803034316727,37.315,1
0.0,0.0,0.0,220.0,1.0,11661,149.0803034316727,16.591,1
0.0,0.0,0.0,251.0,1.0,11661,149.0803034316727,0.0,0
0.0,0.0,0.0,92.0,1.0,11661,149.0803034316727,0.0,0
0.0,0.0,0.0,1000.0,1.0,11661,149.0803034316727,0.0,0
13.496,-1.939,3131.0,232.0,0.2,11661,149.0803034316727,5.134,1
5.718,-1.6,2430.0,425.0,0.2,11661,149.0803034316727,0.459,0
34.877,4.198,5650.0,162.0,0.2,11661,149.0803034316727,35.957,1
2.045,2.045,450.0,220.0,0.2,11661,149.0803034316727,19.227,1
0.0,0.0,0.0,251.0,1.0,11661,149.0803034316727,0.876,1
0.0,0.0,0.0,92.0,1.0,11661,149.0803034316727,0.0,0
0.0,0.0,0.0,1000.0,1.0,11661,149.0803034316727,0.0,0
11.556,-1.94,2681.0,232.0,0.2,11661,149.0803034316727,3.194,1
4.118,-1.6,1750.0,425.0,0.2,11661,149.0803034316727,0.0,0
36.914,2.037,5980.0,162.0,0.2,11661,149.0803034316727,35.0,1
5.682,3.637,1250.0,220.0,0.2,11661,149.0803034316727,21.864,1
0.0,0.0,0.0,251.0,1.0,11661,149.0803034316727,1.753,1
0.0,0.0,0.0,92.0,1.0,11661,149.0803034316727,0.0,0
0.0,0.0,0.0,1000.0,1.0,11661,149.0803034316727,0.0,0
9.616,-1.94,2231.0,232.0,0.2,11661,149.0803034316727,1.254,1
2.518,-1.6,1070.0,425.0,0.2,11661,149.0803034316727,0.0,0
38.951,2.037,6310.0,162.0,0.2,11661,149.0803034316727,32.84,1
9.318,3.636,2050.0,220.0,0.2,11661,149.0803034316727,24.5,1
0.0,0.0,0.0,251.0,1.0,11661,149.0803034316727,2.629,1
0.0,0.0,0.0,92.0,1.0,11661,149.0803034316727,0.0,0
0.0,0.0,0.0,1000.0,1.0,11661,149.0803034316727,0.0,0
8.345,-1.271,1936.0,232.0,0.2,11661,149.0803034316727,1.254,1
0.918,-1.6,390.0,425.0,0.2,11661,149.0803034316727,0.0,0
40.031,1.08,6485.0,162.0,0.2,11661,149.0803034316727,27.901,1
12.955,3.637,2850.0,220.0,0.2,11661,149.0803034316727,27.136,1
0.0,0.0,0.0,251.0,1.0,11661,149.0803034316727,3.506,1
0.0,0.0,0.0,92.0,1.0,11661,149.0803034316727,0.0,0
0.0,0.0,0.0,1000.0,1.0,11661,149.0803034316727,0.0,0
7.073,-1.272,1641.0,232.0,0.2,11661,149.0803034316727,1.254,1
0.765,-0.153,325.0,425.0,0.5,11661,149.0803034316727,0.0,0
37.315,-2.716,6045.0,162.0,0.2,11661,149.0803034316727,23.642,1
16.591,3.636,3650.0,220.0,0.2,11661,149.0803034316727,29.273,1
0.0,0.0,0.0,251.0,1.0,11661,149.0803034316727,4.382,1
0.0,0.0,0.0,92.0,1.0,11661,149.0803034316727,0.0,0
0.0,0.0,0.0,1000.0,1.0,11661,149.0803034316727,0.0,0
5.134,-1.939,1191.0,232.0,0.2,11661,149.0803034316727,1.254,1
0.459,-0.306,195.0,425.0,1.0,11661,149.0803034316727,0.0,0
35.957,-1.358,5825.0,162.0,0.2,11661,149.0803034316727,23.642,1
19.227,2.636,4230.0,220.0,0.2,11661,149.0803034316727,29.273,1
0.876,0.876,220.0,251.0,0.2,11661,149.0803034316727,4.382,1
0.0,0.0,0.0,92.0,1.0,11661,149.0803034316727,0.0,0
0.0,0.0,0.0,1000.0,1.0,11661,149.0803034316727,0.0,0
3.194,-1.94,741.0,232.0,0.2,11661,149.0803034316727,1.254,1
0.0,-0.459,0.0,425.0,1.0,11661,149.0803034316727,0.0,0
35.0,-0.957,5670.0,162.0,0.2,11661,149.0803034316727,23.642,1
21.864,2.637,4810.0,220.0,0.2,11661,149.0803034316727,29.273,1
1.753,0.877,440.0,251.0,0.2,11661,149.0803034316727,4.382,1
0.0,0.0,0.0,92.0,1.0,11661,149.0803034316727,0.0,0
0.0,0.0,0.0,1000.0,1.0,11661,149.0803034316727,0.0,0
1.254,-1.94,291.0,232.0,0.2,11661,149.0803034316727,1.254,1
0.0,0.0,0.0,425.0,1.0,11661,149.0803034316727,0.0,0
32.84,-2.16,5320.0,162.0,0.2,11661,149.0803034316727,23.642,1
24.5,2.636,5390.0,220.0,0.2,11661,149.0803034316727,29.273,1
2.629,0.876,660.0,251.0,0.2,11661,149.0803034316727,4.382,1
0.0,0.0,0.0,92.0,1.0,11661,149.0803034316727,0.0,0
0.0,0.0,0.0,1000.0,1.0,11661,149.0803034316727,0.0,0
1.254,0.0,291.0,232.0,0.2,11661,149.0803034316727,1.254,1
0.0,0.0,0.0,425.0,1.0,11661,149.0803034316727,0.0,0
27.901,-4.939,4520.0,162.0,0.2,11661,149.0803034316727,23.642,1
27.136,2.636,5970.0,220.0,0.2,11661,149.0803034316727,29.273,1
3.506,0.877,880.0,251.0,0.2,11661,149.0803034316727,4.382,1
0.0,0.0,0.0,92.0,1.0,11661,149.0803034316727,0.0,0
0.0,0.0,0.0,1000.0,1.0,11661,149.0803034316727,0.0,0
1.254,0.0,291.0,232.0,0.2,11661,149.0803034316727,1.254,1
0.0,0.0,0.0,425.0,1.0,11661,149.0803034316727,0.0,0
23.642,-4.259,3830.0,162.0,0.2,11661,149.0803034316727,23.642,1
29.273,2.137,6440.0,220.0,0.2,11661,149.0803034316727,29.273,1
4.382,0.876,1100.0,251.0,0.2,11661,149.0803034316727,4.382,1
0.0,0.0,0.0,92.0,1.0,11661,149.0803034316727,0.0,0
0.0,0.0,0.0,1000.0,1.0,11661,149.0803034316727,0.0,0
0.782,0.0,390.0,499.0,0.5,12914,77.93475768419412,3.908,1
0.868,0.0,389.0,448.0,0.2,12914,77.93475768419412,5.21,1
0.0,0.0,0.0,205.0,1.0,12914,77.93475768419412,1.902,1
0.0,0.0,0.0,235.0,1.0,12914,77.93475768419412,0.0,0
0.0,0.0,0.0,221.0,1.0,12914,77.93475768419412,0.0,0
0.0,0.0,0.0,245.0,1.0,12914,77.93475768419412,0.0,0
0.0,0.0,0.0,1000.0,1.0,12914,77.93475768419412,0.0,0
1.563,0.781,780.0,499.0,0.2,12914,77.93475768419412,3.908,1
1.737,0.869,778.0,448.0,0.2,12914,77.93475768419412,5.21,1
0.0,0.0,0.0,205.0,1.0,12914,77.93475768419412,5.702,1
0.0,0.0,0.0,235.0,1.0,12914,77.93475768419412,0.0,0
0.0,0.0,0.0,221.0,1.0,12914,77.93475768419412,0.0,0
0.0,0.0,0.0,245.0,1.0,12914,77.93475768419412,0.0,0
0.0,0.0,0.0,1000.0,1.0,12914,77.93475768419412,0.0,0
2.345,0.782,1170.0,499.0,0.2,12914,77.93475768419412,3.908,1
2.605,0.868,1167.0,448.0,0.2,12914,77.93475768419412,5.21,1
0.0,0.0,0.0,205.0,1.0,12914,77.93475768419412,9.502,1
0.0,0.0,0.0,235.0,1.0,12914,77.93475768419412,0.0,0
0.0,0.0,0.0,221.0,1.0,12914,77.93475768419412,0.0,0
0.0,0.0,0.0,245.0,1.0,12914,77.93475768419412,0.0,0
0.0,0.0,0.0,1000.0,1.0,12914,77.93475768419412,0.0,0
2.345,0.0,1170.0,499.0,0.2,12914,77.93475768419412,3.908,1
3.473,0.868,1556.0,448.0,0.2,12914,77.93475768419412,5.21,1
1.902,1.902,390.0,205.0,0.2,12914,77.93475768419412,11.741,1
0.0,0.0,0.0,235.0,1.0,12914,77.93475768419412,1.362,1
0.0,0.0,0.0,221.0,1.0,12914,77.93475768419412,0.0,0
0.0,0.0,0.0,245.0,1.0,12914,77.93475768419412,0.0,0
0.0,0.0,0.0,1000.0,1.0,12914,77.93475768419412,0.0,0
3.126,0.781,1560.0,499.0,0.2,12914,77.93475768419412,3.908,1
4.342,0.869,1945.0,448.0,0.2,12914,77.93475768419412,5.21,1
1.902,0.0,390.0,205.0,0.2,12914,77.93475768419412,15.541,1
0.0,0.0,0.0,235.0,1.0,12914,77.93475768419412,1.362,1
0.0,0.0,0.0,221.0,1.0,12914,77.93475768419412,0.0,0
0.0,0.0,0.0,245.0,1.0,12914,77.93475768419412,0.0,0
0.0,0.0,0.0,1000.0,1.0,12914,77.93475768419412,0.0,0
3.908,0.782,1950.0,499.0,0.2,12914,77.93475768419412,3.908,1
5.21,0.868,2334.0,448.0,0.2,12914,77.93475768419412,5.21,1
1.902,0.0,390.0,205.0,0.2,12914,77.93475768419412,19.341,1
0.0,0.0,0.0,235.0,1.0,12914,77.93475768419412,1.362,1
0.0,0.0,0.0,221.0,1.0,12914,77.93475768419412,0.0,0
0.0,0.0,0.0,245.0,1.0,12914,77.93475768419412,0.0,0
0.0,0.0,0.0,1000.0,1.0,12914,77.93475768419412,0.0,0
3.908,0.0,1950.0,499.0,0.2,12914,77.93475768419412,3.908,1
5.21,0.0,2334.0,448.0,0.2,12914,77.93475768419412,5.21,1
5.702,3.8,1169.0,205.0,0.2,12914,77.93475768419412,21.58,1
0.0,0.0,0.0,235.0,1.0,12914,77.93475768419412,2.723,1
0.0,0.0,0.0,221.0,1.0,12914,77.93475768419412,0.0,0
0.0,0.0,0.0,245.0,1.0,12914,77.93475768419412,0.0,0
0.0,0.0,0.0,1000.0,1.0,12914,77.93475768419412,0.0,0
3.908,0.0,1950.0,499.0,0.2,12914,77.93475768419412,3.908,1
5.21,0.0,2334.0,448.0,0.2,12914,77.93475768419412,5.21,1
9.502,3.8,1948.0,205.0,0.2,12914,77.93475768419412,23.82,1
0.0,0.0,0.0,235.0,1.0,12914,77.93475768419412,4.085,1
0.0,0.0,0.0,221.0,1.0,12914,77.93475768419412,0.0,0
0.0,0.0,0.0,245.0,1.0,12914,77.93475768419412,0.0,0
0.0,0.0,0.0,1000.0,1.0,12914,77.93475768419412,0.0,0
3.908,0.0,1950.0,499.0,0.2,12914,77.93475768419412,3.908,1
5.21,0.0,2334.0,448.0,0.2,12914,77.93475768419412,5.21,1
11.741,2.239,2407.0,205.0,0.2,12914,77.93475768419412,26.059,1
1.362,1.362,320.0,235.0,0.2,12914,77.93475768419412,4.085,1
0.0,0.0,0.0,221.0,1.0,12914,77.93475768419412,1.448,1
0.0,0.0,0.0,245.0,1.0,12914,77.93475768419412,0.0,0
0.0,0.0,0.0,1000.0,1.0,12914,77.93475768419412,0.0,0
3.908,0.0,1950.0,499.0,0.2,12914,77.93475768419412,3.908,1
5.21,0.0,2334.0,448.0,0.2,12914,77.93475768419412,5.21,1
15.541,3.8,3186.0,205.0,0.2,12914,77.93475768419412,28.298,1
1.362,0.0,320.0,235.0,0.2,12914,77.93475768419412,5.447,1
0.0,0.0,0.0,221.0,1.0,12914,77.93475768419412,1.448,1
0.0,0.0,0.0,245.0,1.0,12914,77.93475768419412,0.0,0
0.0,0.0,0.0,1000.0,1.0,12914,77.93475768419412,0.0,0
3.908,0.0,1950.0,499.0,0.2,12914,77.93475768419412,3.908,1
5.21,0.0,2334.0,448.0,0.2,12914,77.93475768419412,5.21,1
19.341,3.8,3965.0,205.0,0.2,12914,77.93475768419412,30.537,1
1.362,0.0,320.0,235.0,0.2,12914,77.93475768419412,6.809,1
0.0,0.0,0.0,221.0,1.0,12914,77.93475768419412,1.448,1
0.0,0.0,0.0,245.0,1.0,12914,77.93475768419412,0.0,0
0.0,0.0,0.0,1000.0,1.0,12914,77.93475768419412,0.0,0
3.908,0.0,1950.0,499.0,0.2,12914,77.93475768419412,3.577,1
5.21,0.0,2334.0,448.0,0.2,12914,77.93475768419412,4.844,1
21.58,2.239,4424.0,205.0,0.2,12914,77.93475768419412,32.776,1
2.723,1.361,640.0,235.0,0.2,12914,77.93475768419412,6.809,1
0.0,0.0,0.0,221.0,1.0,12914,77.93475768419412,2.896,1
0.0,0.0,0.0,245.0,1.0,12914,77.93475768419412,0.0,0
0.0,0.0,0.0,1000.0,1.0,12914,77.93475768419412,0.0,0
3.908,0.0,1950.0,499.0,0.2,12914,77.93475768419412,2.796,1
5.21,0.0,2334.0,448.0,0.2,12914,77.93475768419412,3.975,1
23.82,2.24,4883.0,205.0,0.2,12914,77.93475768419412,35.015,1
4.085,1.362,960.0,235.0,0.2,12914,77.93475768419412,6.809,1
0.0,0.0,0.0,221.0,1.0,12914,77.93475768419412,4.344,1
0.0,0.0,0.0,245.0,1.0,12914,77.93475768419412,0.0,0
0.0,0.0,0.0,1000.0,1.0,12914,77.93475768419412,0.0,0
3.908,0.0,1950.0,499.0,0.2,12914,77.93475768419412,2.014,1
5.21,0.0,2334.0,448.0,0.2,12914,77.93475768419412,3.107,1
26.059,2.239,5342.0,205.0,0.2,12914,77.93475768419412,37.254,1
4.085,0.0,960.0,235.0,0.2,12914,77.93475768419412,6.809,1
1.448,1.448,320.0,221.0,0.2,12914,77.93475768419412,4.344,1
0.0,0.0,0.0,245.0,1.0,12914,77.93475768419412,1.306,1
0.0,0.0,0.0,1000.0,1.0,12914,77.93475768419412,0.0,0
3.908,0.0,1950.0,499.0,0.2,12914,77.93475768419412,1.232,1
5.21,0.0,2334.0,448.0,0.2,12914,77.93475768419412,2.239,1
28.298,2.239,5801.0,205.0,0.2,12914,77.93475768419412,39.493,1
5.447,1.362,1280.0,235.0,0.2,12914,77.93475768419412,6.809,1
1.448,0.0,320.0,221.0,0.2,12914,77.93475768419412,5.792,1
0.0,0.0,0.0,245.0,1.0,12914,77.93475768419412,1.306,1
0.0,0.0,0.0,1000.0,1.0,12914,77.93475768419412,0.0,0
3.908,0.0,1950.0,499.0,0.2,12914,77.93475768419412,1.232,1
5.21,0.0,2334.0,448.0,0.2,12914,77.93475768419412,2.239,1
30.537,2.239,6260.0,205.0,0.2,12914,77.93475768419412,39.493,1
6.809,1.362,1600.0,235.0,0.2,12914,77.93475768419412,6.809,1
1.448,0.0,320.0,221.0,0.2,12914,77.93475768419412,5.792,1
0.0,0.0,0.0,245.0,1.0,12914,77.93475768419412,1.306,1
0.0,0.0,0.0,1000.0,1.0,12914,77.93475768419412,0.0,0
3.577,-0.331,1785.0,499.0,0.2,12914,77.93475768419412,1.232,1
4.844,-0.366,2170.0,448.0,0.2,12914,77.93475768419412,2.239,1
32.776,2.239,6719.0,205.0,0.2,12914,77.93475768419412,39.493,1
6.809,0.0,1600.0,235.0,0.2,12914,77.93475768419412,6.809,1
2.896,1.448,640.0,221.0,0.2,12914,77.93475768419412,5.792,1
0.0,0.0,0.0,245.0,1.0,12914,77.93475768419412,1.306,1
0.0,0.0,0.0,1000.0,1.0,12914,77.93475768419412,0.0,0
2.796,-0.781,1395.0,499.0,0.2,12914,77.93475768419412,1.232,1
3.975,-0.869,1781.0,448.0,0.2,12914,77.93475768419412,2.239,1
35.015,2.239,7178.0,205.0,0.2,12914,77.93475768419412,39.493,1
6.809,0.0,1600.0,235.0,0.2,12914,77.93475768419412,6.809,1
4.344,1.448,960.0,221.0,0.2,12914,77.93475768419412,5.792,1
0.0,0.0,0.0,245.0,1.0,12914,77.93475768419412,1.306,1
0.0,0.0,0.0,1000.0,1.0,12914,77.93475768419412,0.0,0
2.014,-0.782,1005.0,499.0,0.2,12914,77.93475768419412,1.232,1
3.107,-0.868,1392.0,448.0,0.2,12914,77.93475768419412,2.239,1
37.254,2.239,7637.0,205.0,0.2,12914,77.93475768419412,39.493,1
6.809,0.0,1600.0,235.0,0.2,12914,77.93475768419412,6.809,1
4.344,0.0,960.0,221.0,0.2,12914,77.93475768419412,5.792,1
1.306,1.306,320.0,245.0,0.2,12914,77.93475768419412,1.306,1
0.0,0.0,0.0,1000.0,1.0,12914,77.93475768419412,0.0,0
1.232,-0.782,615.0,499.0,0.2,12914,77.93475768419412,1.232,1
2.239,-0.868,1003.0,448.0,0.2,12914,77.93475768419412,2.239,1
39.493,2.239,8096.0,205.0,0.2,12914,77.93475768419412,39.493,1
6.809,0.0,1600.0,235.0,0.2,12914,77.93475768419412,6.809,1
5.792,1.448,1280.0,221.0,0.2,12914,77.93475768419412,5.792,1
1.306,0.0,320.0,245.0,0.2,12914,77.93475768419412,1.306,1
0.0,0.0,0.0,1000.0,1.0,12914,77.93475768419412,0.0,0
2.962,0.0,702.0,237.0,0.2,18666,130.4684625523819,16.211,1
2.447,0.0,602.0,246.0,0.2,18666,130.4684625523819,14.683,1
0.0,0.0,0.0,267.0,1.0,18666,130.4684625523819,1.386,1
0.0,0.0,0.0,133.0,1.0,18666,130.4684625523819,0.0,0
0.0,0.0,0.0,190.0,1.0,18666,130.4684625523819,0.0,0
0.0,0.0,0.0,188.0,1.0,18666,130.4684625523819,0.0,0
0.0,0.0,0.0,1000.0,1.0,18666,130.4684625523819,0.0,0
5.924,2.962,1404.0,237.0,0.2,18666,130.4684625523819,17.612,1
4.894,2.447,1204.0,246.0,0.2,18666,130.4684625523819,15.504,1
0.0,0.0,0.0,267.0,1.0,18666,130.4684625523819,4.27,1
0.0,0.0,0.0,133.0,1.0,18666,130.4684625523819,0.0,0
0.0,0.0,0.0,190.0,1.0,18666,130.4684625523819,0.0,0
0.0,0.0,0.0,188.0,1.0,18666,130.4684625523819,0.0,0
0.0,0.0,0.0,1000.0,1.0,18666,130.4684625523819,0.0,0
8.886,2.962,2106.0,237.0,0.2,18666,130.4684625523819,19.013,1
7.341,2.447,1806.0,246.0,0.2,18666,130.4684625523819,16.325,1
0.0,0.0,0.0,267.0,1.0,18666,130.4684625523819,7.154,1
0.0,0.0,0.0,133.0,1.0,18666,130.4684625523819,0.0,0
0.0,0.0,0.0,190.0,1.0,18666,130.4684625523819,0.0,0
0.0,0.0,0.0,188.0,1.0,18666,130.4684625523819,0.0,0
0.0,0.0,0.0,1000.0,1.0,18666,130.4684625523819,0.0,0
11.848,2.962,2808.0,237.0,0.2,18666,130.4684625523819,20.414,1
9.789,2.448,2408.0,246.0,0.2,18666,130.4684625523819,17.146,1
0.0,0.0,0.0,267.0,1.0,18666,130.4684625523819,10.037,1
0.0,0.0,0.0,133.0,1.0,18666,130.4684625523819,0.0,0
0.0,0.0,0.0,190.0,1.0,18666,130.4684625523819,0.0,0
0.0,0.0,0.0,188.0,1.0,18666,130.4684625523819,0.0,0
0.0,0.0,0.0,1000.0,1.0,18666,130.4684625523819,0.0,0
14.81,2.962,3510.0,237.0,0.2,18666,130.4684625523819,21.814,1
12.236,2.447,3010.0,246.0,0.2,18666,130.4684625523819,17.967,1
0.0,0.0,0.0,267.0,1.0,18666,130.4684625523819,12.921,1
0.0,0.0,0.0,133.0,1.0,18666,130.4684625523819,0.0,0
0.0,0.0,0.0,190.0,1.0,18666,130.4684625523819,0.0,0
0.0,0.0,0.0,188.0,1.0,18666,130.4684625523819,0.0,0
0.0,0.0,0.0,1000.0,1.0,18666,130.4684625523819,0.0,0
16.211,1.401,3842.0,237.0,0.2,18666,130.4684625523819,23.215,1
14.683,2.447,3612.0,246.0,0.2,18666,130.4684625523819,18.789,1
1.386,1.386,370.0,267.0,0.2,18666,130.4684625523819,14.944,1
0.0,0.0,0.0,133.0,1.0,18666,130.4684625523819,1.729,1
0.0,0.0,0.0,190.0,1.0,18666,130.4684625523819,0.0,0
0.0,0.0,0.0,188.0,1.0,18666,130.4684625523819,0.0,0
0.0,0.0,0.0,1000.0,1.0,18666,130.4684625523819,0.0,0
17.612,1.401,4174.0,237.0,0.2,18666,130.4684625523819,24.616,1
15.504,0.821,3814.0,246.0,0.2,18666,130.4684625523819,19.61,1
4.27,2.884,1140.0,267.0,0.2,18666,130.4684625523819,16.966,1
0.0,0.0,0.0,133.0,1.0,18666,130.4684625523819,3.459,1
0.0,0.0,0.0,190.0,1.0,18666,130.4684625523819,0.0,0
0.0,0.0,0.0,188.0,1.0,18666,130.4684625523819,0.0,0
0.0,0.0,0.0,1000.0,1.0,18666,130.4684625523819,0.0,0
19.013,1.401,4506.0,237.0,0.2,18666,130.4684625523819,26.017,1
16.325,0.821,4016.0,246.0,0.2,18666,130.4684625523819,20.431,1
7.154,2.884,1910.0,267.0,0.2,18666,130.4684625523819,18.989,1
0.0,0.0,0.0,133.0,1.0,18666,130.4684625523819,5.188,1
0.0,0.0,0.0,190.0,1.0,18666,130.4684625523819,0.0,0
0.0,0.0,0.0,188.0,1.0,18666,130.4684625523819,0.0,0
0.0,0.0,0.0,1000.0,1.0,18666,130.4684625523819,0.0,0
20.414,1.401,4838.0,237.0,0.2,18666,130.4684625523819,27.418,1
17.146,0.821,4218.0,246.0,0.2,18666,130.4684625523819,21.252,1
10.037,2.883,2680.0,267.0,0.2,18666,130.4684625523819,21.011,1
0.0,0.0,0.0,133.0,1.0,18666,130.4684625523819,6.917,1
0.0,0.0,0.0,190.0,1.0,18666,130.4684625523819,0.0,0
0.0,0.0,0.0,188.0,1.0,18666,130.4684625523819,0.0,0
0.0,0.0,0.0,1000.0,1.0,18666,130.4684625523819,0.0,0
21.814,1.4,5170.0,237.0,0.2,18666,130.4684625523819,26.722,1
17.967,0.821,4420.0,246.0,0.2,18666,130.4684625523819,20.459,1
12.921,2.884,3450.0,267.0,0.2,18666,130.4684625523819,23.034,1
0.0,0.0,0.0,133.0,1.0,18666,130.4684625523819,8.647,1
0.0,0.0,0.0,190.0,1.0,18666,130.4684625523819,0.0,0
0.0,0.0,0.0,188.0,1.0,18666,130.4684625523819,0.0,0
0.0,0.0,0.0,1000.0,1.0,18666,130.4684625523819,0.0,0
23.215,1.401,5502.0,237.0,0.2,18666,130.4684625523819,25.16,1
18.789,0.822,4622.0,246.0,0.2,18666,130.4684625523819,18.833,1
14.944,2.023,3990.0,267.0,0.2,18666,130.4684625523819,25.056,1
1.729,1.729,230.0,133.0,0.2,18666,130.4684625523819,8.647,1
0.0,0.0,0.0,190.0,1.0,18666,130.4684625523819,1.211,1
0.0,0.0,0.0,188.0,1.0,18666,130.4684625523819,0.0,0
0.0,0.0,0.0,1000.0,1.0,18666,130.4684625523819,0.0,0
24.616,1.401,5834.0,237.0,0.2,18666,130.4684625523819,23.599,1
19.61,0.821,4824.0,246.0,0.2,18666,130.4684625523819,17.207,1
16.966,2.022,4530.0,267.0,0.2,18666,130.4684625523819,27.079,1
3.459,1.73,460.0,133.0,0.2,18666,130.4684625523819,8.647,1
0.0,0.0,0.0,190.0,1.0,18666,130.4684625523819,2.421,1
0.0,0.0,0.0,188.0,1.0,18666,130.4684625523819,0.0,0
0.0,0.0,0.0,1000.0,1.0,18666,130.4684625523819,0.0,0
26.017,1.401,6166.0,237.0,0.2,18666,130.4684625523819,22.038,1
20.431,0.821,5026.0,246.0,0.2,18666,130.4684625523819,15.581,1
18.989,2.023,5070.0,267.0,0.2,18666,130.4684625523819,29.101,1
5.188,1.729,690.0,133.0,0.2,18666,130.4684625523819,8.647,1
0.0,0.0,0.0,190.0,1.0,18666,130.4684625523819,3.632,1
0.0,0.0,0.0,188.0,1.0,18666,130.4684625523819,0.0,0
0.0,0.0,0.0,1000.0,1.0,18666,130.4684625523819,0.0,0
27.418,1.401,6498.0,237.0,0.2,18666,130.4684625523819,20.477,1
21.252,0.821,5228.0,246.0,0.2,18666,130.4684625523819,13.955,1
21.011,2.022,5610.0,267.0,0.2,18666,130.4684625523819,31.124,1
6.917,1.729,920.0,133.0,0.2,18666,130.4684625523819,8.647,1
0.0,0.0,0.0,190.0,1.0,18666,130.4684625523819,4.842,1
0.0,0.0,0.0,188.0,1.0,18666,130.4684625523819,0.0,0
0.0,0.0,0.0,1000.0,1.0,18666,130.4684625523819,0.0,0
26.722,-0.696,6333.0,237.0,0.2,18666,130.4684625523819,18.916,1
20.459,-0.793,5033.0,246.0,0.2,18666,130.4684625523819,12.329,1
23.034,2.023,6150.0,267.0,0.2,18666,130.4684625523819,33.146,1
8.647,1.73,1150.0,133.0,0.2,18666,130.4684625523819,8.647,1
0.0,0.0,0.0,190.0,1.0,18666,130.4684625523819,6.053,1
0.0,0.0,0.0,188.0,1.0,18666,130.4684625523819,0.0,0
0.0,0.0,0.0,1000.0,1.0,18666,130.4684625523819,0.0,0
25.16,-1.562,5963.0,237.0,0.2,18666,130.4684625523819,18.916,1
18.833,-1.626,4633.0,246.0,0.2,18666,130.4684625523819,12.329,1
25.056,2.022,6690.0,267.0,0.2,18666,130.4684625523819,33.146,1
8.647,0.0,1150.0,133.0,0.2,18666,130.4684625523819,8.647,1
1.211,1.211,230.0,190.0,0.2,18666,130.4684625523819,6.053,1
0.0,0.0,0.0,188.0,1.0,18666,130.4684625523819,0.0,0
0.0,0.0,0.0,1000.0,1.0,18666,130.4684625523819,0.0,0
23.599,-1.561,5593.0,237.0,0.2,18666,130.4684625523819,18.916,1
17.207,-1.626,4233.0,246.0,0.2,18666,130.4684625523819,12.329,1
27.079,2.023,7230.0,267.0,0.2,18666,130.4684625523819,33.146,1
8.647,0.0,1150.0,133.0,0.2,18666,130.4684625523819,8.647,1
2.421,1.21,460.0,190.0,0.2,18666,130.4684625523819,6.053,1
0.0,0.0,0.0,188.0,1.0,18666,130.4684625523819,0.0,0
0.0,0.0,0.0,1000.0,1.0,18666,130.4684625523819,0.0,0
22.038,-1.561,5223.0,237.0,0.2,18666,130.4684625523819,18.916,1
15.581,-1.626,3833.0,246.0,0.2,18666,130.4684625523819,12.329,1
29.101,2.022,7770.0,267.0,0.2,18666,130.4684625523819,33.146,1
8.647,0.0,1150.0,133.0,0.2,18666,130.4684625523819,8.647,1
3.632,1.211,690.0,190.0,0.2,18666,130.4684625523819,6.053,1
0.0,0.0,0.0,188.0,1.0,18666,130.4684625523819,0.0,0
0.0,0.0,0.0,1000.0,1.0,18666,130.4684625523819,0.0,0
20.477,-1.561,4853.0,237.0,0.2,18666,130.4684625523819,18.916,1
13.955,-1.626,3433.0,246.0,0.2,18666,130.4684625523819,12.329,1
31.124,2.023,8310.0,267.0,0.2,18666,130.4684625523819,33.146,1
8.647,0.0,1150.0,133.0,0.2,18666,130.4684625523819,8.647,1
4.842,1.21,920.0,190.0,0.2,18666,130.4684625523819,6.053,1
0.0,0.0,0.0,188.0,1.0,18666,130.4684625523819,0.0,0
0.0,0.0,0.0,1000.0,1.0,18666,130.4684625523819,0.0,0
18.916,-1.561,4483.0,237.0,0.2,18666,130.4684625523819,18.916,1
12.329,-1.626,3033.0,246.0,0.2,18666,130.4684625523819,12.329,1
33.146,2.022,8850.0,267.0,0.2,18666,130.4684625523819,33.146,1
8.647,0.0,1150.0,133.0,0.2,18666,130.4684625523819,8.647,1
6.053,1.211,1150.0,190.0,0.2,18666,130.4684625523819,6.053,1
0.0,0.0,0.0,188.0,1.0,18666,130.4684625523819,0.0,0
0.0,0.0,0.0,1000.0,1.0,18666,130.4684625523819,0.0,0
0.412,0.0,176.0,427.0,1.0,16973,35.28580751977698,0.412,0
0.69,0.0,176.0,255.0,0.8,16973,35.28580751977698,3.451,1
0.0,0.0,0.0,198.0,1.0,16973,35.28580751977698,5.333,1
0.0,0.0,0.0,172.0,1.0,16973,35.28580751977698,0.0,0
0.0,0.0,0.0,76.0,1.0,16973,35.28580751977698,0.0,0
0.0,0.0,0.0,278.0,1.0,16973,35.28580751977698,0.0,0
0.0,0.0,0.0,1000.0,1.0,16973,35.28580751977698,0.0,0
0.412,0.0,176.0,427.0,1.0,16973,35.28580751977698,0.412,0
1.38,0.69,352.0,255.0,0.2,16973,35.28580751977698,4.141,1
0.889,0.889,176.0,198.0,0.2,16973,35.28580751977698,5.333,1
0.0,0.0,0.0,172.0,1.0,16973,35.28580751977698,1.023,1
0.0,0.0,0.0,76.0,1.0,16973,35.28580751977698,0.0,0
0.0,0.0,0.0,278.0,1.0,16973,35.28580751977698,0.0,0
0.0,0.0,0.0,1000.0,1.0,16973,35.28580751977698,0.0,0
0.412,0.0,176.0,427.0,1.0,16973,35.28580751977698,0.412,0
2.071,0.691,528.0,255.0,0.2,16973,35.28580751977698,4.141,1
1.778,0.889,352.0,198.0,0.2,16973,35.28580751977698,6.222,1
0.0,0.0,0.0,172.0,1.0,16973,35.28580751977698,2.047,1
0.0,0.0,0.0,76.0,1.0,16973,35.28580751977698,0.0,0
0.0,0.0,0.0,278.0,1.0,16973,35.28580751977698,0.0,0
0.0,0.0,0.0,1000.0,1.0,16973,35.28580751977698,0.0,0
0.412,0.0,176.0,427.0,1.0,16973,35.28580751977698,0.412,0
2.071,0.0,528.0,255.0,0.2,16973,35.28580751977698,4.141,1
3.556,1.778,704.0,198.0,0.2,16973,35.28580751977698,6.222,1
0.0,0.0,0.0,172.0,1.0,16973,35.28580751977698,4.093,1
0.0,0.0,0.0,76.0,1.0,16973,35.28580751977698,0.0,0
0.0,0.0,0.0,278.0,1.0,16973,35.28580751977698,0.0,0
0.0,0.0,0.0,1000.0,1.0,16973,35.28580751977698,0.0,0
0.412,0.0,176.0,427.0,1.0,16973,35.28580751977698,0.412,0
2.761,0.69,704.0,255.0,0.2,16973,35.28580751977698,4.141,1
4.444,0.888,880.0,198.0,0.2,16973,35.28580751977698,7.111,1
0.0,0.0,0.0,172.0,1.0,16973,35.28580751977698,5.116,1
0.0,0.0,0.0,76.0,1.0,16973,35.28580751977698,0.0,0
0.0,0.0,0.0,278.0,1.0,16973,35.28580751977698,0.0,0
0.0,0.0,0.0,1000.0,1.0,16973,35.28580751977698,0.0,0
0.412,0.0,176.0,427.0,1.0,16973,35.28580751977698,0.412,0
3.451,0.69,880.0,255.0,0.2,16973,35.28580751977698,4.141,1
5.333,0.889,1056.0,198.0,0.2,16973,35.28580751977698,8.0,1
0.0,0.0,0.0,172.0,1.0,16973,35.28580751977698,6.14,1
0.0,0.0,0.0,76.0,1.0,16973,35.28580751977698,0.0,0
0.0,0.0,0.0,278.0,1.0,16973,35.28580751977698,0.0,0
0.0,0.0,0.0,1000.0,1.0,16973,35.28580751977698,0.0,0
0.412,0.0,176.0,427.0,1.0,16973,35.28580751977698,0.412,0
4.141,0.69,1056.0,255.0,0.2,16973,35.28580751977698,4.141,1
5.333,0.0,1056.0,198.0,0.2,16973,35.28580751977698,8.889,1
1.023,1.023,176.0,172.0,0.2,16973,35.28580751977698,6.14,1
0.0,0.0,0.0,76.0,1.0,16973,35.28580751977698,2.316,1
0.0,0.0,0.0,278.0,1.0,16973,35.28580751977698,0.0,0
0.0,0.0,0.0,1000.0,1.0,16973,35.28580751977698,0.0,0
0.412,0.0,176.0,427.0,1.0,16973,35.28580751977698,0.412,0
4.141,0.0,1056.0,255.0,0.2,16973,35.28580751977698,4.141,1
6.222,0.889,1232.0,198.0,0.2,16973,35.28580751977698,8.889,1
2.047,1.024,352.0,172.0,0.2,16973,35.28580751977698,7.163,1
0.0,0.0,0.0,76.0,1.0,16973,35.28580751977698,4.632,1
0.0,0.0,0.0,278.0,1.0,16973,35.28580751977698,0.0,0
0.0,0.0,0.0,1000.0,1.0,16973,35.28580751977698,0.0,0
0.412,0.0,176.0,427.0,1.0,16973,35.28580751977698,0.412,0
4.141,0.0,1056.0,255.0,0.2,16973,35.28580751977698,4.141,1
6.222,0.0,1232.0,198.0,0.2,16973,35.28580751977698,8.889,1
4.093,2.046,704.0,172.0,0.2,16973,35.28580751977698,7.163,1
0.0,0.0,0.0,76.0,1.0,16973,35.28580751977698,9.263,1
0.0,0.0,0.0,278.0,1.0,16973,35.28580751977698,0.0,0
0.0,0.0,0.0,1000.0,1.0,16973,35.28580751977698,0.0,0
0.412,0.0,176.0,427.0,1.0,16973,35.28580751977698,0.412,0
4.141,0.0,1056.0,255.0,0.2,16973,35.28580751977698,4.141,1
7.111,0.889,1408.0,198.0,0.2,16973,35.28580751977698,8.889,1
5.116,1.023,880.0,172.0,0.2,16973,35.28580751977698,8.186,1
0.0,0.0,0.0,76.0,1.0,16973,35.28580751977698,11.579,1
0.0,0.0,0.0,278.0,1.0,16973,35.28580751977698,0.0,0
0.0,0.0,0.0,1000.0,1.0,16973,35.28580751977698,0.0,0
0.412,0.0,176.0,427.0,1.0,16973,35.28580751977698,0.412,0
4.141,0.0,1056.0,255.0,0.2,16973,35.28580751977698,4.141,1
8.0,0.889,1584.0,198.0,0.2,16973,35.28580751977698,8.889,1
6.14,1.024,1056.0,172.0,0.2,16973,35.28580751977698,9.209,1
0.0,0.0,0.0,76.0,1.0,16973,35.28580751977698,13.895,1
0.0,0.0,0.0,278.0,1.0,16973,35.28580751977698,0.0,0
0.0,0.0,0.0,1000.0,1.0,16973,35.28580751977698,0.0,0
0.412,0.0,176.0,427.0,1.0,16973,35.28580751977698,0.412,0
4.141,0.0,1056.0,255.0,0.2,16973,35.28580751977698,4.141,1
8.889,0.889,1760.0,198.0,0.2,16973,35.28580751977698,8.889,1
6.14,0.0,1056.0,172.0,0.2,16973,35.28580751977698,10.233,1
2.316,2.316,176.0,76.0,0.2,16973,35.28580751977698,13.895,1
0.0,0.0,0.0,278.0,1.0,16973,35.28580751977698,0.633,0
0.0,0.0,0.0,1000.0,1.0,16973,35.28580751977698,0.0,0
0.412,0.0,176.0,427.0,1.0,16973,35.28580751977698,0.412,0
4.141,0.0,1056.0,255.0,0.2,16973,35.28580751977698,4.141,1
8.889,0.0,1760.0,198.0,0.2,16973,35.28580751977698,8.889,1
7.163,1.023,1232.0,172.0,0.2,16973,35.28580751977698,10.233,1
4.632,2.316,352.0,76.0,0.2,16973,35.28580751977698,16.211,1
0.0,0.0,0.0,278.0,1.0,16973,35.28580751977698,1.266,1
0.0,0.0,0.0,1000.0,1.0,16973,35.28580751977698,0.0,0
0.412,0.0,176.0,427.0,1.0,16973,35.28580751977698,0.412,0
4.141,0.0,1056.0,255.0,0.2,16973,35.28580751977698,4.141,1
8.889,0.0,1760.0,198.0,0.2,16973,35.28580751977698,8.889,1
7.163,0.0,1232.0,172.0,0.2,16973,35.28580751977698,10.233,1
9.263,4.631,704.0,76.0,0.2,16973,35.28580751977698,16.211,1
0.0,0.0,0.0,278.0,1.0,16973,35.28580751977698,2.532,1
0.0,0.0,0.0,1000.0,1.0,16973,35.28580751977698,0.0,0
0.412,0.0,176.0,427.0,1.0,16973,35.28580751977698,0.412,0
4.141,0.0,1056.0,255.0,0.2,16973,35.28580751977698,4.141,1
8.889,0.0,1760.0,198.0,0.2,16973,35.28580751977698,8.889,1
8.186,1.023,1408.0,172.0,0.2,16973,35.28580751977698,10.233,1
11.579,2.316,880.0,76.0,0.2,16973,35.28580751977698,18.526,1
0.0,0.0,0.0,278.0,1.0,16973,35.28580751977698,2.532,1
0.0,0.0,0.0,1000.0,1.0,16973,35.28580751977698,0.176,0
0.412,0.0,176.0,427.0,1.0,16973,35.28580751977698,0.412,0
4.141,0.0,1056.0,255.0,0.2,16973,35.28580751977698,4.141,1
8.889,0.0,1760.0,198.0,0.2,16973,35.28580751977698,8.889,1
9.209,1.023,1584.0,172.0,0.2,16973,35.28580751977698,10.233,1
13.895,2.316,1056.0,76.0,0.2,16973,35.28580751977698,18.526,1
0.0,0.0,0.0,278.0,1.0,16973,35.28580751977698,2.532,1
0.0,0.0,0.0,1000.0,1.0,16973,35.28580751977698,0.176,0
0.412,0.0,176.0,427.0,1.0,16973,35.28580751977698,0.412,0
4.141,0.0,1056.0,255.0,0.2,16973,35.28580751977698,4.141,1
8.889,0.0,1760.0,198.0,0.2,16973,35.28580751977698,8.889,1
10.233,1.024,1760.0,172.0,0.2,16973,35.28580751977698,10.233,1
13.895,0.0,1056.0,76.0,0.2,16973,35.28580751977698,18.526,1
0.633,0.633,176.0,278.0,0.8,16973,35.28580751977698,2.532,1
0.0,0.0,0.0,1000.0,1.0,16973,35.28580751977698,0.176,0
0.412,0.0,176.0,427.0,1.0,16973,35.28580751977698,0.412,0
4.141,0.0,1056.0,255.0,0.2,16973,35.28580751977698,4.141,1
8.889,0.0,1760.0,198.0,0.2,16973,35.28580751977698,8.889,1
10.233,0.0,1760.0,172.0,0.2,16973,35.28580751977698,10.233,1
16.211,2.316,1232.0,76.0,0.2,16973,35.28580751977698,18.526,1
1.266,0.633,352.0,278.0,0.2,16973,35.28580751977698,2.532,1
0.0,0.0,0.0,1000.0,1.0,16973,35.28580751977698,0.176,0
0.412,0.0,176.0,427.0,1.0,16973,35.28580751977698,0.412,0
4.141,0.0,1056.0,255.0,0.2,16973,35.28580751977698,4.141,1
8.889,0.0,1760.0,198.0,0.2,16973,35.28580751977698,8.889,1
10.233,0.0,1760.0,172.0,0.2,16973,35.28580751977698,10.233,1
16.211,0.0,1232.0,76.0,0.2,16973,35.28580751977698,18.526,1
2.532,1.266,704.0,278.0,0.2,16973,35.28580751977698,2.532,1
0.0,0.0,0.0,1000.0,1.0,16973,35.28580751977698,0.176,0
0.412,0.0,176.0,427.0,1.0,16973,35.28580751977698,0.412,0
4.141,0.0,1056.0,255.0,0.2,16973,35.28580751977698,4.141,1
8.889,0.0,1760.0,198.0,0.2,16973,35.28580751977698,8.889,1
10.233,0.0,1760.0,172.0,0.2,16973,35.28580751977698,10.233,1
18.526,2.315,1408.0,76.0,0.2,16973,35.28580751977698,18.526,1
2.532,0.0,704.0,278.0,0.2,16973,35.28580751977698,2.532,1
0.176,0.176,176.0,1000.0,1.0,16973,35.28580751977698,0.176,0
2.878,0.0,426.0,148.0,0.2,17502,85.11778737737208,14.392,1
0.891,0.0,425.0,477.0,0.2,17502,85.11778737737208,5.346,1
0.0,0.0,0.0,235.0,1.0,17502,85.11778737737208,1.813,1
0.0,0.0,0.0,163.0,1.0,17502,85.11778737737208,0.0,0
0.0,0.0,0.0,275.0,1.0,17502,85.11778737737208,0.0,0
0.0,0.0,0.0,194.0,1.0,17502,85.11778737737208,0.0,0
0.0,0.0,0.0,1000.0,1.0,17502,85.11778737737208,0.0,0
5.757,2.879,852.0,148.0,0.2,17502,85.11778737737208,14.392,1
1.782,0.891,850.0,477.0,0.2,17502,85.11778737737208,5.346,1
0.0,0.0,0.0,235.0,1.0,17502,85.11778737737208,5.434,1
0.0,0.0,0.0,163.0,1.0,17502,85.11778737737208,0.0,0
0.0,0.0,0.0,275.0,1.0,17502,85.11778737737208,0.0,0
0.0,0.0,0.0,194.0,1.0,17502,85.11778737737208,0.0,0
0.0,0.0,0.0,1000.0,1.0,17502,85.11778737737208,0.0,0
8.635,2.878,1278.0,148.0,0.2,17502,85.11778737737208,14.392,1
2.673,0.891,1275.0,477.0,0.2,17502,85.11778737737208,5.346,1
0.0,0.0,0.0,235.0,1.0,17502,85.11778737737208,9.055,1
0.0,0.0,0.0,163.0,1.0,17502,85.11778737737208,0.0,0
0.0,0.0,0.0,275.0,1.0,17502,85.11778737737208,0.0,0
0.0,0.0,0.0,194.0,1.0,17502,85.11778737737208,0.0,0
0.0,0.0,0.0,1000.0,1.0,17502,85.11778737737208,0.0,0
11.514,2.879,1704.0,148.0,0.2,17502,85.11778737737208,14.392,1
3.564,0.891,1700.0,477.0,0.2,17502,85.11778737737208,5.346,1
0.0,0.0,0.0,235.0,1.0,17502,85.11778737737208,12.677,1
0.0,0.0,0.0,163.0,1.0,17502,85.11778737737208,0.0,0
0.0,0.0,0.0,275.0,1.0,17502,85.11778737737208,0.0,0
0.0,0.0,0.0,194.0,1.0,17502,85.11778737737208,0.0,0
0.0,0.0,0.0,1000.0,1.0,17502,85.11778737737208,0.0,0
14.392,2.878,2130.0,148.0,0.2,17502,85.11778737737208,14.392,1
4.455,0.891,2125.0,477.0,0.2,17502,85.11778737737208,5.346,1
0.0,0.0,0.0,235.0,1.0,17502,85.11778737737208,16.298,1
0.0,0.0,0.0,163.0,1.0,17502,85.11778737737208,0.0,0
0.0,0.0,0.0,275.0,1.0,17502,85.11778737737208,0.0,0
0.0,0.0,0.0,194.0,1.0,17502,85.11778737737208,0.0,0
0.0,0.0,0.0,1000.0,1.0,17502,85.11778737737208,0.0,0
14.392,0.0,2130.0,148.0,0.2,17502,85.11778737737208,14.392,1
5.346,0.891,2550.0,477.0,0.2,17502,85.11778737737208,5.346,1
1.813,1.813,426.0,235.0,0.2,17502,85.11778737737208,18.106,1
0.0,0.0,0.0,163.0,1.0,17502,85.11778737737208,2.613,1
0.0,0.0,0.0,275.0,1.0,17502,85.11778737737208,0.0,0
0.0,0.0,0.0,194.0,1.0,17502,85.11778737737208,0.0,0
0.0,0.0,0.0,1000.0,1.0,17502,85.11778737737208,0.0,0
14.392,0.0,2130.0,148.0,0.2,17502,85.11778737737208,14.392,1
5.346,0.0,2550.0,477.0,0.2,17502,85.11778737737208,5.346,1
5.434,3.621,1277.0,235.0,0.2,17502,85.11778737737208,19.6,1
0.0,0.0,0.0,163.0,1.0,17502,85.11778737737208,5.681,1
0.0,0.0,0.0,275.0,1.0,17502,85.11778737737208,0.0,0
0.0,0.0,0.0,194.0,1.0,17502,85.11778737737208,0.0,0
0.0,0.0,0.0,1000.0,1.0,17502,85.11778737737208,0.0,0
14.392,0.0,2130.0,148.0,0.2,17502,85.11778737737208,14.392,1
5.346,0.0,2550.0,477.0,0.2,17502,85.11778737737208,5.346,1
9.055,3.621,2128.0,235.0,0.2,17502,85.11778737737208,21.094,1
0.0,0.0,0.0,163.0,1.0,17502,85.11778737737208,8.748,1
0.0,0.0,0.0,275.0,1.0,17502,85.11778737737208,0.0,0
0.0,0.0,0.0,194.0,1.0,17502,85.11778737737208,0.0,0
0.0,0.0,0.0,1000.0,1.0,17502,85.11778737737208,0.0,0
14.392,0.0,2130.0,148.0,0.2,17502,85.11778737737208,14.392,1
5.346,0.0,2550.0,477.0,0.2,17502,85.11778737737208,5.346,1
12.677,3.622,2979.0,235.0,0.2,17502,85.11778737737208,22.587,1
0.0,0.0,0.0,163.0,1.0,17502,85.11778737737208,11.816,1
0.0,0.0,0.0,275.0,1.0,17502,85.11778737737208,0.0,0
0.0,0.0,0.0,194.0,1.0,17502,85.11778737737208,0.0,0
0.0,0.0,0.0,1000.0,1.0,17502,85.11778737737208,0.0,0
14.392,0.0,2130.0,148.0,0.2,17502,85.11778737737208,14.392,1
5.346,0.0,2550.0,477.0,0.2,17502,85.11778737737208,5.346,1
16.298,3.621,3830.0,235.0,0.2,17502,85.11778737737208,24.081,1
0.0,0.0,0.0,163.0,1.0,17502,85.11778737737208,14.883,1
0.0,0.0,0.0,275.0,1.0,17502,85.11778737737208,0.0,0
0.0,0.0,0.0,194.0,1.0,17502,85.11778737737208,0.0,0
0.0,0.0,0.0,1000.0,1.0,17502,85.11778737737208,0.0,0
14.392,0.0,2130.0,148.0,0.2,17502,85.11778737737208,14.392,1
5.346,0.0,2550.0,477.0,0.2,17502,85.11778737737208,5.346,1
18.106,1.808,4255.0,235.0,0.2,17502,85.11778737737208,25.574,1
2.613,2.613,426.0,163.0,0.2,17502,85.11778737737208,15.337,1
0.0,0.0,0.0,275.0,1.0,17502,85.11778737737208,1.549,1
0.0,0.0,0.0,194.0,1.0,17502,85.11778737737208,0.0,0
0.0,0.0,0.0,1000.0,1.0,17502,85.11778737737208,0.0,0
14.392,0.0,2130.0,148.0,0.2,17502,85.11778737737208,14.392,1
5.346,0.0,2550.0,477.0,0.2,17502,85.11778737737208,5.346,1
19.6,1.494,4606.0,235.0,0.2,17502,85.11778737737208,27.068,1
5.681,3.068,926.0,163.0,0.2,17502,85.11778737737208,15.337,1
0.0,0.0,0.0,275.0,1.0,17502,85.11778737737208,3.367,1
0.0,0.0,0.0,194.0,1.0,17502,85.11778737737208,0.0,0
0.0,0.0,0.0,1000.0,1.0,17502,85.11778737737208,0.0,0
14.392,0.0,2130.0,148.0,0.2,17502,85.11778737737208,14.392,1
5.346,0.0,2550.0,477.0,0.2,17502,85.11778737737208,5.346,1
21.094,1.494,4957.0,235.0,0.2,17502,85.11778737737208,28.562,1
8.748,3.067,1426.0,163.0,0.2,17502,85.11778737737208,15.337,1
0.0,0.0,0.0,275.0,1.0,17502,85.11778737737208,5.185,1
0.0,0.0,0.0,194.0,1.0,17502,85.11778737737208,0.0,0
0.0,0.0,0.0,1000.0,1.0,17502,85.11778737737208,0.0,0
14.392,0.0,2130.0,148.0,0.2,17502,85.11778737737208,14.392,1
5.346,0.0,2550.0,477.0,0.2,17502,85.11778737737208,5.346,1
22.587,1.493,5308.0,235.0,0.2,17502,85.11778737737208,30.055,1
11.816,3.068,1926.0,163.0,0.2,17502,85.11778737737208,15.337,1
0.0,0.0,0.0,275.0,1.0,17502,85.11778737737208,7.004,1
0.0,0.0,0.0,194.0,1.0,17502,85.11778737737208,0.0,0
0.0,0.0,0.0,1000.0,1.0,17502,85.11778737737208,0.0,0
14.392,0.0,2130.0,148.0,0.2,17502,85.11778737737208,14.392,1
5.346,0.0,2550.0,477.0,0.2,17502,85.11778737737208,5.346,1
24.081,1.494,5659.0,235.0,0.2,17502,85.11778737737208,31.549,1
14.883,3.067,2426.0,163.0,0.2,17502,85.11778737737208,15.337,1
0.0,0.0,0.0,275.0,1.0,17502,85.11778737737208,8.822,1
0.0,0.0,0.0,194.0,1.0,17502,85.11778737737208,0.0,0
0.0,0.0,0.0,1000.0,1.0,17502,85.11778737737208,0.0,0
14.392,0.0,2130.0,148.0,0.2,17502,85.11778737737208,14.392,1
5.346,0.0,2550.0,477.0,0.2,17502,85.11778737737208,5.346,1
25.574,1.493,6010.0,235.0,0.2,17502,85.11778737737208,31.549,1
15.337,0.454,2500.0,163.0,0.2,17502,85.11778737737208,15.337,1
1.549,1.549,426.0,275.0,0.2,17502,85.11778737737208,8.822,1
0.0,0.0,0.0,194.0,1.0,17502,85.11778737737208,0.0,0
0.0,0.0,0.0,1000.0,1.0,17502,85.11778737737208,0.0,0
14.392,0.0,2130.0,148.0,0.2,17502,85.11778737737208,14.392,1
5.346,0.0,2550.0,477.0,0.2,17502,85.11778737737208,5.346,1
27.068,1.494,6361.0,235.0,0.2,17502,85.11778737737208,31.549,1
15.337,0.0,2500.0,163.0,0.2,17502,85.11778737737208,15.337,1
3.367,1.818,926.0,275.0,0.2,17502,85.11778737737208,8.822,1
0.0,0.0,0.0,194.0,1.0,17502,85.11778737737208,0.0,0
0.0,0.0,0.0,1000.0,1.0,17502,85.11778737737208,0.0,0
14.392,0.0,2130.0,148.0,0.2,17502,85.11778737737208,14.392,1
5.346,0.0,2550.0,477.0,0.2,17502,85.11778737737208,5.346,1
28.562,1.494,6712.0,235.0,0.2,17502,85.11778737737208,31.549,1
15.337,0.0,2500.0,163.0,0.2,17502,85.11778737737208,15.337,1
5.185,1.818,1426.0,275.0,0.2,17502,85.11778737737208,8.822,1
0.0,0.0,0.0,194.0,1.0,17502,85.11778737737208,0.0,0
0.0,0.0,0.0,1000.0,1.0,17502,85.11778737737208,0.0,0
14.392,0.0,2130.0,148.0,0.2,17502,85.11778737737208,14.392,1
5.346,0.0,2550.0,477.0,0.2,17502,85.11778737737208,5.346,1
30.055,1.493,7063.0,235.0,0.2,17502,85.11778737737208,31.549,1
15.337,0.0,2500.0,163.0,0.2,17502,85.11778737737208,15.337,1
7.004,1.819,1926.0,275.0,0.2,17502,85.11778737737208,8.822,1
0.0,0.0,0.0,194.0,1.0,17502,85.11778737737208,0.0,0
0.0,0.0,0.0,1000.0,1.0,17502,85.11778737737208,0.0,0
14.392,0.0,2130.0,148.0,0.2,17502,85.11778737737208,14.392,1
5.346,0.0,2550.0,477.0,0.2,17502,85.11778737737208,5.346,1
31.549,1.494,7414.0,235.0,0.2,17502,85.11778737737208,31.549,1
15.337,0.0,2500.0,163.0,0.2,17502,85.11778737737208,15.337,1
8.822,1.818,2426.0,275.0,0.2,17502,85.11778737737208,8.822,1
0.0,0.0,0.0,194.0,1.0,17502,85.11778737737208,0.0,0
0.0,0.0,0.0,1000.0,1.0,17502,85.11778737737208,0.0,0
2.847,0.0,746.0,262.0,0.2,19557,138.5140585272434,14.237,1
1.606,0.0,639.0,398.0,0.2,19557,138.5140585272434,9.633,1
0.0,0.0,0.0,248.0,1.0,19557,138.5140585272434,3.008,1
0.0,0.0,0.0,216.0,1.0,19557,138.5140585272434,0.0,0
0.0,0.0,0.0,224.0,1.0,19557,138.5140585272434,0.0,0
0.0,0.0,0.0,269.0,1.0,19557,138.5140585272434,0.0,0
0.0,0.0,0.0,1000.0,1.0,19557,138.5140585272434,0.0,0
5.695,2.848,1492.0,262.0,0.2,19557,138.5140585272434,14.237,1
3.211,1.605,1278.0,398.0,0.2,19557,138.5140585272434,9.957,1
0.0,0.0,0.0,248.0,1.0,19557,138.5140585272434,8.073,1
0.0,0.0,0.0,216.0,1.0,19557,138.5140585272434,0.0,0
0.0,0.0,0.0,224.0,1.0,19557,138.5140585272434,0.0,0
0.0,0.0,0.0,269.0,1.0,19557,138.5140585272434,0.0,0
0.0,0.0,0.0,1000.0,1.0,19557,138.5140585272434,0.0,0
8.542,2.847,2238.0,262.0,0.2,19557,138.5140585272434,14.237,1
4.817,1.606,1917.0,398.0,0.2,19557,138.5140585272434,10.281,1
0.0,0.0,0.0,248.0,1.0,19557,138.5140585272434,13.137,1
0.0,0.0,0.0,216.0,1.0,19557,138.5140585272434,0.0,0
0.0,0.0,0.0,224.0,1.0,19557,138.5140585272434,0.0,0
0.0,0.0,0.0,269.0,1.0,19557,138.5140585272434,0.0,0
0.0,0.0,0.0,1000.0,1.0,19557,138.5140585272434,0.0,0
11.389,2.847,2984.0,262.0,0.2,19557,138.5140585272434,14.237,1
6.422,1.605,2556.0,398.0,0.2,19557,138.5140585272434,10.606,1
0.0,0.0,0.0,248.0,1.0,19557,138.5140585272434,18.202,1
0.0,0.0,0.0,216.0,1.0,19557,138.5140585272434,0.0,0
0.0,0.0,0.0,224.0,1.0,19557,138.5140585272434,0.0,0
0.0,0.0,0.0,269.0,1.0,19557,138.5140585272434,0.0,0
0.0,0.0,0.0,1000.0,1.0,19557,138.5140585272434,0.0,0
14.237,2.848,3730.0,262.0,0.2,19557,138.5140585272434,14.237,1
8.028,1.606,3195.0,398.0,0.2,19557,138.5140585272434,10.93,1
0.0,0.0,0.0,248.0,1.0,19557,138.5140585272434,23.266,1
0.0,0.0,0.0,216.0,1.0,19557,138.5140585272434,0.0,0
0.0,0.0,0.0,224.0,1.0,19557,138.5140585272434,0.0,0
0.0,0.0,0.0,269.0,1.0,19557,138.5140585272434,0.0,0
0.0,0.0,0.0,1000.0,1.0,19557,138.5140585272434,0.0,0
14.237,0.0,3730.0,262.0,0.2,19557,138.5140585272434,14.237,1
9.633,1.605,3834.0,398.0,0.2,19557,138.5140585272434,11.254,1
3.008,3.008,746.0,248.0,0.2,19557,138.5140585272434,26.839,1
0.0,0.0,0.0,216.0,1.0,19557,138.5140585272434,1.713,1
0.0,0.0,0.0,224.0,1.0,19557,138.5140585272434,0.0,0
0.0,0.0,0.0,269.0,1.0,19557,138.5140585272434,0.0,0
0.0,0.0,0.0,1000.0,1.0,19557,138.5140585272434,0.0,0
14.237,0.0,3730.0,262.0,0.2,19557,138.5140585272434,14.237,1
9.957,0.324,3963.0,398.0,0.2,19557,138.5140585272434,11.578,1
8.073,5.065,2002.0,248.0,0.2,19557,138.5140585272434,30.411,1
0.0,0.0,0.0,216.0,1.0,19557,138.5140585272434,3.426,1
0.0,0.0,0.0,224.0,1.0,19557,138.5140585272434,0.0,0
0.0,0.0,0.0,269.0,1.0,19557,138.5140585272434,0.0,0
0.0,0.0,0.0,1000.0,1.0,19557,138.5140585272434,0.0,0
14.237,0.0,3730.0,262.0,0.2,19557,138.5140585272434,14.237,1
10.281,0.324,4092.0,398.0,0.2,19557,138.5140585272434,11.902,1
13.137,5.064,3258.0,248.0,0.2,19557,138.5140585272434,33.984,1
0.0,0.0,0.0,216.0,1.0,19557,138.5140585272434,5.139,1
0.0,0.0,0.0,224.0,1.0,19557,138.5140585272434,0.0,0
0.0,0.0,0.0,269.0,1.0,19557,138.5140585272434,0.0,0
0.0,0.0,0.0,1000.0,1.0,19557,138.5140585272434,0.0,0
14.237,0.0,3730.0,262.0,0.2,19557,138.5140585272434,14.237,1
10.606,0.325,4221.0,398.0,0.2,19557,138.5140585272434,12.226,1
18.202,5.065,4514.0,248.0,0.2,19557,138.5140585272434,37.556,1
0.0,0.0,0.0,216.0,1.0,19557,138.5140585272434,6.852,1
0.0,0.0,0.0,224.0,1.0,19557,138.5140585272434,0.0,0
0.0,0.0,0.0,269.0,1.0,19557,138.5140585272434,0.0,0
0.0,0.0,0.0,1000.0,1.0,19557,138.5140585272434,0.0,0
14.237,0.0,3730.0,262.0,0.2,19557,138.5140585272434,11.71,1
10.93,0.324,4350.0,398.0,0.2,19557,138.5140585272434,11.153,1
23.266,5.064,5770.0,248.0,0.2,19557,138.5140585272434,41.129,1
0.0,0.0,0.0,216.0,1.0,19557,138.5140585272434,8.565,1
0.0,0.0,0.0,224.0,1.0,19557,138.5140585272434,0.0,0
0.0,0.0,0.0,269.0,1.0,19557,138.5140585272434,0.0,0
0.0,0.0,0.0,1000.0,1.0,19557,138.5140585272434,0.0,0
14.237,0.0,3730.0,262.0,0.2,19557,138.5140585272434,8.863,1
11.254,0.324,4479.0,398.0,0.2,19557,138.5140585272434,9.872,1
26.839,3.573,6656.0,248.0,0.2,19557,138.5140585272434,44.702,1
1.713,1.713,370.0,216.0,0.2,19557,138.5140585272434,8.565,1
0.0,0.0,0.0,224.0,1.0,19557,138.5140585272434,1.652,1
0.0,0.0,0.0,269.0,1.0,19557,138.5140585272434,0.0,0
0.0,0.0,0.0,1000.0,1.0,19557,138.5140585272434,0.0,0
14.237,0.0,3730.0,262.0,0.2,19557,138.5140585272434,6.015,1
11.578,0.324,4608.0,398.0,0.2,19557,138.5140585272434,8.59,1
30.411,3.572,7542.0,248.0,0.2,19557,138.5140585272434,48.274,1
3.426,1.713,740.0,216.0,0.2,19557,138.5140585272434,8.565,1
0.0,0.0,0.0,224.0,1.0,19557,138.5140585272434,3.304,1
0.0,0.0,0.0,269.0,1.0,19557,138.5140585272434,0.0,0
0.0,0.0,0.0,1000.0,1.0,19557,138.5140585272434,0.0,0
14.237,0.0,3730.0,262.0,0.2,19557,138.5140585272434,3.168,1
11.902,0.324,4737.0,398.0,0.2,19557,138.5140585272434,7.309,1
33.984,3.573,8428.0,248.0,0.2,19557,138.5140585272434,51.847,1
5.139,1.713,1110.0,216.0,0.2,19557,138.5140585272434,8.565,1
0.0,0.0,0.0,224.0,1.0,19557,138.5140585272434,4.955,1
0.0,0.0,0.0,269.0,1.0,19557,138.5140585272434,0.0,0
0.0,0.0,0.0,1000.0,1.0,19557,138.5140585272434,0.0,0
14.237,0.0,3730.0,262.0,0.2,19557,138.5140585272434,0.321,0
12.226,0.324,4866.0,398.0,0.2,19557,138.5140585272434,6.028,1
37.556,3.572,9314.0,248.0,0.2,19557,138.5140585272434,55.419,1
6.852,1.713,1480.0,216.0,0.2,19557,138.5140585272434,8.565,1
0.0,0.0,0.0,224.0,1.0,19557,138.5140585272434,6.607,1
0.0,0.0,0.0,269.0,1.0,19557,138.5140585272434,0.0,0
0.0,0.0,0.0,1000.0,1.0,19557,138.5140585272434,0.0,0
11.71,-2.527,3068.0,262.0,0.2,19557,138.5140585272434,0.0,0
11.153,-1.073,4439.0,398.0,0.2,19557,138.5140585272434,4.746,1
41.129,3.573,10200.0,248.0,0.2,19557,138.5140585272434,56.323,1
8.565,1.713,1850.0,216.0,0.2,19557,138.5140585272434,8.565,1
0.0,0.0,0.0,224.0,1.0,19557,138.5140585272434,8.259,1
0.0,0.0,0.0,269.0,1.0,19557,138.5140585272434,0.0,0
0.0,0.0,0.0,1000.0,1.0,19557,138.5140585272434,0.0,0
8.863,-2.847,2322.0,262.0,0.2,19557,138.5140585272434,0.0,0
9.872,-1.281,3929.0,398.0,0.2,19557,138.5140585272434,4.746,1
44.702,3.573,11086.0,248.0,0.2,19557,138.5140585272434,56.323,1
8.565,0.0,1850.0,216.0,0.2,19557,138.5140585272434,8.565,1
1.652,1.652,370.0,224.0,0.2,19557,138.5140585272434,8.259,1
0.0,0.0,0.0,269.0,1.0,19557,138.5140585272434,0.0,0
0.0,0.0,0.0,1000.0,1.0,19557,138.5140585272434,0.0,0
6.015,-2.848,1576.0,262.0,0.2,19557,138.5140585272434,0.0,0
8.59,-1.282,3419.0,398.0,0.2,19557,138.5140585272434,4.746,1
48.274,3.572,11972.0,248.0,0.2,19557,138.5140585272434,56.323,1
8.565,0.0,1850.0,216.0,0.2,19557,138.5140585272434,8.565,1
3.304,1.652,740.0,224.0,0.2,19557,138.5140585272434,8.259,1
0.0,0.0,0.0,269.0,1.0,19557,138.5140585272434,0.0,0
0.0,0.0,0.0,1000.0,1.0,19557,138.5140585272434,0.0,0
3.168,-2.847,830.0,262.0,0.2,19557,138.5140585272434,0.0,0
7.309,-1.281,2909.0,398.0,0.2,19557,138.5140585272434,4.746,1
51.847,3.573,12858.0,248.0,0.2,19557,138.5140585272434,56.323,1
8.565,0.0,1850.0,216.0,0.2,19557,138.5140585272434,8.565,1
4.955,1.651,1110.0,224.0,0.2,19557,138.5140585272434,8.259,1
0.0,0.0,0.0,269.0,1.0,19557,138.5140585272434,0.0,0
0.0,0.0,0.0,1000.0,1.0,19557,138.5140585272434,0.0,0
0.321,-2.847,84.0,262.0,1.0,19557,138.5140585272434,0.0,0
6.028,-1.281,2399.0,398.0,0.2,19557,138.5140585272434,4.746,1
55.419,3.572,13744.0,248.0,0.2,19557,138.5140585272434,56.323,1
8.565,0.0,1850.0,216.0,0.2,19557,138.5140585272434,8.565,1
6.607,1.652,1480.0,224.0,0.2,19557,138.5140585272434,8.259,1
0.0,0.0,0.0,269.0,1.0,19557,138.5140585272434,0.0,0
0.0,0.0,0.0,1000.0,1.0,19557,138.5140585272434,0.0,0
0.0,-0.321,0.0,262.0,1.0,19557,138.5140585272434,0.0,0
4.746,-1.282,1889.0,398.0,0.2,19557,138.5140585272434,4.746,1
56.323,0.904,13968.0,248.0,0.2,19557,138.5140585272434,56.323,1
8.565,0.0,1850.0,216.0,0.2,19557,138.5140585272434,8.565,1
8.259,1.652,1850.0,224.0,0.2,19557,138.5140585272434,8.259,1
0.0,0.0,0.0,269.0,1.0,19557,138.5140585272434,0.0,0
0.0,0.0,0.0,1000.0,1.0,19557,138.5140585272434,0.0,0
1.928,0.0,619.0,321.0,0.2,19576,123.82482635747168,9.642,1
2.409,0.0,619.0,257.0,0.2,19576,123.82482635747168,14.451,1
0.0,0.0,0.0,217.0,1.0,19576,123.82482635747168,2.853,1
0.0,0.0,0.0,162.0,1.0,19576,123.82482635747168,0.0,0
0.0,0.0,0.0,155.0,1.0,19576,123.82482635747168,0.0,0
0.0,0.0,0.0,265.0,1.0,19576,123.82482635747168,0.0,0
0.0,0.0,0.0,1000.0,1.0,19576,123.82482635747168,0.0,0
3.857,1.929,1238.0,321.0,0.2,19576,123.82482635747168,9.642,1
4.817,2.408,1238.0,257.0,0.2,19576,123.82482635747168,14.451,1
0.0,0.0,0.0,217.0,1.0,19576,123.82482635747168,8.558,1
0.0,0.0,0.0,162.0,1.0,19576,123.82482635747168,0.0,0
0.0,0.0,0.0,155.0,1.0,19576,123.82482635747168,0.0,0
0.0,0.0,0.0,265.0,1.0,19576,123.82482635747168,0.0,0
0.0,0.0,0.0,1000.0,1.0,19576,123.82482635747168,0.0,0
5.785,1.928,1857.0,321.0,0.2,19576,123.82482635747168,9.642,1
7.226,2.409,1857.0,257.0,0.2,19576,123.82482635747168,14.451,1
0.0,0.0,0.0,217.0,1.0,19576,123.82482635747168,14.263,1
0.0,0.0,0.0,162.0,1.0,19576,123.82482635747168,0.0,0
0.0,0.0,0.0,155.0,1.0,19576,123.82482635747168,0.0,0
0.0,0.0,0.0,265.0,1.0,19576,123.82482635747168,0.0,0
0.0,0.0,0.0,1000.0,1.0,19576,123.82482635747168,0.0,0
7.713,1.928,2476.0,321.0,0.2,19576,123.82482635747168,9.642,1
9.634,2.408,2476.0,257.0,0.2,19576,123.82482635747168,14.451,1
0.0,0.0,0.0,217.0,1.0,19576,123.82482635747168,19.968,1
0.0,0.0,0.0,162.0,1.0,19576,123.82482635747168,0.0,0
0.0,0.0,0.0,155.0,1.0,19576,123.82482635747168,0.0,0
0.0,0.0,0.0,265.0,1.0,19576,123.82482635747168,0.0,0
0.0,0.0,0.0,1000.0,1.0,19576,123.82482635747168,0.0,0
9.642,1.929,3095.0,321.0,0.2,19576,123.82482635747168,9.642,1
12.043,2.409,3095.0,257.0,0.2,19576,123.82482635747168,14.451,1
0.0,0.0,0.0,217.0,1.0,19576,123.82482635747168,25.673,1
0.0,0.0,0.0,162.0,1.0,19576,123.82482635747168,0.0,0
0.0,0.0,0.0,155.0,1.0,19576,123.82482635747168,0.0,0
0.0,0.0,0.0,265.0,1.0,19576,123.82482635747168,0.0,0
0.0,0.0,0.0,1000.0,1.0,19576,123.82482635747168,0.0,0
9.642,0.0,3095.0,321.0,0.2,19576,123.82482635747168,9.642,1
14.451,2.408,3714.0,257.0,0.2,19576,123.82482635747168,14.451,1
2.853,2.853,619.0,217.0,0.2,19576,123.82482635747168,30.134,1
0.0,0.0,0.0,162.0,1.0,19576,123.82482635747168,1.667,1
0.0,0.0,0.0,155.0,1.0,19576,123.82482635747168,0.0,0
0.0,0.0,0.0,265.0,1.0,19576,123.82482635747168,0.0,0
0.0,0.0,0.0,1000.0,1.0,19576,123.82482635747168,0.0,0
9.642,0.0,3095.0,321.0,0.2,19576,123.82482635747168,9.642,1
14.451,0.0,3714.0,257.0,0.2,19576,123.82482635747168,14.451,1
8.558,5.705,1857.0,217.0,0.2,19576,123.82482635747168,34.594,1
0.0,0.0,0.0,162.0,1.0,19576,123.82482635747168,3.333,1
0.0,0.0,0.0,155.0,1.0,19576,123.82482635747168,0.0,0
0.0,0.0,0.0,265.0,1.0,19576,123.82482635747168,0.0,0
0.0,0.0,0.0,1000.0,1.0,19576,123.82482635747168,0.0,0
9.642,0.0,3095.0,321.0,0.2,19576,123.82482635747168,9.642,1
14.451,0.0,3714.0,257.0,0.2,19576,123.82482635747168,14.451,1
14.263,5.705,3095.0,217.0,0.2,19576,123.82482635747168,39.055,1
0.0,0.0,0.0,162.0,1.0,19576,123.82482635747168,5.0,1
0.0,0.0,0.0,155.0,1.0,19576,123.82482635747168,0.0,0
0.0,0.0,0.0,265.0,1.0,19576,123.82482635747168,0.0,0
0.0,0.0,0.0,1000.0,1.0,19576,123.82482635747168,0.0,0
9.642,0.0,3095.0,321.0,0.2,19576,123.82482635747168,9.642,1
14.451,0.0,3714.0,257.0,0.2,19576,123.82482635747168,14.451,1
19.968,5.705,4333.0,217.0,0.2,19576,123.82482635747168,43.516,1
0.0,0.0,0.0,162.0,1.0,19576,123.82482635747168,6.667,1
0.0,0.0,0.0,155.0,1.0,19576,123.82482635747168,0.0,0
0.0,0.0,0.0,265.0,1.0,19576,123.82482635747168,0.0,0
0.0,0.0,0.0,1000.0,1.0,19576,123.82482635747168,0.0,0
9.642,0.0,3095.0,321.0,0.2,19576,123.82482635747168,9.642,1
14.451,0.0,3714.0,257.0,0.2,19576,123.82482635747168,14.451,1
25.673,5.705,5571.0,217.0,0.2,19576,123.82482635747168,47.977,1
0.0,0.0,0.0,162.0,1.0,19576,123.82482635747168,8.333,1
0.0,0.0,0.0,155.0,1.0,19576,123.82482635747168,0.0,0
0.0,0.0,0.0,265.0,1.0,19576,123.82482635747168,0.0,0
0.0,0.0,0.0,1000.0,1.0,19576,123.82482635747168,0.0,0
9.642,0.0,3095.0,321.0,0.2,19576,123.82482635747168,9.28,1
14.451,0.0,3714.0,257.0,0.2,19576,123.82482635747168,14.0,1
30.134,4.461,6539.0,217.0,0.2,19576,123.82482635747168,52.438,1
1.667,1.667,270.0,162.0,0.2,19576,123.82482635747168,8.457,1
0.0,0.0,0.0,155.0,1.0,19576,123.82482635747168,1.613,1
0.0,0.0,0.0,265.0,1.0,19576,123.82482635747168,0.0,0
0.0,0.0,0.0,1000.0,1.0,19576,123.82482635747168,0.0,0
9.642,0.0,3095.0,321.0,0.2,19576,123.82482635747168,7.352,1
14.451,0.0,3714.0,257.0,0.2,19576,123.82482635747168,11.591,1
34.594,4.46,7507.0,217.0,0.2,19576,123.82482635747168,56.899,1
3.333,1.666,540.0,162.0,0.2,19576,123.82482635747168,8.58,1
0.0,0.0,0.0,155.0,1.0,19576,123.82482635747168,3.226,1
0.0,0.0,0.0,265.0,1.0,19576,123.82482635747168,0.0,0
0.0,0.0,0.0,1000.0,1.0,19576,123.82482635747168,0.0,0
9.642,0.0,3095.0,321.0,0.2,19576,123.82482635747168,5.424,1
14.451,0.0,3714.0,257.0,0.2,19576,123.82482635747168,9.183,1
39.055,4.461,8475.0,217.0,0.2,19576,123.82482635747168,61.359,1
5.0,1.667,810.0,162.0,0.2,19576,123.82482635747168,8.704,1
0.0,0.0,0.0,155.0,1.0,19576,123.82482635747168,4.839,1
0.0,0.0,0.0,265.0,1.0,19576,123.82482635747168,0.0,0
0.0,0.0,0.0,1000.0,1.0,19576,123.82482635747168,0.0,0
9.642,0.0,3095.0,321.0,0.2,19576,123.82482635747168,3.495,1
14.451,0.0,3714.0,257.0,0.2,19576,123.82482635747168,6.774,1
43.516,4.461,9443.0,217.0,0.2,19576,123.82482635747168,65.82,1
6.667,1.667,1080.0,162.0,0.2,19576,123.82482635747168,8.827,1
0.0,0.0,0.0,155.0,1.0,19576,123.82482635747168,6.452,1
0.0,0.0,0.0,265.0,1.0,19576,123.82482635747168,0.0,0
0.0,0.0,0.0,1000.0,1.0,19576,123.82482635747168,0.0,0
9.642,0.0,3095.0,321.0,0.2,19576,123.82482635747168,1.567,1
14.451,0.0,3714.0,257.0,0.2,19576,123.82482635747168,4.366,1
47.977,4.461,10411.0,217.0,0.2,19576,123.82482635747168,70.281,1
8.333,1.666,1350.0,162.0,0.2,19576,123.82482635747168,8.951,1
0.0,0.0,0.0,155.0,1.0,19576,123.82482635747168,8.065,1
0.0,0.0,0.0,265.0,1.0,19576,123.82482635747168,0.0,0
0.0,0.0,0.0,1000.0,1.0,19576,123.82482635747168,0.0,0
9.28,-0.362,2979.0,321.0,0.2,19576,123.82482635747168,1.567,1
14.0,-0.451,3598.0,257.0,0.2,19576,123.82482635747168,4.366,1
52.438,4.461,11379.0,217.0,0.2,19576,123.82482635747168,70.281,1
8.457,0.124,1370.0,162.0,0.2,19576,123.82482635747168,8.951,1
1.613,1.613,250.0,155.0,0.2,19576,123.82482635747168,8.065,1
0.0,0.0,0.0,265.0,1.0,19576,123.82482635747168,0.0,0
0.0,0.0,0.0,1000.0,1.0,19576,123.82482635747168,0.0,0
7.352,-1.928,2360.0,321.0,0.2,19576,123.82482635747168,1.567,1
11.591,-2.409,2979.0,257.0,0.2,19576,123.82482635747168,4.366,1
56.899,4.461,12347.0,217.0,0.2,19576,123.82482635747168,70.281,1
8.58,0.123,1390.0,162.0,0.2,19576,123.82482635747168,8.951,1
3.226,1.613,500.0,155.0,0.2,19576,123.82482635747168,8.065,1
0.0,0.0,0.0,265.0,1.0,19576,123.82482635747168,0.0,0
0.0,0.0,0.0,1000.0,1.0,19576,123.82482635747168,0.0,0
5.424,-1.928,1741.0,321.0,0.2,19576,123.82482635747168,1.567,1
9.183,-2.408,2360.0,257.0,0.2,19576,123.82482635747168,4.366,1
61.359,4.46,13315.0,217.0,0.2,19576,123.82482635747168,70.281,1
8.704,0.124,1410.0,162.0,0.2,19576,123.82482635747168,8.951,1
4.839,1.613,750.0,155.0,0.2,19576,123.82482635747168,8.065,1
0.0,0.0,0.0,265.0,1.0,19576,123.82482635747168,0.0,0
0.0,0.0,0.0,1000.0,1.0,19576,123.82482635747168,0.0,0
3.495,-1.929,1122.0,321.0,0.2,19576,123.82482635747168,1.567,1
6.774,-2.409,1741.0,257.0,0.2,19576,123.82482635747168,4.366,1
65.82,4.461,14283.0,217.0,0.2,19576,123.82482635747168,70.281,1
8.827,0.123,1430.0,162.0,0.2,19576,123.82482635747168,8.951,1
6.452,1.613,1000.0,155.0,0.2,19576,123.82482635747168,8.065,1
0.0,0.0,0.0,265.0,1.0,19576,123.82482635747168,0.0,0
0.0,0.0,0.0,1000.0,1.0,19576,123.82482635747168,0.0,0
1.567,-1.928,503.0,321.0,0.2,19576,123.82482635747168,1.567,1
4.366,-2.408,1122.0,257.0,0.2,19576,123.82482635747168,4.366,1
70.281,4.461,15251.0,217.0,0.2,19576,123.82482635747168,70.281,1
8.951,0.124,1450.0,162.0,0.2,19576,123.82482635747168,8.951,1
8.065,1.613,1250.0,155.0,0.2,19576,123.82482635747168,8.065,1
0.0,0.0,0.0,265.0,1.0,19576,123.82482635747168,0.0,0
0.0,0.0,0.0,1000.0,1.0,19576,123.82482635747168,0.0,0
2.053,0.0,271.0,132.0,0.2,14581,54.152756082515936,10.265,1
2.673,0.0,270.0,101.0,0.2,14581,54.152756082515936,16.04,1
0.0,0.0,0.0,91.0,1.0,14581,54.152756082515936,2.978,1
0.0,0.0,0.0,179.0,1.0,14581,54.152756082515936,0.0,0
0.0,0.0,0.0,168.0,1.0,14581,54.152756082515936,0.0,0
0.0,0.0,0.0,232.0,1.0,14581,54.152756082515936,0.0,0
0.0,0.0,0.0,1000.0,1.0,14581,54.152756082515936,0.0,0
4.106,2.053,542.0,132.0,0.2,14581,54.152756082515936,10.265,1
5.347,2.674,540.0,101.0,0.2,14581,54.152756082515936,16.04,1
0.0,0.0,0.0,91.0,1.0,14581,54.152756082515936,8.923,1
0.0,0.0,0.0,179.0,1.0,14581,54.152756082515936,0.0,0
0.0,0.0,0.0,168.0,1.0,14581,54.152756082515936,0.0,0
0.0,0.0,0.0,232.0,1.0,14581,54.152756082515936,0.0,0
0.0,0.0,0.0,1000.0,1.0,14581,54.152756082515936,0.0,0
6.159,2.053,813.0,132.0,0.2,14581,54.152756082515936,10.265,1
8.02,2.673,810.0,101.0,0.2,14581,54.152756082515936,16.04,1
0.0,0.0,0.0,91.0,1.0,14581,54.152756082515936,14.868,1
0.0,0.0,0.0,179.0,1.0,14581,54.152756082515936,0.0,0
0.0,0.0,0.0,168.0,1.0,14581,54.152756082515936,0.0,0
0.0,0.0,0.0,232.0,1.0,14581,54.152756082515936,0.0,0
0.0,0.0,0.0,1000.0,1.0,14581,54.152756082515936,0.0,0
8.212,2.053,1084.0,132.0,0.2,14581,54.152756082515936,10.265,1
10.693,2.673,1080.0,101.0,0.2,14581,54.152756082515936,16.04,1
0.0,0.0,0.0,91.0,1.0,14581,54.152756082515936,20.813,1
0.0,0.0,0.0,179.0,1.0,14581,54.152756082515936,0.0,0
0.0,0.0,0.0,168.0,1.0,14581,54.152756082515936,0.0,0
0.0,0.0,0.0,232.0,1.0,14581,54.152756082515936,0.0,0
0.0,0.0,0.0,1000.0,1.0,14581,54.152756082515936,0.0,0
10.265,2.053,1355.0,132.0,0.2,14581,54.152756082515936,10.265,1
13.366,2.673,1350.0,101.0,0.2,14581,54.152756082515936,16.04,1
0.0,0.0,0.0,91.0,1.0,14581,54.152756082515936,26.758,1
0.0,0.0,0.0,179.0,1.0,14581,54.152756082515936,0.0,0
0.0,0.0,0.0,168.0,1.0,14581,54.152756082515936,0.0,0
0.0,0.0,0.0,232.0,1.0,14581,54.152756082515936,0.0,0
0.0,0.0,0.0,1000.0,1.0,14581,54.152756082515936,0.0,0
10.265,0.0,1355.0,132.0,0.2,14581,54.152756082515936,10.265,1
16.04,2.674,1620.0,101.0,0.2,14581,54.152756082515936,16.04,1
2.978,2.978,271.0,91.0,0.2,14581,54.152756082515936,29.725,1
0.0,0.0,0.0,179.0,1.0,14581,54.152756082515936,1.514,1
0.0,0.0,0.0,168.0,1.0,14581,54.152756082515936,0.0,0
0.0,0.0,0.0,232.0,1.0,14581,54.152756082515936,0.0,0
0.0,0.0,0.0,1000.0,1.0,14581,54.152756082515936,0.0,0
10.265,0.0,1355.0,132.0,0.2,14581,54.152756082515936,10.265,1
16.04,0.0,1620.0,101.0,0.2,14581,54.152756082515936,16.04,1
8.923,5.945,812.0,91.0,0.2,14581,54.152756082515936,30.835,1
0.0,0.0,0.0,179.0,1.0,14581,54.152756082515936,3.972,1
0.0,0.0,0.0,168.0,1.0,14581,54.152756082515936,0.0,0
0.0,0.0,0.0,232.0,1.0,14581,54.152756082515936,0.0,0
0.0,0.0,0.0,1000.0,1.0,14581,54.152756082515936,0.0,0
10.265,0.0,1355.0,132.0,0.2,14581,54.152756082515936,10.265,1
16.04,0.0,1620.0,101.0,0.2,14581,54.152756082515936,16.04,1
14.868,5.945,1353.0,91.0,0.2,14581,54.152756082515936,31.945,1
0.0,0.0,0.0,179.0,1.0,14581,54.152756082515936,6.43,1
0.0,0.0,0.0,168.0,1.0,14581,54.152756082515936,0.0,0
0.0,0.0,0.0,232.0,1.0,14581,54.152756082515936,0.0,0
0.0,0.0,0.0,1000.0,1.0,14581,54.152756082515936,0.0,0
10.265,0.0,1355.0,132.0,0.2,14581,54.152756082515936,10.265,1
16.04,0.0,1620.0,101.0,0.2,14581,54.152756082515936,16.04,1
20.813,5.945,1894.0,91.0,0.2,14581,54.152756082515936,33.055,1
0.0,0.0,0.0,179.0,1.0,14581,54.152756082515936,8.888,1
0.0,0.0,0.0,168.0,1.0,14581,54.152756082515936,0.0,0
0.0,0.0,0.0,232.0,1.0,14581,54.152756082515936,0.0,0
0.0,0.0,0.0,1000.0,1.0,14581,54.152756082515936,0.0,0
10.265,0.0,1355.0,132.0,0.2,14581,54.152756082515936,10.265,1
16.04,0.0,1620.0,101.0,0.2,14581,54.152756082515936,16.04,1
26.758,5.945,2435.0,91.0,0.2,14581,54.152756082515936,34.165,1
0.0,0.0,0.0,179.0,1.0,14581,54.152756082515936,11.346,1
0.0,0.0,0.0,168.0,1.0,14581,54.152756082515936,0.0,0
0.0,0.0,0.0,232.0,1.0,14581,54.152756082515936,0.0,0
0.0,0.0,0.0,1000.0,1.0,14581,54.152756082515936,0.0,0
10.265,0.0,1355.0,132.0,0.2,14581,54.152756082515936,10.265,1
16.04,0.0,1620.0,101.0,0.2,14581,54.152756082515936,16.04,1
29.725,2.967,2705.0,91.0,0.2,14581,54.152756082515936,35.275,1
1.514,1.514,271.0,179.0,0.2,14581,54.152756082515936,12.291,1
0.0,0.0,0.0,168.0,1.0,14581,54.152756082515936,1.613,1
0.0,0.0,0.0,232.0,1.0,14581,54.152756082515936,0.0,0
0.0,0.0,0.0,1000.0,1.0,14581,54.152756082515936,0.0,0
10.265,0.0,1355.0,132.0,0.2,14581,54.152756082515936,10.265,1
16.04,0.0,1620.0,101.0,0.2,14581,54.152756082515936,16.04,1
30.835,1.11,2806.0,91.0,0.2,14581,54.152756082515936,36.385,1
3.972,2.458,711.0,179.0,0.2,14581,54.152756082515936,12.291,1
0.0,0.0,0.0,168.0,1.0,14581,54.152756082515936,4.232,1
0.0,0.0,0.0,232.0,1.0,14581,54.152756082515936,0.0,0
0.0,0.0,0.0,1000.0,1.0,14581,54.152756082515936,0.0,0
10.265,0.0,1355.0,132.0,0.2,14581,54.152756082515936,10.265,1
16.04,0.0,1620.0,101.0,0.2,14581,54.152756082515936,16.04,1
31.945,1.11,2907.0,91.0,0.2,14581,54.152756082515936,37.495,1
6.43,2.458,1151.0,179.0,0.2,14581,54.152756082515936,12.291,1
0.0,0.0,0.0,168.0,1.0,14581,54.152756082515936,6.851,1
0.0,0.0,0.0,232.0,1.0,14581,54.152756082515936,0.0,0
0.0,0.0,0.0,1000.0,1.0,14581,54.152756082515936,0.0,0
10.265,0.0,1355.0,132.0,0.2,14581,54.152756082515936,10.265,1
16.04,0.0,1620.0,101.0,0.2,14581,54.152756082515936,16.04,1
33.055,1.11,3008.0,91.0,0.2,14581,54.152756082515936,38.604,1
8.888,2.458,1591.0,179.0,0.2,14581,54.152756082515936,12.291,1
0.0,0.0,0.0,168.0,1.0,14581,54.152756082515936,9.47,1
0.0,0.0,0.0,232.0,1.0,14581,54.152756082515936,0.0,0
0.0,0.0,0.0,1000.0,1.0,14581,54.152756082515936,0.0,0
10.265,0.0,1355.0,132.0,0.2,14581,54.152756082515936,10.265,1
16.04,0.0,1620.0,101.0,0.2,14581,54.152756082515936,16.04,1
34.165,1.11,3109.0,91.0,0.2,14581,54.152756082515936,39.714,1
11.346,2.458,2031.0,179.0,0.2,14581,54.152756082515936,12.291,1
0.0,0.0,0.0,168.0,1.0,14581,54.152756082515936,12.089,1
0.0,0.0,0.0,232.0,1.0,14581,54.152756082515936,0.0,0
0.0,0.0,0.0,1000.0,1.0,14581,54.152756082515936,0.0,0
10.265,0.0,1355.0,132.0,0.2,14581,54.152756082515936,10.265,1
16.04,0.0,1620.0,101.0,0.2,14581,54.152756082515936,16.04,1
35.275,1.11,3210.0,91.0,0.2,14581,54.152756082515936,39.714,1
12.291,0.945,2200.0,179.0,0.2,14581,54.152756082515936,12.291,1
1.613,1.613,271.0,168.0,0.2,14581,54.152756082515936,12.089,1
0.0,0.0,0.0,232.0,1.0,14581,54.152756082515936,0.0,0
0.0,0.0,0.0,1000.0,1.0,14581,54.152756082515936,0.0,0
10.265,0.0,1355.0,132.0,0.2,14581,54.152756082515936,10.265,1
16.04,0.0,1620.0,101.0,0.2,14581,54.152756082515936,16.04,1
36.385,1.11,3311.0,91.0,0.2,14581,54.152756082515936,39.714,1
12.291,0.0,2200.0,179.0,0.2,14581,54.152756082515936,12.291,1
4.232,2.619,711.0,168.0,0.2,14581,54.152756082515936,12.089,1
0.0,0.0,0.0,232.0,1.0,14581,54.152756082515936,0.0,0
0.0,0.0,0.0,1000.0,1.0,14581,54.152756082515936,0.0,0
10.265,0.0,1355.0,132.0,0.2,14581,54.152756082515936,10.265,1
16.04,0.0,1620.0,101.0,0.2,14581,54.152756082515936,16.04,1
37.495,1.11,3412.0,91.0,0.2,14581,54.152756082515936,39.714,1
12.291,0.0,2200.0,179.0,0.2,14581,54.152756082515936,12.291,1
6.851,2.619,1151.0,168.0,0.2,14581,54.152756082515936,12.089,1
0.0,0.0,0.0,232.0,1.0,14581,54.152756082515936,0.0,0
0.0,0.0,0.0,1000.0,1.0,14581,54.152756082515936,0.0,0
10.265,0.0,1355.0,132.0,0.2,14581,54.152756082515936,10.265,1
16.04,0.0,1620.0,101.0,0.2,14581,54.152756082515936,16.04,1
38.604,1.109,3513.0,91.0,0.2,14581,54.152756082515936,39.714,1
12.291,0.0,2200.0,179.0,0.2,14581,54.152756082515936,12.291,1
9.47,2.619,1591.0,168.0,0.2,14581,54.152756082515936,12.089,1
0.0,0.0,0.0,232.0,1.0,14581,54.152756082515936,0.0,0
0.0,0.0,0.0,1000.0,1.0,14581,54.152756082515936,0.0,0
10.265,0.0,1355.0,132.0,0.2,14581,54.152756082515936,10.265,1
16.04,0.0,1620.0,101.0,0.2,14581,54.152756082515936,16.04,1
39.714,1.11,3614.0,91.0,0.2,14581,54.152756082515936,39.714,1
12.291,0.0,2200.0,179.0,0.2,14581,54.152756082515936,12.291,1
12.089,2.619,2031.0,168.0,0.2,14581,54.152756082515936,12.089,1
0.0,0.0,0.0,232.0,1.0,14581,54.152756082515936,0.0,0
0.0,0.0,0.0,1000.0,1.0,14581,54.152756082515936,0.0,0
1.115,0.0,438.0,393.0,0.2,1791,87.58202768691542,1.392,1
1.649,0.0,437.0,265.0,0.2,1791,87.58202768691542,3.374,1
0.0,0.0,0.0,225.0,1.0,1791,87.58202768691542,1.556,1
0.0,0.0,0.0,292.0,1.0,1791,87.58202768691542,0.0,0
0.0,0.0,0.0,93.0,1.0,1791,87.58202768691542,0.0,0
0.0,0.0,0.0,299.0,1.0,1791,87.58202768691542,0.0,0
0.0,0.0,0.0,1000.0,1.0,1791,87.58202768691542,0.0,0
2.229,1.114,876.0,393.0,0.2,1791,87.58202768691542,0.501,0
3.298,1.649,874.0,265.0,0.2,1791,87.58202768691542,2.166,1
0.0,0.0,0.0,225.0,1.0,1791,87.58202768691542,4.533,1
0.0,0.0,0.0,292.0,1.0,1791,87.58202768691542,0.0,0
0.0,0.0,0.0,93.0,1.0,1791,87.58202768691542,0.0,0
0.0,0.0,0.0,299.0,1.0,1791,87.58202768691542,0.0,0
0.0,0.0,0.0,1000.0,1.0,1791,87.58202768691542,0.0,0
2.282,0.053,897.0,393.0,0.2,1791,87.58202768691542,0.224,0
3.374,0.076,894.0,265.0,0.2,1791,87.58202768691542,0.958,1
0.0,0.0,0.0,225.0,1.0,1791,87.58202768691542,6.44,1
0.0,0.0,0.0,292.0,1.0,1791,87.58202768691542,0.0,0
0.0,0.0,0.0,93.0,1.0,1791,87.58202768691542,0.0,0
0.0,0.0,0.0,299.0,1.0,1791,87.58202768691542,0.0,0
0.0,0.0,0.0,1000.0,1.0,1791,87.58202768691542,0.0,0
2.282,0.0,897.0,393.0,0.2,1791,87.58202768691542,0.0,0
3.374,0.0,894.0,265.0,0.2,1791,87.58202768691542,0.883,1
0.0,0.0,0.0,225.0,1.0,1791,87.58202768691542,6.92,1
0.0,0.0,0.0,292.0,1.0,1791,87.58202768691542,0.0,0
0.0,0.0,0.0,93.0,1.0,1791,87.58202768691542,0.0,0
0.0,0.0,0.0,299.0,1.0,1791,87.58202768691542,0.0,0
0.0,0.0,0.0,1000.0,1.0,1791,87.58202768691542,0.0,0
2.282,0.0,897.0,393.0,0.2,1791,87.58202768691542,0.0,0
3.374,0.0,894.0,265.0,0.2,1791,87.58202768691542,0.883,1
0.0,0.0,0.0,225.0,1.0,1791,87.58202768691542,6.92,1
0.0,0.0,0.0,292.0,1.0,1791,87.58202768691542,0.0,0
0.0,0.0,0.0,93.0,1.0,1791,87.58202768691542,0.0,0
0.0,0.0,0.0,299.0,1.0,1791,87.58202768691542,0.0,0
0.0,0.0,0.0,1000.0,1.0,1791,87.58202768691542,0.0,0
1.392,-0.89,547.0,393.0,0.2,1791,87.58202768691542,0.0,0
3.374,0.0,894.0,265.0,0.2,1791,87.58202768691542,0.883,1
1.556,1.556,350.0,225.0,0.2,1791,87.58202768691542,5.987,1
0.0,0.0,0.0,292.0,1.0,1791,87.58202768691542,0.719,0
0.0,0.0,0.0,93.0,1.0,1791,87.58202768691542,0.0,0
0.0,0.0,0.0,299.0,1.0,1791,87.58202768691542,0.0,0
0.0,0.0,0.0,1000.0,1.0,1791,87.58202768691542,0.0,0
0.501,-0.891,197.0,393.0,0.8,1791,87.58202768691542,0.0,0
2.166,-1.208,574.0,265.0,0.2,1791,87.58202768691542,0.883,1
4.533,2.977,1020.0,225.0,0.2,1791,87.58202768691542,5.053,1
0.0,0.0,0.0,292.0,1.0,1791,87.58202768691542,1.438,1
0.0,0.0,0.0,93.0,1.0,1791,87.58202768691542,0.0,0
0.0,0.0,0.0,299.0,1.0,1791,87.58202768691542,0.0,0
0.0,0.0,0.0,1000.0,1.0,1791,87.58202768691542,0.0,0
0.224,-0.277,88.0,393.0,1.0,1791,87.58202768691542,0.0,0
0.958,-1.208,254.0,265.0,0.2,1791,87.58202768691542,0.442,0
6.44,1.907,1449.0,225.0,0.2,1791,87.58202768691542,4.64,1
0.0,0.0,0.0,292.0,1.0,1791,87.58202768691542,2.158,1
0.0,0.0,0.0,93.0,1.0,1791,87.58202768691542,0.0,0
0.0,0.0,0.0,299.0,1.0,1791,87.58202768691542,0.0,0
0.0,0.0,0.0,1000.0,1.0,1791,87.58202768691542,0.0,0
0.0,-0.224,0.0,393.0,1.0,1791,87.58202768691542,0.0,0
0.883,-0.075,234.0,265.0,0.2,1791,87.58202768691542,0.0,0
6.92,0.48,1557.0,225.0,0.2,1791,87.58202768691542,4.68,1
0.0,0.0,0.0,292.0,1.0,1791,87.58202768691542,1.808,1
0.0,0.0,0.0,93.0,1.0,1791,87.58202768691542,2.258,1
0.0,0.0,0.0,299.0,1.0,1791,87.58202768691542,0.0,0
0.0,0.0,0.0,1000.0,1.0,1791,87.58202768691542,0.0,0
0.0,0.0,0.0,393.0,1.0,1791,87.58202768691542,0.0,0
0.883,0.0,234.0,265.0,0.2,1791,87.58202768691542,0.0,0
6.92,0.0,1557.0,225.0,0.2,1791,87.58202768691542,4.68,1
0.0,0.0,0.0,292.0,1.0,1791,87.58202768691542,1.808,1
0.0,0.0,0.0,93.0,1.0,1791,87.58202768691542,2.258,1
0.0,0.0,0.0,299.0,1.0,1791,87.58202768691542,0.0,0
0.0,0.0,0.0,1000.0,1.0,1791,87.58202768691542,0.0,0
0.0,0.0,0.0,393.0,1.0,1791,87.58202768691542,0.0,0
0.883,0.0,234.0,265.0,0.2,1791,87.58202768691542,0.0,0
5.987,-0.933,1347.0,225.0,0.2,1791,87.58202768691542,4.058,1
0.719,0.719,210.0,292.0,0.5,1791,87.58202768691542,2.288,1
0.0,0.0,0.0,93.0,1.0,1791,87.58202768691542,2.258,1
0.0,0.0,0.0,299.0,1.0,1791,87.58202768691542,0.0,0
0.0,0.0,0.0,1000.0,1.0,1791,87.58202768691542,0.0,0
0.0,0.0,0.0,393.0,1.0,1791,87.58202768691542,0.0,0
0.883,0.0,234.0,265.0,0.2,1791,87.58202768691542,0.0,0
5.053,-0.934,1137.0,225.0,0.2,1791,87.58202768691542,3.124,1
1.438,0.719,420.0,292.0,0.2,1791,87.58202768691542,2.288,1
0.0,0.0,0.0,93.0,1.0,1791,87.58202768691542,4.516,1
0.0,0.0,0.0,299.0,1.0,1791,87.58202768691542,0.0,0
0.0,0.0,0.0,1000.0,1.0,1791,87.58202768691542,0.0,0
0.0,0.0,0.0,393.0,1.0,1791,87.58202768691542,0.0,0
0.442,-0.441,117.0,265.0,1.0,1791,87.58202768691542,0.0,0
4.64,-0.413,1044.0,225.0,0.2,1791,87.58202768691542,2.191,1
2.158,0.72,630.0,292.0,0.2,1791,87.58202768691542,2.288,1
0.0,0.0,0.0,93.0,1.0,1791,87.58202768691542,6.774,1
0.0,0.0,0.0,299.0,1.0,1791,87.58202768691542,0.0,0
0.0,0.0,0.0,1000.0,1.0,1791,87.58202768691542,0.0,0
0.0,0.0,0.0,393.0,1.0,1791,87.58202768691542,0.0,0
0.0,-0.442,0.0,265.0,1.0,1791,87.58202768691542,0.0,0
4.68,0.04,1053.0,225.0,0.2,1791,87.58202768691542,1.671,1
1.808,-0.35,528.0,292.0,0.2,1791,87.58202768691542,2.318,1
2.258,2.258,210.0,93.0,0.2,1791,87.58202768691542,5.677,1
0.0,0.0,0.0,299.0,1.0,1791,87.58202768691542,0.702,0
0.0,0.0,0.0,1000.0,1.0,1791,87.58202768691542,0.0,0
0.0,0.0,0.0,393.0,1.0,1791,87.58202768691542,0.0,0
0.0,0.0,0.0,265.0,1.0,1791,87.58202768691542,0.0,0
4.68,0.0,1053.0,225.0,0.2,1791,87.58202768691542,1.671,1
1.808,0.0,528.0,292.0,0.2,1791,87.58202768691542,2.318,1
2.258,0.0,210.0,93.0,0.2,1791,87.58202768691542,5.677,1
0.0,0.0,0.0,299.0,1.0,1791,87.58202768691542,0.702,0
0.0,0.0,0.0,1000.0,1.0,1791,87.58202768691542,0.0,0
0.0,0.0,0.0,393.0,1.0,1791,87.58202768691542,0.0,0
0.0,0.0,0.0,265.0,1.0,1791,87.58202768691542,0.0,0
4.058,-0.622,913.0,225.0,0.2,1791,87.58202768691542,1.671,1
2.288,0.48,668.0,292.0,0.2,1791,87.58202768691542,2.318,1
2.258,0.0,210.0,93.0,0.2,1791,87.58202768691542,5.677,1
0.0,0.0,0.0,299.0,1.0,1791,87.58202768691542,0.702,0
0.0,0.0,0.0,1000.0,1.0,1791,87.58202768691542,0.0,0
0.0,0.0,0.0,393.0,1.0,1791,87.58202768691542,0.0,0
0.0,0.0,0.0,265.0,1.0,1791,87.58202768691542,0.0,0
3.124,-0.934,703.0,225.0,0.2,1791,87.58202768691542,1.671,1
2.288,0.0,668.0,292.0,0.2,1791,87.58202768691542,2.318,1
4.516,2.258,420.0,93.0,0.2,1791,87.58202768691542,5.677,1
0.0,0.0,0.0,299.0,1.0,1791,87.58202768691542,0.702,0
0.0,0.0,0.0,1000.0,1.0,1791,87.58202768691542,0.0,0
0.0,0.0,0.0,393.0,1.0,1791,87.58202768691542,0.0,0
0.0,0.0,0.0,265.0,1.0,1791,87.58202768691542,0.0,0
2.191,-0.933,493.0,225.0,0.2,1791,87.58202768691542,1.671,1
2.288,0.0,668.0,292.0,0.2,1791,87.58202768691542,2.318,1
6.774,2.258,630.0,93.0,0.2,1791,87.58202768691542,5.677,1
0.0,0.0,0.0,299.0,1.0,1791,87.58202768691542,0.702,0
0.0,0.0,0.0,1000.0,1.0,1791,87.58202768691542,0.0,0
0.0,0.0,0.0,393.0,1.0,1791,87.58202768691542,0.0,0
0.0,0.0,0.0,265.0,1.0,1791,87.58202768691542,0.0,0
1.671,-0.52,376.0,225.0,0.2,1791,87.58202768691542,1.671,1
2.318,0.03,677.0,292.0,0.2,1791,87.58202768691542,2.318,1
5.677,-1.097,528.0,93.0,0.2,1791,87.58202768691542,5.677,1
0.702,0.702,210.0,299.0,0.5,1791,87.58202768691542,0.702,0
0.0,0.0,0.0,1000.0,1.0,1791,87.58202768691542,0.0,0
0.0,0.0,0.0,393.0,1.0,1791,87.58202768691542,0.0,0
0.0,0.0,0.0,265.0,1.0,1791,87.58202768691542,0.0,0
1.671,0.0,376.0,225.0,0.2,1791,87.58202768691542,1.671,1
2.318,0.0,677.0,292.0,0.2,1791,87.58202768691542,2.318,1
5.677,0.0,528.0,93.0,0.2,1791,87.58202768691542,5.677,1
0.702,0.0,210.0,299.0,0.5,1791,87.58202768691542,0.702,0
0.0,0.0,0.0,1000.0,1.0,1791,87.58202768691542,0.0,0
0.876,0.0,148.0,169.0,0.2,1837,29.68871210727267,4.379,1
0.655,0.0,148.0,226.0,0.8,1837,29.68871210727267,3.274,1
0.0,0.0,0.0,290.0,1.0,1837,29.68871210727267,0.51,0
0.0,0.0,0.0,285.0,1.0,1837,29.68871210727267,0.519,0
0.0,0.0,0.0,197.0,1.0,1837,29.68871210727267,0.0,0
0.0,0.0,0.0,201.0,1.0,1837,29.68871210727267,0.0,0
0.0,0.0,0.0,1000.0,1.0,1837,29.68871210727267,0.0,0
1.751,0.875,296.0,169.0,0.2,1837,29.68871210727267,3.686,1
1.31,0.655,296.0,226.0,0.2,1837,29.68871210727267,3.407,1
0.0,0.0,0.0,290.0,1.0,1837,29.68871210727267,1.021,1
0.0,0.0,0.0,285.0,1.0,1837,29.68871210727267,0.519,0
0.0,0.0,0.0,197.0,1.0,1837,29.68871210727267,0.0,0
0.0,0.0,0.0,201.0,1.0,1837,29.68871210727267,0.0,0
0.0,0.0,0.0,1000.0,1.0,1837,29.68871210727267,0.0,0
2.627,0.876,444.0,169.0,0.2,1837,29.68871210727267,2.811,1
1.965,0.655,444.0,226.0,0.2,1837,29.68871210727267,2.752,1
0.0,0.0,0.0,290.0,1.0,1837,29.68871210727267,1.531,1
0.0,0.0,0.0,285.0,1.0,1837,29.68871210727267,0.519,0
0.0,0.0,0.0,197.0,1.0,1837,29.68871210727267,0.751,0
0.0,0.0,0.0,201.0,1.0,1837,29.68871210727267,0.0,0
0.0,0.0,0.0,1000.0,1.0,1837,29.68871210727267,0.0,0
3.503,0.876,592.0,169.0,0.2,1837,29.68871210727267,1.935,1
1.965,0.0,444.0,226.0,0.2,1837,29.68871210727267,2.097,1
0.51,0.51,148.0,290.0,0.8,1837,29.68871210727267,2.552,1
0.0,0.0,0.0,285.0,1.0,1837,29.68871210727267,0.519,0
0.0,0.0,0.0,197.0,1.0,1837,29.68871210727267,0.751,0
0.0,0.0,0.0,201.0,1.0,1837,29.68871210727267,0.0,0
0.0,0.0,0.0,1000.0,1.0,1837,29.68871210727267,0.0,0
4.379,0.876,740.0,169.0,0.2,1837,29.68871210727267,1.059,1
2.619,0.654,592.0,226.0,0.2,1837,29.68871210727267,1.442,1
0.51,0.0,148.0,290.0,0.8,1837,29.68871210727267,3.572,1
0.0,0.0,0.0,285.0,1.0,1837,29.68871210727267,0.0,0
0.0,0.0,0.0,197.0,1.0,1837,29.68871210727267,0.751,0
0.0,0.0,0.0,201.0,1.0,1837,29.68871210727267,0.736,0
0.0,0.0,0.0,1000.0,1.0,1837,29.68871210727267,0.0,0
4.379,0.0,740.0,169.0,0.2,1837,29.68871210727267,0.183,0
3.274,0.655,740.0,226.0,0.2,1837,29.68871210727267,0.788,0
0.51,0.0,148.0,290.0,0.8,1837,29.68871210727267,4.593,1
0.519,0.519,148.0,285.0,0.8,1837,29.68871210727267,0.0,0
0.0,0.0,0.0,197.0,1.0,1837,29.68871210727267,0.751,0
0.0,0.0,0.0,201.0,1.0,1837,29.68871210727267,0.736,0
0.0,0.0,0.0,1000.0,1.0,1837,29.68871210727267,0.0,0
3.686,-0.693,623.0,169.0,0.2,1837,29.68871210727267,0.0,0
3.407,0.133,770.0,226.0,0.2,1837,29.68871210727267,0.0,0
1.021,0.511,296.0,290.0,0.2,1837,29.68871210727267,4.803,1
0.519,0.0,148.0,285.0,0.8,1837,29.68871210727267,0.519,0
0.0,0.0,0.0,197.0,1.0,1837,29.68871210727267,0.0,0
0.0,0.0,0.0,201.0,1.0,1837,29.68871210727267,1.473,1
0.0,0.0,0.0,1000.0,1.0,1837,29.68871210727267,0.0,0
2.811,-0.875,475.0,169.0,0.2,1837,29.68871210727267,0.0,0
2.752,-0.655,622.0,226.0,0.2,1837,29.68871210727267,0.0,0
1.531,0.51,444.0,290.0,0.2,1837,29.68871210727267,3.783,1
0.519,0.0,148.0,285.0,0.8,1837,29.68871210727267,1.558,1
0.751,0.751,148.0,197.0,0.5,1837,29.68871210727267,0.0,0
0.0,0.0,0.0,201.0,1.0,1837,29.68871210727267,0.736,0
0.0,0.0,0.0,1000.0,1.0,1837,29.68871210727267,0.148,0
1.935,-0.876,327.0,169.0,0.2,1837,29.68871210727267,0.0,0
2.097,-0.655,474.0,226.0,0.2,1837,29.68871210727267,0.0,0
2.552,1.021,740.0,290.0,0.2,1837,29.68871210727267,2.762,1
0.519,0.0,148.0,285.0,0.8,1837,29.68871210727267,2.077,1
0.751,0.0,148.0,197.0,0.5,1837,29.68871210727267,0.751,0
0.0,0.0,0.0,201.0,1.0,1837,29.68871210727267,0.736,0
0.0,0.0,0.0,1000.0,1.0,1837,29.68871210727267,0.0,0
1.059,-0.876,179.0,169.0,0.2,1837,29.68871210727267,0.0,0
1.442,-0.655,326.0,226.0,0.2,1837,29.68871210727267,0.0,0
3.572,1.02,1036.0,290.0,0.2,1837,29.68871210727267,1.741,1
0.0,-0.519,0.0,285.0,1.0,1837,29.68871210727267,3.116,1
0.751,0.0,148.0,197.0,0.5,1837,29.68871210727267,0.751,0
0.736,0.736,148.0,201.0,0.5,1837,29.68871210727267,0.0,0
0.0,0.0,0.0,1000.0,1.0,1837,29.68871210727267,0.148,0
0.183,-0.876,31.0,169.0,1.0,1837,29.68871210727267,0.0,0
0.788,-0.654,178.0,226.0,0.5,1837,29.68871210727267,0.0,0
4.593,1.021,1332.0,290.0,0.2,1837,29.68871210727267,0.721,0
0.0,0.0,0.0,285.0,1.0,1837,29.68871210727267,4.154,1
0.751,0.0,148.0,197.0,0.5,1837,29.68871210727267,0.0,0
0.736,0.0,148.0,201.0,0.5,1837,29.68871210727267,0.736,0
0.0,0.0,0.0,1000.0,1.0,1837,29.68871210727267,0.0,0
0.0,-0.183,0.0,169.0,1.0,1837,29.68871210727267,0.0,0
0.0,-0.788,0.0,226.0,1.0,1837,29.68871210727267,0.0,0
4.803,0.21,1393.0,290.0,0.2,1837,29.68871210727267,0.0,0
0.519,0.519,148.0,285.0,0.8,1837,29.68871210727267,4.888,1
0.0,-0.751,0.0,197.0,1.0,1837,29.68871210727267,0.0,0
1.473,0.737,296.0,201.0,0.2,1837,29.68871210727267,0.736,0
0.0,0.0,0.0,1000.0,1.0,1837,29.68871210727267,0.0,0
0.0,0.0,0.0,169.0,1.0,1837,29.68871210727267,0.0,0
0.0,0.0,0.0,226.0,1.0,1837,29.68871210727267,0.0,0
3.783,-1.02,1097.0,290.0,0.2,1837,29.68871210727267,0.0,0
1.558,1.039,444.0,285.0,0.2,1837,29.68871210727267,3.849,1
0.0,0.0,0.0,197.0,1.0,1837,29.68871210727267,1.503,1
0.736,-0.737,148.0,201.0,0.5,1837,29.68871210727267,0.736,0
0.148,0.148,148.0,1000.0,1.0,1837,29.68871210727267,0.0,0
0.0,0.0,0.0,169.0,1.0,1837,29.68871210727267,0.0,0
0.0,0.0,0.0,226.0,1.0,1837,29.68871210727267,0.0,0
2.762,-1.021,801.0,290.0,0.2,1837,29.68871210727267,0.0,0
2.077,0.519,592.0,285.0,0.2,1837,29.68871210727267,2.811,1
0.751,0.751,148.0,197.0,0.5,1837,29.68871210727267,3.005,1
0.736,0.0,148.0,201.0,0.5,1837,29.68871210727267,0.0,0
0.0,-0.148,0.0,1000.0,1.0,1837,29.68871210727267,0.148,0
0.0,0.0,0.0,169.0,1.0,1837,29.68871210727267,0.0,0
0.0,0.0,0.0,226.0,1.0,1837,29.68871210727267,0.0,0
1.741,-1.021,505.0,290.0,0.2,1837,29.68871210727267,0.0,0
3.116,1.039,888.0,285.0,0.2,1837,29.68871210727267,1.772,1
0.751,0.0,148.0,197.0,0.5,1837,29.68871210727267,4.508,1
0.0,-0.736,0.0,201.0,1.0,1837,29.68871210727267,0.0,0
0.148,0.148,148.0,1000.0,1.0,1837,29.68871210727267,0.0,0
0.0,0.0,0.0,169.0,1.0,1837,29.68871210727267,0.0,0
0.0,0.0,0.0,226.0,1.0,1837,29.68871210727267,0.0,0
0.721,-1.02,209.0,290.0,0.5,1837,29.68871210727267,0.0,0
4.154,1.038,1184.0,285.0,0.2,1837,29.68871210727267,1.772,1
0.0,-0.751,0.0,197.0,1.0,1837,29.68871210727267,4.508,1
0.736,0.736,148.0,201.0,0.5,1837,29.68871210727267,0.0,0
0.0,-0.148,0.0,1000.0,1.0,1837,29.68871210727267,0.0,0
0.0,0.0,0.0,169.0,1.0,1837,29.68871210727267,0.0,0
0.0,0.0,0.0,226.0,1.0,1837,29.68871210727267,0.0,0
0.0,-0.721,0.0,290.0,1.0,1837,29.68871210727267,0.0,0
4.888,0.734,1393.0,285.0,0.2,1837,29.68871210727267,1.772,1
0.0,0.0,0.0,197.0,1.0,1837,29.68871210727267,4.508,1
0.736,0.0,148.0,201.0,0.5,1837,29.68871210727267,0.0,0
0.0,0.0,0.0,1000.0,1.0,1837,29.68871210727267,0.0,0
0.0,0.0,0.0,169.0,1.0,1837,29.68871210727267,0.0,0
0.0,0.0,0.0,226.0,1.0,1837,29.68871210727267,0.0,0
0.0,0.0,0.0,290.0,1.0,1837,29.68871210727267,0.0,0
3.849,-1.039,1097.0,285.0,0.2,1837,29.68871210727267,1.772,1
1.503,1.503,296.0,197.0,0.2,1837,29.68871210727267,4.508,1
0.736,0.0,148.0,201.0,0.5,1837,29.68871210727267,0.0,0
0.0,0.0,0.0,1000.0,1.0,1837,29.68871210727267,0.0,0
0.0,0.0,0.0,169.0,1.0,1837,29.68871210727267,0.0,0
0.0,0.0,0.0,226.0,1.0,1837,29.68871210727267,0.0,0
0.0,0.0,0.0,290.0,1.0,1837,29.68871210727267,0.0,0
2.811,-1.038,801.0,285.0,0.2,1837,29.68871210727267,1.772,1
3.005,1.502,592.0,197.0,0.2,1837,29.68871210727267,4.508,1
0.0,-0.736,0.0,201.0,1.0,1837,29.68871210727267,0.0,0
0.148,0.148,148.0,1000.0,1.0,1837,29.68871210727267,0.0,0
0.0,0.0,0.0,169.0,1.0,1837,29.68871210727267,0.0,0
0.0,0.0,0.0,226.0,1.0,1837,29.68871210727267,0.0,0
0.0,0.0,0.0,290.0,1.0,1837,29.68871210727267,0.0,0
1.772,-1.039,505.0,285.0,0.2,1837,29.68871210727267,1.772,1
4.508,1.503,888.0,197.0,0.2,1837,29.68871210727267,4.508,1
0.0,0.0,0.0,201.0,1.0,1837,29.68871210727267,0.0,0
0.0,-0.148,0.0,1000.0,1.0,1837,29.68871210727267,0.0,0
